review_id,user_id,business_id,review_count_user,text,average_stars_user,yelping_days,useful,funny,cool,fans,Cluster
CmRqLNRsGuMLKV9xZsEcrg,vIw8QImqJht5GnmmneqhKA,OEkvfdJAl_-nt8cfH9qbbg,8,I needed an honest mechanic with good communication to take a look at a used car in the Trenton area that I was hoping to buy. Ike was very helpful over the phone and the followup after the inspection was prompt and informative. I wish I lived close enough to use them for all my auto maintenance!!,4.25,4513,1,0,0,0,1
TwmyPBjNu6CEDnYpO9M8gA,wjF3QcTR0RKooLxYqB_m6g,J0QQMuZkr7ee5ih1H19QsA,91,It's Arby's and it's finally open!  They've only been open a few hours so couldn't miss my chance to be the first to review and put them on the map!  The 2 for $6 French dip and swiss met all tasty expectations!  Modern interior and a great location that needed more options and super easy to get to from I-10.,4.39,5001,94,9,34,3,1
kEKFqbxgFoPCmESbGKwlig,sjV4NqZx5d0NqY1y7p6fEw,O61KbeD6tSllqezTeX1ufg,3332,"The Westshore Grand, A Tribute Portfolio Hotel on Kennedy Boulevard in Tampa is a great hotel that has much to offer and is in the middle of everything. I really like the rooftop pool and the views from the rooms. The staff here is very friendly and accommodating to make sure that you have everything that you need for the best stay",4.99,4988,718,327,432,23,0
ZUrvrBVw-69NIIp-fNj0_w,xoUqv7XnsAEB-aYmWIF1Ng,7VgOHNhhXYVd-k2oOVmVlg,5,"The worst pedi ever! 
Worst mani ever 
I needed trimming after I left 
She was awful, didn't even try to do a good job",2.0,3369,6,5,0,1,1
cbTtgQkEsHl-oAugV7r-tA,2inTYQaFvHYiUJS4IYB8GA,0I-xCVoFt6DpsHYaOS97BQ,2,Food was outstanding and the employees are so respectful. Pizza and Burgers are absolutely incredible and I could not recommend them any more to anyone in the area. They have an amazing selection of food in the deli and in general provide an amazing experience.,5.0,2308,0,0,0,0,0
EaEHLms7kNqmqv3RS1rPGQ,Z2QyDJZMp8GdUGPvQzbXvw,vjTfv76EveFet9m56GEH9w,8,"Oil Change- Done Expeditiously 
Maintenance of the guest area is/was extremely horrible. Empty cups laying around it looked as though the floor hadn't been mopped in months the coffee pot was stained with OLD coffee. The restroom was so disgusting to the point the smell of it was making me sick...",3.0,2421,4,1,1,0,0
ISq0nIv-iSWDPU_0MbXyKA,_DcDk34btRQkIEzvUVjoSg,FDx_EgHcBvIRGH4UlyuNCA,12,We enjoyed our frozen yogurt here.  I have sugar restrictions and the serve went to the trouble looking up the grams for me.  The kids gobbled up theirs.,3.92,2490,1,0,0,0,1
v5PRUfWAWdau8vc3soOQsg,tewjjyv1a5ZFuJULqHZbdQ,MAlsr0w9jmBAyiDI05901A,1,"I just wanted to take the time to thank the staff at Montebello at Summit Ridge. We lived in our apartment here for a year and a half and loved it. The grounds were maintained well and the staff was always so helpful and friendly. It was quiet and peaceful. This place is awesome, so thank you again! ~ Carrie Kidder",5.0,2927,0,0,0,0,0
HL30Y_hh2v3VS_MFEyOhHg,RCSQ8s_9PgDqSw57-EnvAA,PPyawYLWYksePybbGmlpMw,1,"A little on the dirty side, food was good but messed up my stomach mins later. Probably never go there again.",2.0,4018,0,0,0,0,1
nX0PE3lvCaqFgvDLwkv5Tw,oO3H4RKXL1OCAYNwv9VFbQ,iPuUDOwZKlGewjaDVo9kOg,2,"horrible experience, the girl working had a really bad attitude and coffee is way too overpriced",1.0,1262,0,0,0,0,0
fx3lFiDC4Nve6D4_OauwsA,xm6qiQMK6kZdYXA4CgFd2A,bbEXAEFr4RYHLlZ-HFssTA,15,Went to UCSB for graduate school. This place has the best food EVER. We ate here weekly! What a diamond in the rough! Everything here melts in your mouth. Now that I've moved I wish they would put one where I live! I can still taste those chicken sandwiches!,4.71,4966,1,0,0,0,0
cm5LY5dRrCotmh5lCjIvEQ,ONDeCBk6FWXcr7iohegn-w,07NBn37_9HB63c-JdIbR8w,4,My family member has been living   here  almost two years they are raising their  rent again. They never  fix anything you  need  fixed they just  don't care. They  want you to pay almost 500 a month for a small studio the prices now are to high. The new management are something else  very rude not helpful or nice in any way,2.5,3740,7,0,1,0,1
sSI77cKqw5cpQA7lL7Zyfg,js9cZCIkpqjhqD7mt75eJw,zSMJRrEwWPq9y7QkaA7R5Q,26,"The service here really needs work. I've been three times through the drive thru and before I even pull up they say ""Welcome to Wendys, Whats up""...... really whats up? be a little more professional. 

Food is average wendys food, you cant really screw it up... unless you forget the cheese on my meal...which has happened",3.88,3730,9,1,3,0,1
x8jX1ffVg5VNrFQFsRnDTA,TTo6livIZbQdsJ6NkiVwdA,ZyNVYgJ-SB5TLva5HydmGA,8,"Pretty decent menu, with a few non-traditional items. Never has  been a disappointed",4.25,5853,14,3,5,3,1
KkjbU5ECWMnMWeLA3RNMnw,Xlb-Hxrvkfyadnkmk5hrgw,c40dCuHgq10g5GhiKXqvoA,467,The unlimited wash is a great deal!  My car is always clean thanks to Mike's Express!,4.14,6548,840,246,427,23,1
ifZbECT6LUFxCYV2Bpi2Rg,dwQrajhbN2U16Z9Ld60ctQ,cCi63HyU5XtjCaCVw0qJCw,82,Horrible food but good beer lots of improvement needed. Don't waste your money on the food .,3.13,3785,36,17,9,1,1
Ywty7Nw8ihbDAP21ebMbWg,ZIOiAYC02DHbcaTA_uFTnw,NHz8uMabvQ2nXk6CddCK4w,8,I've never had burnt food here I always get great service and they never seem too busy love this micky d's,5.0,3923,5,0,0,0,0
CCQ8-qwpsA5mzKFTGj1-YA,HyDVeS_l_GX5djQfIfyaCw,8Nbo-W77QpuVmWJDs69q0Q,41,"Lions Choice is back in Illinois!  And my first visit today (at the old Tim Hortons location) was worthy!  Awesome, tender roast beef, wonderful fries, and a dipped cone. What could be better!?   Welcome back ... feel the ROAR!  Oh ... and it's got the coolest dining room AND IT SERVES BREAKFAST!!!",4.33,5070,12,3,6,0,1
geSqxHCwtKlsTjVGUMrPzw,piyD1gLgfsGDub4LuBLT4g,Ew-P8kbXjSv1GQ3rKFe6bw,3,Amazing salon with amazing stylist!!  Caitlyn has worked so hard to make her dream a reality!! They also carry amazing products!!,5.0,3470,2,0,0,0,0
crgAsnccUGYtmguLriQreQ,MRXOCOiEZ1lkeTpcEsC7IA,mfTE6x39X0vjNhy8mBwp0A,1,I am addicted to coffee. This dunkin donuts has the best coffee by far. Every employee is attentive and friendly. Nothing but nice things to say over here,5.0,3273,0,0,0,1,0
Zaje4UjxGvi3E78c9laXOw,tqn3OZcPk2HjCvpUxaleEA,q0DCUpWf7Q4KI7_s7MUTqA,12,"Absolutely horrendous. If I could give 0 stars, I would. 
1. Didn't receive the correct order. 
2. Didn't receive my drink. When I asked for it, the employee gave me an attitude, took 5 minutes to give it to me & gave it to me without ice & even more attitude. 
3. No napkins 
4. No straws 
5. No receipt

Won't be returning.",4.38,3842,2,0,0,0,0
dBi396e7_k4gOeGRyD2R1A,yDHo3u0sUX4dGkIWAjdNeg,fFj8iQ8eVZui5kcPzPVIJw,31,This store is awesome! Great staff! Managers are very nice and professional and know how customer service works. There had been a few bad apples working there but for the most part this store is great! The coffee has a way better taste than the competitor and the donuts are amazing! The rewards program is better than Starbucks too.,3.03,4440,68,9,1,0,0
Krlm_aVrGGpQ_UqXj1algA,0yDJnbmZOR-3OkpG1rTmDQ,J_9TG5GWHLCFGkoS0a9Wmw,84,Price has gone up to 24 dollars oil changes. More pressure to fix things that are not broken.,3.0,4614,58,34,5,1,1
lPIM6zoUJc6PY2QQ4yvxDA,PTX3ps_kEII6VnHPXz2qAg,ApMAC2k1QMoqdsQXQPUGIg,412,"Ok, so as far as getting the basics done for your standard dry cleaning (dress pants, dresses, shirts) this place rocks! Can't beat the price, and your items get in & out pretty quickly. Drop by 9am, pick up after 5. Plus, they're open from 7a to 7p, Monday- Saturday.",4.14,5060,1273,352,693,102,1
TBtvWeMYqisouUSoE5-wRA,zTWAP1aQ9o8_N6U44FJ5dQ,YBq6blbEs3Vc43x-G0mC8w,6,"Great food, great service and family friendly!  The back patio is one of the best outdoor dining places in the area.  I highly recommend for any occasion.",2.14,4447,11,4,3,0,0
jMUjEVjkQZZ_LZIhiswehA,Gvj_JNxs5kfi2GbcrHZK2A,WrgdQF8kzvONbZctSPlF4A,2,"You can cheat westerners, but by no means it is good japanese food! Really lack 'skill-man-ship'(匠人心).",1.0,3607,0,1,0,0,0
fU-toKcL3m5UJ56DpZDDgQ,SvCsbNKtNsOpchrF93qxBg,h-RYW4x0k3ItLd76bJIyGw,1,The worst gym in Tampa by far. The staff is extremely unpleasant. Do yourself a favor and look elsewhere.,1.0,3859,4,0,1,0,0
f9oz5v080RUHe31Tw5raIA,3pLsh0WN-U4Se09VXdWjYQ,HviAzkMvhZbyT8dUH9BkLQ,1,"Best sushi!! My favorite is the French kiss, the lemon really brings together the roll.",5.0,1332,0,0,0,0,0
y_VZdfZ5xAEM6qUHfhc8Cg,Ua7NBy4hCn9xWYlTXq44_Q,rKGZ52AboX7F9tdrugm4Cw,10,kind of pricey for what you get.  It was alright but nothing to write home about.,4.2,5368,7,1,1,0,1
ZpjCRt5lFM3Xeep2jXXWkg,3InUIYlepCokdqGPG4kJbQ,KQ3nXee8hW4GCUEhr0EeOQ,3,I ordered at the drive through and the service was good & I asked to use the rest room. She warmly said yes that's fine. When I entered I was startled by a rude male employee walking towards me yelling that they're dinning area was closed. I felt like I committed a crime & not that I supported the establishment.,1.67,3360,0,0,0,0,1
JyxVQLrukNNNxgguPuy2Jw,bUxygdAfQzu_j56PTgo_ig,5SnaNLKnPrD8caGsZbKcRg,17,Hmm...Well...it is what it is.  Seems a little dirty and all. I go for the selection of Asian beer mostly. What is it about that smell?,3.67,2802,4,2,0,0,1
PzuiHP1TMvBP57rzFvGJQQ,yx2WqokV-srg1VxvPJ109g,NDatdofFQMlg7T9p8kCZxQ,370,"It's a Subway, so why am I giving four stars? Well, they managed to get through a line four deep, where multiple people ordered multiple sandwiches, in a timely fashion while remaining friendly and helpful. Plus, the place was busy but still clean. This place seems to run well and I very much respect that. Good job, guys!",4.11,4764,559,93,305,21,1
DDtXFjvFXls5FTZsja8twA,2vA_1OvyppO0t3JI51CuZA,bGNABYuFGUmf4TSlw2BDLw,64,"This place is awful. They totally ripped my wife off. The claimed they diagnosed her vehicle, but then said they couldn't figure out what was going on. Still charged her. For doing nothing. And then tried to get her so spend an additional $800 for 'shocks etc'.

Avoid at all costs.",3.12,5781,104,72,24,2,1
_ccShYDhYl_c5r3Q8mPzQA,nnY8qFCrSnfIFs3IWPZB1A,4dbq6fRpsbsA1F7iAeAF6w,11,"Overpriced, Rude! Don't go if your car isn't washed often... the manager is a bully.",3.58,5066,12,0,4,1,1
6MXyT8iMKwHlx1xpJyoZtw,-P2xpCe4rIutH580W-zGmg,Bda92vtAuK-FcXAw_D0Pxw,2,This place has the best selection of sushi. The staff is friendly and very helpful in gettong the right items for you.,5.0,2838,0,0,0,0,0
2T5IThDHpa840M8Q-pEWOg,qNoS0duaocT9nF00MS320A,cE_gYW3CHEducTkEyxTDdA,1,SAMANTHA WAS AN AWESOME SERVER !!!! Great service and great food! Really good suggestions made by the server,5.0,2975,0,0,0,0,0
eVnjTKTbhbjKjkeGR5EqMA,vi6XhIthVQzv2_zB4E3QYw,b2Za53CjptGyf9K0fFnrAg,24,"I LOVE PETRINIS! Their seafood pasta is to die for. That's my first pick on the menu and am slowly trying other dishes. I have yet to be disappointed, everything is straight fire. Pork chops, bruschetta risotto, garlic bread, seafood pasta... can't go wrong. Happy to have been introduced to this restaurant.",4.71,4035,9,1,3,1,1
-dqxi-xEB_n0pRAxiideDw,Kd0qTnsaoze3wV_o42o7UA,YWDbZ8lPZDwZfSjcgJifeQ,1,"My friend and I were here for the weekend. Right out of the gate Champ helped us when it came to getting out begs to our room and was super nice. We stayed here last year but Champ made things a little easier and a lot better. Due to the fact he was easy to talk, great personally and out going.",5.0,5347,0,0,0,0,0
8K7FxYTo-pHGdzHxOKVVaA,mbDmR-HBmn310hfijtVHVA,6xrDP4-S2mky3wOprv686A,490,It's better to wait for your flight here than at the gate.,3.57,4710,1284,466,759,26,1
auDDPrK5BO2_j_P1ck5vyA,w3xA1Hnj5WhGQYljV2iYlg,m_widM83xiIlmZMzRXNZ1g,6,"Worst apartment complex ever. The front office staff has no idea what they are doing. The place has emptied out over the last couple months and we are counting down the days to get out of here. Staff cannot answer questions, and they are not friendly. zero customer service skills. Save yourself the headache.",3.67,4600,3,1,1,2,1
zYwvBeYk-9L9hOSschR93w,f_U2t59oZ5I-qBm9jCpgfQ,T6HVr4su70-JEo0XDDV9dQ,1,"Slow incompetent staff, I almost had to plan my funeral waiting so long. If I could give this store a 0 I would.",1.0,1377,0,0,0,0,1
w6U2ZTVBJnnGrhZwSFX_1Q,08lIcvMvD6Ba5JRm7PRqFA,L5GAWGH1w3HN45MMnaTBjw,9,"I don't think you can go wrong here. It is an extraordinary dining experience, with culinary surprises around every corner and impeccable service on top of it. 

Dessert and drinks don't disappoint, either. Fabulous Pimm's Cup - crisp & refreshing. 

I'll be back and tell everyone I know how excellent this place is.",4.6,5545,0,0,1,0,0
clzc_gzNTisa4Fn_Ax6yDw,tL6ghLxdyafbxIUk6-FCeA,MsoxOjlWxsBlGYE8tPdZeg,2,Awesome service. John and andy are great! Very fast and friendly. I do recommend setting up an appointment in advance,5.0,3049,0,0,0,0,1
VERYOjz6mXIYzeYeKL2rtg,4mRgMVlkIt2ZAscBIrY_nw,2-5VDzx9G7KlF8-nUngphg,1,The best food in town and the best service. I love the hot shrimp and the chuy's special is very good,5.0,4588,0,0,0,0,0
inCvqfVbNRr8VGERw9olsw,7ia_tLAcW6VfbuQiSkp1Rg,3C9axdWUXO3ePGsXEvb6SA,3,I have an appointment there Wednesday afternoon and it was wonderful. The doctor was very nice and actually talked to me about my eyes. When I was having a difficult choice picking out glasses the lady helped me out. They are all so nice there and make you feel welcomed. If you live in the area I would get your eye care here.,4.67,4699,1,0,1,0,0
AHr1JBl8fuQH2BSsXZOyKQ,TL-wgAhbdROaC4b-DA8-7Q,n5i09tgSuzv9ZeIN9Qe5oQ,17,"Fantastic atmosphere, cuisine, and service!!  I highly recommend this restaurant if you are looking for an experience.",4.82,4588,11,4,6,1,1
bHKHHj5FpICugwvI-S4Crg,dLZQ5qnj_nLRsLVHIA1TDA,xpJJMI7esx-HJaeWGOYSqQ,15,"I really like Holly - she does a good job and gives me honest feedback about my hair ideas  without being pushy or rude, which I personally appreciate. She also does a good job of balancing being professional and being fun to talk to. I've never had a bad experience here, it's the first salon in NOLA that I've really ""stuck"" to.",3.21,4420,1,0,0,0,1
g_fW7SDEhwz-aQDLz_S5pw,PvIRfPGrEZU3sCZRdutSvg,FVxo6PKyPgy5C9iOY_s9eQ,2,"Perfect Cuts offers great service and prices to accommodate a budget, without sacrificing a high style ethic. 
The receptionist is pleasant and helpful. (She even offered me the use of her iPad to find the haircut I wanted)
May is exceptionally talented and so nice.",5.0,4395,1,0,1,0,1
6IUysZjuniK8ByLjwZai-g,mm6E4FbCMwJmb7kPDZ5v2Q,SaLWfZgtvgwvqI9dHhHW5g,326,"if you like cheap pizza. this is for you. You don't feel good after you eat it.
NOT a quality pie. 
(you are what you eat.)",3.96,4891,288,93,115,5,1
I4ldYg7b8pJ5Xr7YNBLPng,5ZlE_B9eXnjFPfiJg7WkDw,hmzx6ymJcM_kErCHCGhxxg,3,I like burger king but this place  need professionals manager they make the baddestsssss burger o god help us this place going good in the future,2.0,3480,0,1,0,0,1
86fB4epwX8LjaBB2kbIO5Q,PpVBswcnxuuKuTf2NciDvg,yM8LlTInbQH4FwWC97lz6w,2,I believe the staff is stealing money. I was told cash only.  When asked why the cashier said because it was after 8pm. I've been eating McDonald's all my life and never heard of any rules like that. I was left with no choice but to leave bc I only had debit.,1.0,2175,2,0,0,0,0
nBpqyUobeJbRdt7RyVSxUA,WsYe8HL_bRl_adF8y2GFUg,PAWL8ArUL-I6F-iLtEp1eQ,4,"Pizza and garlic knots are very good, but as much as the family running the place is nice, they really need to work on their other menu offerings. Had the lasagne and hubby the spaghetti and meatballs with a salad. They were bland and it was the thinnest, most lackluster lasagna I've ever had.",4.5,3491,6,0,0,0,1
0trqtSv6GYq6_dsixSrxRA,L8hLjEg0uKQevma372IWZw,BofOfGYcGHx53P-m1VrC0w,39,"Great frozen yogurt! Only outdoor seating. Little parking, driving thru.",3.78,5380,8,2,5,0,1
Yr-Qr_AW5Ey16X7lpn4r1w,UviyugVT4b_K9Z-OAeueHA,e-4XTNeu31kowN1HRbJ_Gw,1,"I came here with my fiancee a few weeks ago. We ordered the sushi for two, and it was the best that either of us have ever had. I definitely recommend it.",5.0,3933,0,0,0,0,0
EgCuHwVTJCjYTfOqg1GVtw,K4LvU_xlGM-TkdxVS8D5Dg,K5glQlcc6BqWy_Cjf2FpHg,8,"Love this place! Wonderfully relaxing atmosphere with a free glass of wine, BYOB and excellent staff!",2.5,3786,5,6,4,2,0
IhWq602jJGzu_FXr_QwqGg,swneh3dNCEP3Zfv2MNqVQA,mttJz2gl8hrttb2Ej4h6hg,6,I am from NYC. And believe me this is as good as any place on the upper east side in NYC. Big fat egg rolls fried to perfection. Fried dumplings awesome. Delicious moo shoo pork!! And house special fried rice prepared to perfection. Do not listen to any other review. The only place better is Chinatown.,3.67,4893,5,0,0,0,0
gyH-m3RuXGEzAFCuzDczpA,7aecJhTzpwBVZGJB1h3pVg,AkNuIbco7mdsuOWLPyZXCg,1,The food is always so good and the customer service is exceptional! I always get in and out super fast!,5.0,3525,0,0,0,0,0
Typ8irfjfUQxfL0GA70SVg,MR2FdLd7zQiea6FawXFbCw,Q7g4-82HBQVlC9u1xqKrCQ,6,"Teresa is not only an expert stylist, she makes your time there fun!",5.0,5140,11,0,3,0,1
k9IDJnbzgqV5NLgQzshwYA,dSBLFg_u6Ug0_LpGTHyCGQ,TCHh4RIrvp7h2BucXt1kvA,2,"Delicious pizzas, especially loved the Kennett Square. They also have lots of options to make your own pie. Great service too!",4.5,3529,1,0,0,0,1
ULl5fH-kn-TQiOQClk3V9Q,1XsABOVNhBpebwYc9vIexw,ojRanVZlwLDmxuvDJ1CGYA,8,This shop has a cool vibe with exceptional barbers. Miguel got mad skillz. If you in the area check out KleenKut Barbershop.,3.88,4098,10,0,0,0,1
cbFyeixwoFQbbap6-n0uBg,PJOiYeuKGfRCc1XQKZOyzg,7h-gAKxe_KqA5EDGCT4C2A,6,Not a great experience.  Our room was extremely hot and the bathroom was very outdated.  We used points for our stay and would not stay there again.,3.67,3850,0,0,1,0,1
8D1DXaBvhKJhgKDr1A_VJQ,Q4_GklBdHkKaFnRulFxmLw,5SnaNLKnPrD8caGsZbKcRg,102,"The smell was too overwhelming and the organization of the store made it very confusing to find certain items. It has a selection of items but I think Kimpo has a better assortment, and they're about the same size. I don't think I'd be returning to this store; I would recommend driving to Kimpo or Lee Lees.",4.06,3545,159,27,72,11,1
OGV8GaN_YOwPURwpr2H2WA,sOtAQG61kjeLk_jVOBHsaA,EH91a4X5ZM5Dw3_T9CHZ4g,9,This is the place to go. These guys are trustworthy and know whats going on.,1.89,2702,7,3,1,0,0
vSSXmCVnT__KWq3hh10CAw,gIFLlFCjhQz3BUBZC_F0Cg,f7bXl1Vv60bkuNG4ZtyF2w,9,"bbbm pl m mm m m m mlmmmml ml mom lmlmlml ml m Lola "".oihghuhhhiiihuhuyuyua. L        M popular within",3.33,5173,7,1,2,0,0
vAxgJWIYwk9xVdn8NvZzDQ,pZSwYwBufpPtsz058NUNAA,JSl_6Ck_0FBHso2E4s0UzA,1,I just moved to Jersey and I need a place to trim my beard. This will be my go to place. The girl did an amazing job.,4.0,3005,1,0,1,0,1
2w9ZVFAAoxcfaoZvdCT4UQ,HC0Jj56BE5EMuEzLflAZeg,8NSzJSdgt1IMkTdA2Cf65g,28,"Really stylish, comfortable, clean hotel at New Orleans, French Quarter. Located close to everything. Highly recommend.",3.57,5051,87,20,19,7,1
F6eUomLhwDQ01YKpSBxwbQ,GDPvYs7o8LRh7LMH3wM9mw,c2CvYlRRcA17h-UVyBFd8w,1,"This is the thrid time I have made a review and some how they are
removed.  Im sure this isn't the owner removing it. So if people can
 remove reviews, is this (real People.Real Reviews) I think I will use
the A list for now. And get the real deal. Don't take my word for it look
up Red's. on A-list See who are the Pro's",5.0,5450,0,0,0,0,0
fZSmNOCG6kGFma_DLlSKHw,LL3JkXoifKu6c7c_wwTVcA,nkkvK6eJEEfkjz5iY5R8Sw,31,"Went on looking for New Year's champagne.  We were assisted very capably when the selection we wanted was not on the shelf. The manager went back into the store room and found the remaining case and brought it out for us.  We also saved $30, which was an added bonus",4.35,4126,23,15,30,0,1
Cf66gebax_1KcNp9fNFTcw,WHcmXkGCp2xGOs-mLDjG7g,ipaHtb0jzsnzuxkjQxvxgQ,3,"Ordered a small plain pizza from the slice app for a decent price. First bite, was like eating mozzarella stick. The pizza was loaded with too much cheese",1.67,4458,3,1,0,0,0
66tRZyv6mw8oKWORNEfkpA,3uf5IWDEIjtjalESD2dAhg,4lm1dUvP7GPgyJqUlLxcYg,44,"This little gem is tucked back in a plaza, easy to miss but I'm here to tell you. You don't want to miss this place!! 
The queso birria tacos are absolutely incredible!!! Please do yourself a favor and stop and grab some!!! I mean look at how they packaged it, with some tlc. I'll be back monthly.",4.04,2904,71,4,23,6,1
rIryzi42BLFpDV8wmh6vYA,JxnvS56wjAFccv0WI46OSA,Q4zdrVjYgSAERDNinDL4pQ,1,I called China Wok because I wanted to order some food. The Chinese lady was very rude.  The food was overpriced and was very bland. I asked for some extra soy sauce and the Chinese lady gave me 1 extra little soy sauce packets. UNBELIEVABLE. I won't go back,1.0,3018,0,0,0,0,0
7U2maBU3WO3zMhxEvHBcbA,OaE_sDuA-_BgMUEosfKb5w,IMLngTfC_a7wLEIr3QklPQ,5,An awesome pizzeria. Food is very good. The fries are EXCELLENT. Maybe the best I've ever had.,3.8,3028,1,1,0,0,1
gFPrsz0h3ui7m2m-QWzmBQ,d15VusBE8DNYtGPmUGPI_Q,nDUL9nM3i6UAg1AGNhMpbQ,5,We loved the food. The staff is very attentive and  accommodating.  We liked it so much that we came back a second time.,3.33,4216,2,0,3,0,1
3_8M-AYAbU5-O51geIBYYA,PccjyLLmrBoc2ZNI2pVU4g,SS3YLZ62t53knXu217Q0hA,33,"The food here is awesome!!!!!! They have a new roll called big easy roll, which was deep fried but it was so good! We also got their po boy and Lsu roll. Our 2nd time here and we loved it. Family friendly restaurant, which was perfect for our little family! The food came out super fast. Glad to have this in the parish!",1.97,3761,29,8,2,0,0
5CNxXs-QgKWP1Y0QgJAdiQ,sL-StFEAEph1g7ZfkVY0FQ,YUSbJUwcQrfD_M9W2_DD8Q,3,"omg omg 
the food!
the fresh matzo
the pasta
the grilled chicken
the moscato
simply died and gone to foodie nirvana",5.0,3947,2,0,2,0,0
vgpdL-ch5sf5BD6-jxUVmg,pfX_TBW2wDtAjjt3dR9ORQ,lnwjN23RJA1kjoOX0NNKxw,1,"The young man ariah is a great worker!! I go there almost every Friday and he's the nicest. Great food, great place:)",5.0,2261,0,0,0,0,1
jp43S5otCaYFMze6MnHwNw,L1encODG0SvnU3YfGfhbEg,h6IzeUVASeDtvKhd2PEsKA,36,"I went there a couple times with my friend who lives in NOLA.  They are inexpensive and have a very big variety for what I expected.  There were always enough checkout lanes open, and we were usually checked out quickly.  The staff isn't overly friendly, but they are efficient.",4.05,5125,126,7,16,3,1
V96PQJbBz_NtJ9s83wsNpA,e7xUNW5THOyDrni0W662Zw,azksjpT1jYuk6mTdM2YsgA,135,"We tried the new colorful ratatouille and it was wonderful! It visited of mushrooms, eggplant, garlic, olives and zucchini. 
The tiramisu was excellent as all ways.
My add the service was helpful and friendly.
Definitely would suggest the ratatouille and Macaroni Grille.",3.88,4973,121,19,44,1,0
VwbPs28yWSfwL6TLRikbBw,bIw6zquJOoUyUaidD85q4Q,TMuqeJ5fHFn9gNkplDnMqw,89,"Ice cream is my weakness, and there's is one of my faves! Love all the flavor combos they have and come up with. I've never tried a flavor I haven't liked.",4.82,1312,8,0,2,0,1
yHJ4N1GdR6r0rje_lw1dVA,LtuOqsUy9wXRUhRhDTzw6A,z6qtUn2bSaTpFJ5lqy_1rw,17,"This bar was appropriate to visit so close to Halloween, because our experience here was horrifying. I don't want to waste anymore of my time on this place than I already spent there. I feel sorry for the bands that have to play to meager crowds of disgruntled patrons. Even Jon Taffer from Bar Rescue couldn't save this disaster.",3.84,4479,20,14,8,2,0
lgLdhTzYk0qC09DxsySpFg,-sdBL7OIvk6UfrC3L7_eRw,4RquQY6VxOOw8s4r9-4DZA,11,"The best hair cut in town i will recommend this business to all my friends, joe and his staff are friendly, courteous, the atmosphere is quiet, cerene,",3.58,4789,23,3,1,5,1
NId6xbSSt9vuRtgmPIeTVw,8b1jYumPJPL08vWXhlC71w,0yGH62WGQy_W3JoR6L5Kew,18,"We have tried so many ice cream spots since moving to New Orleans. This place is phenomenal. The ice cream was fresh, the flavors were unique and oh so tasty...my taste buds are singing me praises! The superb customer service was an added bonus. Our kids had a blast!",2.44,3404,8,1,0,1,0
1XO_il14cNF2TdnVSrCbCw,xfHsm3sYODXAIxOlrPWEYg,UkH7TqgETnveiizXkv9mmw,19,Uses that America hating soccer whatever. Never gets my business. I will never buy there. The other women on the team are more a better example.,2.75,5422,8,3,1,0,0
ZZl7Su3F_UuG12Dwe_-b2Q,B3atrfq13W7lk7Rfewi3HA,N4IFNpTn7kKfK9akJkerwQ,4,"The best welcome. Excellent food the fish and pasta dishes are superb from a great chef.Great ambiance, be ready for a delightful dinner experience.",2.83,2590,8,2,2,0,0
yBd41f3wbLmGATN7-8tifQ,J7j72RA87sPNoK5EoshtjA,6FNfW_9YaP5Fm7tE1caLyA,71,"Super clean, McKayla and Aliya, were incredibly nice. I would definitely come here again",4.6,4401,39,0,12,0,0
4aOsEkMC7URnMu9O4be5gw,KXDiP5LvmOIAH2M7rQyquw,MMe-OJeHIgRTulqKPJ-QVg,400,"If your looking for a simple lunch this is the spot 
They offer combos for 6.00 the staff are always nice they offer free wifi as well they resently started serving tea and lemonade together a different drink and if you purchase a 25.00 card you receive a 6 inch for free",3.73,4569,138,45,50,12,0
TSq8Y6IQMrgvEd7K_I-znA,labQug-t0Nsa9_buxtx-6g,7Xs44M4gmghxrJgU_xzppg,11,The barista won't let me order a soy latte with cinnamon powder... She insists it is for the cinnamon dulce latte only.,3.64,3477,11,2,0,0,1
Lz77aAmtvpkM3Mi97CLc8w,LVzZkQS2lUckxNSEWgnFgg,88muUf6A7LmQZK5AXwgtow,3,"I know they are closed right now, (seasonal) but the worst service since the new owners took over.  Workers licking their fingers while preparing orders and when complained to the owner, he said it is hard to find good help.  They have forever lost my business.",2.67,2724,0,0,0,0,0
dS5O0ujMAQc_koQwMapaNw,F1x4BCHGFHEMOQ9-gQkceA,swYqObxR8r5B6SF8ffVjZg,4,"Good car wash, but many at this price point have free vacuums, but this one does not.",4.5,5779,0,0,1,0,1
dD0h23fBpeTOPk-l1JY9rA,r0qzHo3q8BytRj0qtyFfyA,CTz4hcPAmG9ck_hUXRCFpQ,5,"Without a doubt the best mechanic in town! Eric and his team are honest, efficient and extremely fair with prices. My family will only take our cars to Gulfport Garage and refer him to everyone we know. They get the job done right to ensure you're safely on your way.",5.0,3156,1,0,0,0,0
pDpOx2Ln1TOIDYSTFPFQpg,QZpNwlBSupHYpkqPoJs_qw,QIn525x0IBAGBfDaHdKmQQ,1,Cannot support an establishment who does not pay their workers when they are in training for several days.,1.0,2251,0,0,0,0,1
H12RbMYOiO-1WQGlNIEN7Q,irQqfbLjSoJ0ETVPnHdSmw,mNO9pUXwxP2VgOhXIPOdgw,23,"It was a nice little place I stopped in once. However, for me at least for now I rather go there to meet up with people as a ice breaker met.",2.63,4434,10,6,4,1,1
0iDRwiT_m2OSAedDt5WhKw,KpPmv-99jCtrJeYVXl-syQ,3BJxm-HnvzdwD1zjmSbmyQ,111,$10 minimum or $1 up charge for using a debit/credit card. Lunch specials are $7.   Improve your business practices.,4.44,4640,46,4,8,0,1
fTqRrL8kKphfbFa62F-UHQ,YEYN6bccuck_LEcLvgIyGQ,g8OyaT2RL8JCKItDExcFug,8,This is one of my top five restaurants in the Philadelphia Suburbs.  The menu is creative and classic at the same time.  The menu is always seasonally influenced and changes often.  The tasting menus are always fun and a perfect amount of food.  Great place for a romantic date night.,3.11,4201,2,0,0,0,1
aqm5rVgYwY4jbfcwR-ZSQg,31N3UJj6j8D7zKxFaSVyXw,lj--ezYgqdGv_0YF5Gf84A,1069,"Cones, cements, sundaes, shakes, floats, malts served quickly by friendly staff. 

Tasty treats reasonably priced.",3.88,4297,1245,390,698,31,1
6v_YOsTNsPksaZuupKigSw,PDd9t_eiWiVG2AmxoSyUmg,lW0j4djwjel3zBXMPaxv5A,403,"They cook these dogs in batches so if you have a flight to catch, put it order in and pay, then wait.  I waited for a lucky dog and nearly missed my flight because some inconsiderate person snakes me in line and ordered multiple dogs with all the toppings.  Minus 1 star for lack of line orderliness.",3.16,6433,462,243,156,13,0
w7gLrzM8-7-RmIbmEo-X1g,rE4zfuCcg7ZmwXkpDICCmA,210p4dgnAyUPQTEBYYZkgg,111,Love this Ralphs. Employees are friendly and they have everything I need in stock.,4.82,3740,53,9,39,2,1
wBgo5Z0e08d_vbFGeZlRzg,iU8hVh5Aztm5Qua2zwg-3A,AzseSGgDC6bVtMPEYo1CNQ,28,Best ice cream ever!!! You must stop here at least once while in Nola. Homemade goodness!!,4.71,3271,8,1,2,0,1
iQtBK3y6VtUKcSkBlq8O6A,jKVhu11E_fKn5h2jyaZUtA,E5oa5ubbMvA1Ooypvis7jA,1,The sushi house was the beat sushi my wife and I have ever had. We have eaten at multiple different sushi locations in the Philadelphia area and New Jersey and Sushi House just blew every other place out of the water. We can't recommend this place enough and already are planning our next order.,5.0,1570,0,0,0,0,0
uyx_9FS7emHRJVED_Bjq6w,JOeZ8ort1Q09QsNrFcHY_Q,jRpK8oG_8QKaPGaaKiCyng,7,"Good cheese. Sauce was just ok. Crust wasn't very good. 
It was also very expensive. $14 for a 12 inch.",3.43,5144,7,0,0,0,1
yAWQnSY5hOTLr8ktu0-3og,fo8UrE2qGt2OR5x4Y6GMgQ,g88mb6am4W2u_XNDN00y1A,17,"Food was good. I enjoyed it,the subway employee was nice and friendly.The service was fast the store was clean",3.95,1560,5,1,1,0,0
wXvCp8h17UVsPiBSX34O-Q,2iS1vg5TYpV_iEiNC8osTg,e1ByAr-DGv6YUIt16-jdaw,1672,Finally!  A reasonably-priced very downtown.  Very friendly front desk personnel as well as vet.,3.47,5884,2559,481,1327,65,1
KLKODk7o5xYgGsrxVEQx2g,u6LlyeaSsc35fgdXdFnGKg,rNrrBxHkTtRi_yMoNORczg,29,"Food good. Very small menu choices. Salad is small. You just get lettuce,  tomatoes, n carrots. Soda selection is small. They give you only 2 warm rolls n ice cold butter.
The music they play is Mexican. The staff is Mexican. The name is Italian.  You would think all Italian workers n music.",2.86,4161,4,0,2,0,0
2r5GrqAkSAO4iN48IDBNFg,HbvwT5l0oXXJZM4pWRIPBw,ZVKUCgpPu6uni1YqbUNfIg,7,"Dark and Dismal. 
Rednecks and old men.  
TV's are at least 25 years old. 
Have to pay to hear music. 
2 old women bartenders, neither can make a decent mixed drink. 
They haven't put a penny into up keep or updating the place for a long long time. 
What a waste of prime real-estate. 
Tisk Tisk for shame.",1.82,3645,26,5,1,0,0
rtmv_x0LrpOKjgoue9-agg,FG8mI2SW0mwF3P1kMyYEpQ,E4qH6Mm7JkSxaTMqSEr5Iw,13,The man who answered the phone was rude and unprofessional. Clearly lacking in customer service skills.,3.46,5178,18,2,1,0,1
NkCUEzOWJGzUatdYlmxZ9w,TgmbriMbYo5VJ7XEaBEZlA,l9vdM2DtlJo3EYpxgW-efQ,17,"Loved it! Food and service were excellent. Great for a romantic dinner, fit for foodies, gluten free friendly! Get the Escarole!",4.94,5259,8,0,4,0,1
4n2KP5CAo-GQwbsbG34jOw,r7zziQ7XTHnNcEwMGsguaA,mlwJfMFNERB9cGgrB4Uppg,3,"They lie about the ice cream machine being down because they are too lazy to make the ice cream. Manager notified at store but didn't care.  Its all over tic toc and the internet on how their employees got bagged lying To a customer 
https://vm.tiktok.com/ZMeV7YgC7/",1.0,4772,1,0,0,0,1
h91T5QFC1DszSBCudekCLQ,uRjlBgeOWLjfhnmEemI96Q,wTrE0XUyPtRa2qRVPj4Vog,1,"Omg!! A most! Owner Jim... amazing.  Sweetest man ever! The staff is just as amazing,  Kelli the manager keeps out all together,  Lindsey is always fun.  The food is  outstanding and the beer is cold,  seasonal and a perfect end to your day.  Please visit Jefferson's and give your outlook on your experience",5.0,2855,0,0,0,0,0
4U2c8LV8HYUT9A8HtXzT1w,hSxDyvIxForDt3zLEd5vVg,dEMzer_93gRNNV8c-ByiSA,42,this is the best barbershop in central Tucson close to the u of a The staff are really cool we went to barber school together so I kno most of the barbers and they are highly skilled barbers a lot of the U of a athletes go here to get their haircuts I recommend it,3.75,4381,17,7,9,5,0
JwFn66-WgheKQDITHHLjOg,QcR9cS4VrwmSYtvavbzJgA,hb4Viui0dPDUpFqN1PbRKA,9,Horrible! On Saturday afternoon there is 1 clerk and long line. People at head on line say they've been waiting 2.5 hours. Never again will I book with Hertz,4.11,2908,1,1,1,0,1
jLtj-peElHrzWlubgFNwWQ,_vAR_Z1gdfaPiX75YBysZw,d9vJVJM2DifqWYN4Q4-gow,16,I had a really good experience with Dom and his team. They were very friendly and knowledgeable and I know they gave me a really good deal on my tires. It was my first time using Doms Auto Repair and I will definitely be back in the future. I highly recommend them!!!,4.33,4033,8,1,4,1,1
iZ7C7-kKmzb1p9c-ad2cEA,9WpZboZnF-T26kX7wszR5g,Y4mfBM_xccFkUhoeOE0D3Q,37,"Stellar service and awesome bartenders! One would immediately suspect the rather beautiful bartenders to be obnoxiously conceited, but they are anything but. And the live music is top-notch. Even the bouncers are friendly. Definitely a must stop in Nashville.",2.0,3395,26,14,6,0,0
rmCir8Ec5prsZO5zU8ffIA,r_EOU2V6x8C3z3viC0L0kA,hHCGmb01EGFstumCsd4-VA,88,Happy cow makes me a happy girl. I come for the salted caramel yogurt/ice cream. Definitely a treat when my sweet tooth kicks in,3.68,3697,107,22,33,5,1
i54RdclFhDHL0VzD0dmOWw,RamEMEA1Sn1Dx1B4dlC83g,cE_gYW3CHEducTkEyxTDdA,6,"AWESOME!!! Have eaten her more than once and that is that  is the test of a good place.

Thank you owner for dragging us in the first time!!!",1.5,3065,11,4,0,0,0
gZPsxVlDpH29CE5qjWXHvA,7G6tLMSAiyRJkqzRtHDX6g,zZ_xsIQfotnHe25MxQyg0g,9,The drive-thru was awesome this morning! Literally a dozen cars in front of me and I made it through in 3-4 mins.  The reason for 4 stars was my English muffin was a little too toasted around the edge but I always know I can get in and out on my way to work at this location. Great job!,3.11,4858,8,2,1,0,1
61LTlly-LV9OenysVm0HWw,ovJAUIfC84lKB0EituaEcA,nxzCzDDyXYNM-jsGf82JGA,271,Good food. Good staff. The dirve thru is really messed up. The store isn't the cleanest but its normal for a fast food place,4.47,4630,99,39,25,6,1
Ra1J7cuiHzOwRMO-OVgBJg,190ZT6jzTVVcLO6r5XBNsQ,sy9erwW0yTpjsTQ1eLtnUQ,3,This is a great place to chill or study or hangout. They serve a really good coffee. Their mochi is epic too. Must try this place.,5.0,4886,1,0,0,0,1
APBg2ZzVdL4Ecmn7FgGfEA,QMVTUyPasZc9-bSi6RJlCw,ALSoZt4qsjRxOaV6WvwJSg,4,This restaurant was a hidden gem!!! The food was outstanding ..plentiful and the best Mexican I've ever had ! The chicken fajita was excellent and enough for two meals! The taco bowl was fried to perfection and filled up to the top! The guacamole was outstanding with light airy chips! Hidden away in a little strip of stores... YUM,4.75,5107,3,1,0,0,0
BpT92G1yle7XKAXZAZ7LIg,S5DVzjW4oJzbWalBxFpHhw,PdNw7YINeFC9VW5VnTmZFg,2,Got a great hair cut by Christina. Price was reasonable $15. I went at 11am and didn't make an appointment but there was no wait.,5.0,4289,2,0,1,0,1
uf1ajZQeUrTZU-tIqjXHHg,ztcRc3IVjsTRQCSXvOVewQ,NucDA-P4QDIztUJIoxew9w,5,Great food and service. Portions are small but worth the taste. A bit on the pricier side for the area but it stands out if you want to impress someone.,3.2,2602,3,1,0,0,1
MOh_JVabTAcYlYZySvGxHQ,ZCJ3Hk1tGRUrf4Z1fo9cFg,0zWYKUPvImD7ufl1RQ1jhw,104,"Best auto shop in Philly. No one tries to big boy or upsell you here. They are also incredibly nice :)

I came in to get a bent antenna and windshield wiper replaced - he bent both back into place with his bare hands and charged me nothing. 

Don is a saint",4.02,5818,221,68,117,19,1
UOaN_u2WACTXvuh3gN3slg,bNfWUB1aBQCx8MXqS_OHNw,uc1u8XwLEeP9xLW7jGGGAA,23,Nicest customer service I've ever seen. Plus one of the ladies there looks vaguely like Gal Gadot's Wonder Woman. No joke.,4.7,2984,8,1,6,1,0
vADVdz-Fs3xYhZc3V8fuxA,B6TYrmgBRFZ6ALo_0jBAbQ,q10gQHRRga0o0A37YsvodQ,1,"I've visited twice now with my newly adopted pup and couldn't be happier with the service. Staff are very welcoming and patient, answering my endless new dog mum questions without any issue. I'm more than happy with the level of care and attention my dog received.",5.0,2988,0,0,0,0,1
zkKpCEjsLXqoNdJxw6SolQ,XfmO0FjdSTTHsi7cuo9DJw,-kfHz1kimX62QEceFkkB_g,1,I ordered Godzilla roll. I cannot taste anything. Just lettuce and rice. Cold ramen served with no sauce. Waste of money. Terrible.,1.0,3288,0,0,0,0,0
QBfF83dGO_PDrE20WLW0Ew,TWM5UixyWYcHbb497hkvTg,Hhp8V4zd3WWgYEL95f_24A,12,"Only 2 stars because of one reason. 
My husband just returned from a haircut by Susan, she did a great job however the male worker had a bad habit of using curse words. Sadly the cut and the price was great but due to the bad language he will not be returning. You've lost our entire family's business.",3.42,3196,8,7,0,0,1
Bu3NbM4NzRjigjdMG66HeA,ffPdUhCGK51ZG-5ubIDwzQ,_rgb0rZw1Dmd_ZAW4AM9vw,1,"Too many good things to say about these great people and their shop. Professionals, friendly, full bar, lounge and sweet decor. You won't be disappointed!",5.0,4723,0,0,0,0,0
4TDa0MYFmeE_iLpK1lh2WA,TZcyldu633EX6VzdKazcNg,mcjcDwSndopdCQ5Z0UENaA,1,"Such a good barbershop to go and get a fresh chop. Got 4 skilled barbers that will give you a finesse haircut. Your date will be impressed, and it's a guarantee that you will have such a good date night, thanks to the 4 fellas that will be willing to give you the best haircut experience of your life.",5.0,2723,0,0,0,0,0
nkjeaDT17bK0uq6bP9xpBA,zooOq1JEpZpSlf-_o0oRPg,4k-XUWBbeDyxjWdUrEsvLQ,22,"Great stop for wine, beer and liquor. Wonderful selection of magic potions. Look into their delivery option if you ordering lots of stuff.",4.59,4921,6,1,0,1,1
38pvct51_HNY-lgreRmUcQ,vnLi8gXGxErEXnKrCEi2FQ,dSktwk_qmKiUeS_mUjyB_A,4,"Finally! The real deal!! You feel transported to Mexico from the first bite! 
Authentic and delicious Mexican food, recommended!!",5.0,3350,7,0,4,0,0
mvuHIs6VSYrKIM-UVkRQfA,i8-2pmN7BkPXn_jnGLpUaA,TTQqup3vFVOfByFKmsgpDQ,253,"This place is no bueno. I came in to grab a snack and waited nearly 10 minutes even though I was the only one in the store. Meanwhile the employees stood around gossiping, not a good look. I don't expect much at a fast food joint, but I didn't even get that here.",3.28,5587,1072,309,426,19,1
BXfs28s5lacdpDprzoDr0A,PW14amfrLPIAlO_3RBhhFA,mNhDpyTBjJ1vJaYeqmkfew,5,"Absolutely love this place! They do the most beautiful French ombré manicure, and they have the best pizza!!",4.2,2974,0,0,1,0,0
QtEnIHmzaeYiNYaSV0SUxg,Mo_gdg6BvNWtk6y4FYzKvw,zxpJ4Frr8Zoru-YaNzOxzw,7,Great food. Very fresh. Super Fast delivery. Very friendly staff. I highly recommend this place!,5.0,4540,5,0,2,0,0
q7nLgdbnQeLr8xsxtAZi0g,EAHYRtilan6qmGUcJFz1JA,EfJ973kBa52iMtBCmSaV_Q,3,Had my first Hot Shave here which was really nice. (man cut) #hot #shave #and #man #cut 2016! Everyone check this place out! #check #it #out #everyone,3.67,4943,14,2,1,0,0
A8b_UeFYGPMgxrsSwaRVHQ,2-l46n-Yzvpl4Dt7IxqjDw,5kZtETKu37RuwHATrB4a5g,34,"This is a great gym!!  Clean, up to date and professional staff!  Great protein shakes, reasonable dues and everything is included!",2.33,4054,55,5,3,1,0
G38WiElAigvQce8K07A3pw,8uvipIwxdnixPKgaq_loBQ,BkkRTas3wqS4TdKTAyWv0w,32,"After all the rave reviews I was expecting something a little better. Nothing was spicy or really even flavorful just very, very heavy. The atmosphere is nothing to write home about. 3 stars because the service is excellent. Food unfortunately doesn't match it",3.97,4205,19,9,11,0,1
iO3NFPl_7QdvDZj0FKRnyA,CVx4_Y3Fd7bBY_nnB4Y1XQ,K5glQlcc6BqWy_Cjf2FpHg,1,"Loving the new Enrich Nail Lounge in Green Hills! Friendly Staff, cool environment, great service!!",5.0,2658,0,0,0,0,0
DUm8bNVEDWdf5sQpPBP-Ww,cDQG_OGCpu4ATDz6rQSryw,fQixVK0uar3ArJtNeug8nQ,405,"This is the perfect store right outside of Phill if you need any kind of drink with sugar. Due to Phillys soda tax a two litter is almost $5.00! And for someone like me who entertains a-lot I will never ever pay for that tax! 

I do find that they do have decent deals and if you have a store card you can earn gas rewards.",4.32,3296,2059,507,1511,110,1
cC0FPWosGWqlEqkerJJH-w,x9dptqQKNGchhMIcz1c-Bg,yYTmX6sgg_0FogemlNNA-Q,44,The customer service and effortless hive mind expertise in this store are absolutely amazing. This place is a study in how brick & mortar stores can survive and even surpass internet buying. Kudos to the owner for encouraging the fun friendly and relaxed atmosphere and hiring people who totally dig what they do.,2.72,4989,39,25,6,0,0
8--xj_c01WTUnOUUKi7vNg,A9r8L-9-B62_21-_n97c-w,WXVb0_TPSNGjqRshykMY8Q,5,This is the best McDonald's I have ever been to. Employees were happy to assist customers and extremely polite and welcoming! A great experience all around.,3.2,3699,3,0,0,1,0
04JQBxk3e9jw7NYKoYQB4A,KOXOMlOWdtbmti0IzEmbnA,uBbhjkxcl_MStbWQkcQ_Xg,2,"Really not my favorite. Wouldn't want to order anything from here. Low quality, greasy, and cheap are the 3 adjectives that come to mind.",1.0,4045,2,1,0,0,0
t8s3g5sRG6cxL1g1c2cT7w,TV89rEOGuGSLj2U3jMNQ1w,r-lJC2K33taUgDngE1P0_w,1,"We were avoiding the crowd and hopped into this bar.  This is a great little dive bar....cheap drinks, snacks, and fast service.   In a busy town this is a commodity!  And, if you are a craft beer fan,  they have 52 beers on tap!  Yes!  Stop by if you are in the area for a chill atmosphere with good beer; )",4.0,3179,2,1,1,0,1
FfPG1Fd9NhXGW_Ay5YJXeg,UyabmYXaBCl290JqzQ_RBQ,TAUGnIQDR9-m23DWLZ0dow,8,Went in today to dine with a friend and got terrible customer service from the manager and the food was disgusting everything was cold and under cooked. Very displeased and am never returning. Manager argued with me and repeatedly said well my customers are happy as if I wasn't a customer because I wasn't happy. Very displeased,2.5,3503,5,0,1,0,0
uhzPHS5Oe59-sSy4bFzung,BIudqgiWdTMsY3tW-LLAJA,haAIu_BLD6khheesCjKIRw,163,"Went for dinner with my wife tonight and it was just okay. We have been to Jimmy's numerous times and generally really like the place. We had fried gyoza, seafood salad and 4 rolls. It was good but seemed to have been thrown together. I am sure we will go again. Maybe Wednesdays are just not a good night.",3.55,4188,140,17,46,2,1
U0DYBZVviau-xtqXX4CIxQ,Q_cCmfZAIgMCowZF20MAVQ,oNDzbB73ipPBNbICtJquHw,1,"The food is good , if u have hours to wait for it !  They are Always understaffed like they aren't expecting customers I guess ‼ Anything u need , u have to ask for because the waiters are too busy to ask u what u want . I've been here several times and it's the worst of All the Sahms around ‼",1.0,1995,0,0,0,0,0
DYMYbnSZHBQzzuyHZN28qQ,srHZiOZA_Q0BUWE8PYaRFQ,OShS2upZXtPm9fUL-uAtxw,2,Excellent experience. Great pulled pork platter. Staff very friendly and knowledgable. Visit this place! You won't regret it. :-),5.0,5167,2,0,2,0,0
-giyI30pkE9lRtWtzUEepw,xSHjJxvSL7bDO67CsFs9Ew,1Mf7b64jGc2pL870SqP_ZA,52,"I've been there twice, once for color and cut and other for cut and wash.  Both times I had Vicki.  She's good and quick. I like the products they use such as Bumble and Bumble and Moroccan Oil.  Price is very reasonable probably more so I've seen a newbie to the salon. I recommend it or at least try it once!",3.05,5269,40,3,11,0,1
dMNmZfBgKL7vavnt6kNKNA,CEIAGs7cJN11026iXALTCQ,mRALAZduUGa_QBAyxQ89HQ,23,Right up the road from Nashville and a very easy commute.  The suites are huge! Great re-do of the lobby and rest of the hotel. I recommend  it highly.,3.83,4933,37,1,7,11,1
pDEciuMoPn1dSAR3xDYzCg,RlwyFyWJjt2v82ZANBOjAQ,unyRtubkWWocY4ykotHLnQ,2,"My husband and I's new favorite pizza place! They are always kind on the phone, delivery is on time, and the food is made perfectly!",3.0,2452,1,0,0,0,0
i2FxBQqysigfUPVkC-zvNQ,bgF4NVL0-vwQ27E8Y4VaLw,pUAxkZyr5WcMYVcD7s_OvA,6,The guy cut me pretty good while giving me a haircut. That is just not what I expect for a $50+ haircut,2.33,4918,9,0,0,0,1
m3SuoLqTPwRyUbxCIjHNVg,KrWo4XT_ypWGLaXgiolWMQ,UedMZXje69THTvXiWXn7WA,1,Went to get simple alterations on a dress and it cost more than the dress. Never going again! Didn't even get a receipt.,1.0,4509,0,0,0,0,1
WUm0vAws3-CxA_bqSp9wPg,H4SudreyNDtBB0O9WPH1vA,HVByL7reOx_KSclAraqnew,128,"Seems to cater to senior citizens who seem to think anything that they don't have to cook themselves is wonderful. I had a shrimp basket. The shrimp were very small, but OK. Mashed taters with gravy (the kind that's as yellow as a school bus and obviously from a can or mix). 

Not a fan. Plenty of other good places to go.",3.61,5194,154,33,47,1,0
6xlYmxLePl4rP803t2FiZA,SufZdvzHxo6EXywKlGQ5pw,wBAU2xf3DYRmT3Od6UMZlg,111,"I opened an account recently and the professionalism and knowledge of the staff really impressed me. They answered my questions quickly and with precision each time I called. No hemming and hawing or waiting ""while I get someone who can answer your question"".",3.57,5138,117,42,33,3,1
gEHwFNFJVdMtQgdAe1YmjA,D1yaWarmBci8hrDndKwU_w,N5ekxQd7wGHWJJK-p9qqXw,35,Food was excellent and that was where it ends.  Hostess forgot to seat us and we waited at the bar 30 minutes and there were plenty of open tables.  Server was too busy for us and was around maybe four times on the two hours we were there.  Service very very slow.,3.62,5509,17,2,6,0,0
5qB8V-kFiQ7GJTm9GTxlYw,JGiriWlyJ6HHbT4EEq4aRA,DqtDCKP9mDgIJDw7Umbb3g,31,I love this salon Michelle and Michael are my go to stylists. Great service and high quality in every way.,4.41,5501,29,9,16,0,1
kh_7EwtwRdT0r-iZdYopFg,zShyDIw70WvhYvEkndagfg,pp1GMkjmdIBZpJEibiayIg,3,Great place to get an eye exam! Love that they are open seven days a week so it's very convenient for those who work during the week and are also open very late. The doctor is also very good and they have a good selection on frames! Will defintatly keep going there!!,3.67,4147,2,0,1,0,0
OLX0jNTmX2gCJP1gCtxKeA,YB-59MLFKCEaoiT_7Qc98A,0mLbh-DKWqzhdq-jhWIjVg,48,The hotel recently opened and the rooms are clean/updated. The hotel is easy to find and about 30-40 mins from MacDill AFB with traffic in the morning. My only complaint was the bed was a little too hard and I constantly woke up in the morning with back pain.,3.69,4789,28,1,6,1,1
mSkNLLPjVnaCHQ7sNHy0xQ,WMdoHMlK6x7RD0dFWDmNAQ,Ed5e1KqM3mihmexmVIjXwA,8,"Creative. Fresh. New. Interesting. Smart menu. Go back many times. Great crowd.
Beautiful wine list.",4.63,4923,5,0,1,1,0
DZA3b-QIwmLlMNVcwbEO4A,vnvhSl8Tken1JycrSX2pmA,r-lJC2K33taUgDngE1P0_w,26,"If you want a beer, here's your destination. Lots of options on tap. I didn't have any food, why would I want to?",4.35,5424,12,2,4,0,1
xKF24fK03citxS12z93xYQ,JTKw6QC8iA9d8uw4NvkgpQ,nMMGI2Rm0DH3xXrIcV_kMA,166,"Been coming here for years and typically got great service, but this time fell WAY short. Had appointment for oil change, told me it would be an hour (FOR AN OILE CHANGE!) and it took an hour and 25 minutes. Don't plan to go back. Was real nice and friendly, but you can't over promise and under deliver.",3.38,4775,116,45,23,3,1
fKtHwUjeBWAxUdNFW0r2zw,cfPWM9Mcau9CZIL2-u85NA,Ieb62CSuneOJhW9rJOT8hQ,65,There are no hours posted of operation on the front entrance of this planet fitness. This place is poorly managed. They open and close without warning or properly posting hours of operation. You could make plans and they will ruin your morning because you have plans to work out and they will not be open.,1.94,2048,25,12,7,3,1
9DszSu8GSOW-zJJ6_TpVXg,WgdozIRyj5St8VQ9it-j5A,sy9erwW0yTpjsTQ1eLtnUQ,108,"Not a third wave coffee place. This rating is for the atmosphere and availability of cold drinks, iced cream ... 
coffee was fine, but not third wave.",3.56,3457,13,3,6,1,1
Ifz3R1O3FHs48jHoDMABGQ,thEOOtq4WzxwoE9jQt51ug,npg-JWJojcKEvQWy-ARNDg,1,I really like washing my clothes here. The owners are a very nice couple. They are both welcoming nice people.,5.0,3947,0,0,0,0,0
yJib_RrQV2smkZbsTQGFhA,nzFRAC9ygNBihHr8Ez8hFw,RbHSM-cbJaJQS8Ta-0sB-w,98,"Came here for a pet grooming trade show. Very nice hotel, clean, comfortable with amazing staff. Nice pool area too. Thank you to the hotel for allowing dogs even though this is not a pet friendly hotel. My only issue is the buffet breakfast is very expensive. Good experience otherwise.",4.61,4867,67,16,20,2,1
nmOH6PQkp3QG-zvkUAYLBw,LJux1pkrCTXQnO6ulHQOpg,KXkwF6nFcuBLNmefkhUwKQ,6,Best SnoBalls around. Ice is like snow great flavors and soft serve too. Try a stuffed SnoBalls. Awesome,5.0,3554,7,0,0,0,0
adD78iLLgL2TFP2S9Nv_kQ,GM9FnjR_CBa6ZihlGzwHmA,r3uACXEzFGwF0dHnaTO3rw,37,"Great gym, friendly staff, incredible prices, it simply doesn't get any better than this. Best gym in Tampa",3.78,4274,28,3,4,0,0
4qRDRq2Mk26Ah2PBmRCNRw,mexxpDLG4NoGVaeF0VCsog,saJFbz12EnzanelpD8_xXQ,238,Always fast and delicious. Great window service everytime. Can never go wrong with a trip to Starbucks.,4.0,3977,209,48,79,9,0
0bZ_YaHSNt-Ev7Z8BckDFg,QGGsSYg7Niz2w_01GFID8Q,tzgrrqQ0SCVXQV02D37Ydw,5,This place was great. They were polite and quick and my nails look fabulous. I will definitely be returning.,4.8,3620,1,0,0,0,1
lYohAXbObbIvcbwaea-Krg,nKf6g9gmwTSqR2ieEzxp5Q,ZCkc45yLiM93rWxroR54_Q,1,"Spent $8.11 for a double cheeseburger, fries, and a mini shake. The fries had no taste and were cold. I hate cold fries.",2.0,3688,0,0,0,0,1
30NOmAJlvm4ocZX7dNbq7g,Y10TYXFSPu0SV3RpsiLYDA,8Mzu_wczdzv9dU_Gr6OR8A,37,This was pretty generic sushi. The cooked menu looked good though. Nice perks with the complimentary soup and ice cream,4.38,4589,35,4,4,1,1
dGWJ47h3MT3BZdiaBdqjnQ,A5peRe4-iGM2SwlA4edLAg,Qp6gTafgrtOArzWjHv8sAA,15,"I've been going to A & W for 5 years now - always have good service.  Quick, effective repairs and maintenance with reasonable pricing.",4.93,5101,10,2,0,1,1
lTa_WFJ4B7WRMkSsSqC5hg,k3HnAr-ivTc2ddeXNJKntw,EGrTTitdQsRTglHdb5loEg,103,"My appointment was at 11a. I got there at 1040a. I didn't leave from a simple yearly eye appointment until about 1215p. The actual appointment took less than 15 mins. The office was freezing too. The lady that assisted me and the optometrist were friendly, even though my patience was wearing thin, so that was very good.",4.02,3405,142,106,122,9,1
J78xetSw-9GgHlxfgYZW9g,1W9W4nkvcDpn6E0tnv4Z2Q,y2TVGfHp_hiKItKiN_TNoQ,11,Very nice place and staff was friendly!! Got a pedicure and an eyebrow wax and was happy,2.91,4880,9,0,2,0,0
gaNelQ8AT9O69KUqOZhI3w,d4hBzd9rKd4rS_bBcStbsw,XyooQXUzZPRm_cJtVt8euQ,4,Worst prices. Was given an estimate and when I went to get my vehicle it was double the estimate. He has family write good reviews but he is a scam.,1.0,3881,2,3,1,0,0
xzCJVxGETu8DeLG5ZBLflQ,6QGt0MHFQKnDyAqCH-dKyg,z8KS-g6Jz9TLRH9YbHeroQ,9,"Good ice cream, great prices, but very slow service and all of the food items absorbed the taste of the cleaning supplies they used. My napkins smelled like Fabuloso, and my cone and sprinkles had the distinct taste of it.  Cover your food before you clean!",2.0,4715,20,3,1,0,1
OwjpyBL0cKd-Gj65WwIkcg,EzSPpE8pa74sxI_A9hM54Q,YBaGc_Pk73O_kHPvCu8_Tw,1,They have a variety of different liquors. Everything I normally would drink I could find in there! A great place if your looking for liquor by the beach!,5.0,1712,1,0,0,0,0
Dvkp-TBNlOzxqPQZUG6CUA,OjNFoLuzZrnoROKw9YUQQA,O0CyCnSFr7cYK78nH2w25Q,4,Amazing ice cream! Many creative flavors! Employees are fast and nice too. Highly recommend.,4.0,3801,0,0,0,0,1
yDbJCe_x3OCdvdkkNmgRgA,dYjUpkvo80ptVRcGt2uzhQ,NIkixjdWpy95kY8rcAYGkg,48,"Not enthused about my stay here. The lighting is fluorescent and cold, the carpet is dingy, and there is rust in the bathroom. Also, why is the sink outside of the bathroom??? Would not recommend this as a place to stay - go to the Airport Marriott if you need a place close to the Airport in Nashville!!!",3.78,5028,32,7,17,0,1
woIctKdmPCAgzeYprNFZPQ,TBq0Q5OdtLIMUHEVoIA6LQ,paNYNJ-VFDgwLY201IrXCQ,1,"Worst Omakasè ever. Super small portion, the taste is the same for all fish, and the chief is not Japanese. Really disappointing. Huge rip-off.",2.0,2261,0,0,0,0,0
U3Rrua31ZDCmIQKcC5V3jQ,BGav7JikLKQDt6oTa5-Isg,TC0SkzAqSdbmX0bYyvoJ8g,5,This location is a joke. Rude staff. Wrong orders. The most stereotypically bad McDonalds you could imagine.,3.6,4275,1,1,0,0,1
khSlQapWcvyjRcrscNuJQw,n8R-Nil7E1Lc3RGLvGLMGQ,9_V0SWbQPnZ0mR3kljXqBQ,9,"the food is amazing, however the servers are the rudest I've ever experienced!  Very unfriendly!",2.33,3927,10,1,1,0,1
i6QPBEmA8um-m_K7JHwu7g,GCC5Lmcj5mqpiofDaWrJXA,54vEFcAri3Wj6cdM4ljDBA,6,"OMG - loved this place. Intuitive and wonderful.  Great layout, beautiful look, awesome rain shower.  close to neat places. lovely staff.",4.83,5655,4,0,1,0,1
aYDYIkFlcQVLYMCZf2pB5Q,sPk70pICHKSiZCCVz_lsfg,pXEzNp9xiyK62UuIxy-oIw,45,Over rated...Overpriced...  I didnt think they had much of a glasses selection..,3.83,5196,56,21,11,5,1
kRzzJB0-ROV_F8XwCrxEEQ,oOPpW9wzGex9nuEw0Ofthw,rf_hUr2C-BfqjbPSk4_1Ig,67,"Horrible, run down, decrepit junk hotel. Everything about this place is an embarrassment. What is this world coming to? The staff, the food, and the prices are like a perfect conglomeration and example of what NOT to do. They should call this place the ghetto circus hotel.",3.57,5059,90,20,23,4,1
f7t_MkwzZT84132-wzhE5Q,sDVTx4pZk1QuEa4jVqSn3w,z1RyCTM9MI5clYRpvN0nnA,248,"Yuck. Only came in to use the restroom and it needs help. 

This is a photo of the ceiling hole near the toilet, plus the paper towel dispenser.",4.04,3720,296,56,106,31,1
8O5XlPJ8I0c5NBYcsDXPBA,LMYoJRTbhbvy468HJrWS5g,pmuErkYawbYttiGdmuzxTQ,3,"Eggplant parm was to die for, some of the best I have ever had.
Staff was friendly and welcoming to a traveler such as myself while filled with locals.",4.67,4469,0,0,0,0,1
ER7EGTG3K7B6kV1ss4Wh9A,BFXjHrmy83xAl-yQgZdt6A,RP8JKUeQHwz_aRYjmipokw,17,The donuts were o.k. The cleanness of the place was kinda gross and we got there at 9am. It was also annoying trying to tell the guy what donut we wanted when he himself didn't know what location they were at cause no labels. . I will stick to Doughboy donuts,2.42,3517,28,4,3,0,0
If8RSJdiNLkBrL5dC1LTxg,wc5193H-74R4CjpmVQvL-A,T2FEAvCXllQq1DuVN_iIlw,1,"Excellent service and unbeatable prices! Check out! Best price guarantee on tires, no charge for installation!",5.0,4112,1,0,0,0,0
j9JxD-hzFBH4S-OD9ciPhw,g5WO4hsiZAUD8emnNr3ajg,15wZXW7U8zDZdbPy95m_Jg,1,Bad restaurant- the food had too much sauce and the people who servethe food are rude- i didnt enjoy my meal,1.0,2265,0,0,0,0,0
gNfvoCJiwV2StnMsVTxm5Q,hr3VLE3zPf_AyOfmOEo0GQ,wVUbUKG9cSk1ycepwZH-3g,18,the wings are great but the service is slow. get the wings to go and ask them to be make the wings extra crispy.,4.16,4515,6,2,0,0,1
baI80aNTYLGywNSRPFMF1A,tkzgm07Y9fFNXemfoK-ZiQ,EXYbKA1tocvOK_1tXxZXLA,6,"Best sushi spot in Santa Barbara. All rolls are 5 stars, you can't go wrong. Outdoor patio vibes at the marina.",5.0,2348,5,0,1,0,0
EUl9Ca3bcesFYm3wciUkQw,LTI4dwS2cCjeLJxIkL3Ggg,Kk8sIQGaYCA-SQjgDZ8pBw,23,"Excellent service, great food, atmosphere a bit outdated, but the food makes up for it...
Sushi + byob = a good time!",1.82,3983,24,13,0,0,0
UQvFKsnh1rwuWYskGr2Q-A,eaY8-HMeG_le5fxprpff7Q,hb4Viui0dPDUpFqN1PbRKA,1,"Great experience, quick in and out even with an upgrade to a new infiniti SUV for my driving pleasure.",5.0,4766,0,0,0,0,0
hwPt591VKZM3VKYu0DoGww,rfN2UTvjhTqI8Wqo64ntDw,A1s5mvkEbGL0lprKAWPtlQ,11,OMG I've never experienced a place like this in Chester county and there is plenty to appreciate. Truly special.,4.0,5161,3,0,3,0,1
TBSqqZwyLGQyTJPBu06JDg,39eWhdUHyqFdMQQCMTtmAg,l4_FAzIqaeKwvE7IyI8FNA,174,"I will say that they did fix it right but the estimated price vs actual price was a little off by $75 but they did knock off $23 so I can't complain to much. They attempted to make it right so I won't say my overall experience was bad.  

The wait was what took forever over 5 hours. That's a little long.",4.3,4741,114,28,29,3,1
S2jRcNkztJQvZNyEDoDJ-A,6Z9YMJSozHQfHyFDnl7oTg,eYW8j9aiyao04Z16fFRzng,13,"BEST SUSHI I HAVE EVER HAD. I am not a picky person, but I would say this is by far the best sushi. They keep the restaurant VERY clean and the service is the best I've ever come by. I would recommend this place to anyone who loves sushi. I also have eaten here like 4 times in a month. It's just that good people.",3.0,3386,12,1,1,0,0
uuYiLTIrQUaFemufPmJ4ow,1XT9wgRoH8_73RQq1aT1yQ,DKyJMM2209QrTgclzoCUpw,16,"Waited over an hour for our order just to find out they didn't even start on our order yet. I get that you're getting a lot of delivery orders but don't be greedy and take our order, wasted our time. Wasn't the best customer service either. Thanks for our water, the only good part!  :)",2.94,3538,4,0,0,0,0
you1DF6WlcGtGE2QECpOGg,vzPTjVZG0-5MO7jGGeNwTw,ZCkc45yLiM93rWxroR54_Q,181,"PIER 39 in San Francisco had an  In-N-Out , no wonder, PIER 39 is for tourist & morons.

The food is awful, it has no taste.  Everything on the menu has a ""fake"" taste quality.

It is better than CrapDonalds though.

Tucson got one, so what, The food is awful, it has no taste.",3.04,6407,473,413,231,19,0
NWrcAViJp8bsl4iX4dddEQ,WEQo4ZkLybSDJiOz7Ad86w,7FgGvE1DXqt7yyObkHl-aA,20,"Wow,went to BK last night,and actually went inside.This place is rockin good.The place was busy,but very clean,and the staff was wonderful.

It was Whopper Wednesday,so I bought four of those,gave two to the homeless,and of course left my usual tip of $20.00 with the cashier.

Wonderful,wonderful,wonderful!",3.61,4447,12,6,8,1,0
AppdF7Ia4QiwasAqpBmGpg,Wg4COI4gd0mBVZW_mMeFQg,GTmwc3AWVB756gDiuHwtuw,2,Yo you know I gots to get me some of dem Big Macs!  Ya heard!!,4.5,4388,2,4,2,1,0
fDZeiRauG2ojKchcxp2gEA,ZY96XL0LxTQ6U0mUhAQ-RA,J0SAts7SYriv7a8Bi3BvVQ,7,Don't bother asking them for an online estimate or sending an email to their contact email. Both were ignored.,2.5,3353,3,1,1,0,1
JYuelejV4pWatKxH1F10pA,JvzAo6oerqiHkWvftSQgwg,2kQCjdRwSikFZ6WwxsPm-Q,42,"Hello, my name is Nichole. I took over ownership of Robertsons and renamed it Giovanni's media barber shop. Please stop in to see the new services that have been added to the menu. We now offer straight razor shaves, hair color, head shaves, eye brow and back waxing, and also ear candling. Thanks and hope to see you soon!",2.19,5474,167,44,7,2,0
hc8pPA5T8Q_0GsWQSO3dbw,QaCbRxUMAcTJl5YwA6inDA,Vnagnur1os0ZduOpvDH27A,177,Food was fine. Location on Italian Market is fantastic and the staff were super friendly.,4.25,5126,129,22,56,8,1
8EIpa9vy7ek1Ci2lo4Dkuw,eRmNHe4V1iF-fj8N4eJT1Q,dug2mUePewUiVyrRAScdbw,2,"The lady who cut my hair had no idea for what she was doing. Didn't blow dry my hair, even used wax on a wet hair. I had to walk around the city with a disgusting hair.
Recommended for people who doesn't care about their hairstyle, just wants a descent place.",1.5,3791,2,2,0,0,1
x6Vw_8mQt84c3OPYF4chCg,piz47q2wDtl0KL5ucXFYNQ,fFj8iQ8eVZui5kcPzPVIJw,3,"Stale donuts and terrible customer service, 40 minute wait for stalled fucking donuts",1.33,2730,0,0,0,0,1
xgxXKMFiIhxdC4bV__7lLg,NxqcL5DlVZy7bjWhVEN7GQ,xl1QvKi9b349vMkCPCQGrg,71,"Awesome service, great low prices and good quality!! Thank you,will be back!! And they have a huge lot of inventoried tires! I went in there for 1 tire blow out, and left with 3 like new tires. Very very fast considering its on a Friday right before a holiday weekend. Great job guys!!",4.33,4360,16,11,2,1,0
Tp9lBe8WSvPIoQEYi_7UNg,G7FF_5MVDkNEFgzpfcQH-w,wdTa0WoO2q8U9PB9V3pxhw,30,"Dash Cleaners is a small dry cleaner located in the Publix shopping center. They offer same day service but I believe you have to drop off early in the morning to pick up same day. Otherwise, I normally get to pick up after 5pm the following day. Always consistent with quality and customer service!",4.2,4150,9,3,6,2,1
UZXrh_pHTf0OTTbyvgueXA,gNH5RajNEea2NneCLkldjg,WvgJqOHxM0LESJrPZIoXWg,1,Best Italian restaurant in Collingswood. My favorite... anything the chef does with tuna.,5.0,3022,0,0,0,0,0
IRhju2wzAJqIghw8DPLmbw,oGnQtEHmCjy0WDysu7UKHQ,uUWV5HDFKX6rfvU1SNB1-A,1,Always wonderful!  Staff friendly.  Owners gracious.  You won't be disappointed.  BYOB!,5.0,6140,0,0,0,0,0
XAL5hxkPZClIB7DvGIrjHA,PifVxBQbiYJdm4Rxirl2Rw,07NBn37_9HB63c-JdIbR8w,8,"Lived here for almost 4 years now. Could be worse; the price is right and management is friendly and helpful, but you get what you pay for.",3.22,6089,7,0,4,0,1
epglv7XfSaoP7uYVDSTxfw,rownB0f6KQ6cG8N5Gx_ygg,FQPeocBTq8shYABMNf_YfQ,32,"UPDATE. This Wendy's has CHANGED their chili. It tastes different, and is mad spicy. It has black pepper visible all in it, and is just not good. Go to the Ridge Pike or Montgomeryville locations instead. I seriously can't even stomach this Wendy's chili anymore.",3.74,5871,33,10,5,2,0
X2KPxXaHCuyDL1Tiyogm0Q,VnwAkLCq_Xx2YlJck3AxTg,EsUTyPG4dclhGeFu8P1whg,644,See the updated review.,3.78,4907,1153,312,491,26,0
o6w7C_cHtI0KhYV8fUb3YA,nEm_zq9UWMEG2RKw7ekueg,oQCqWfw_6CSaH3M_k_oZ0w,2,"They do not take walk-ins, but you will sit for 45 minutes waiting for your schedule appointment. But somehow if a ""favorite"" walks in, they will take her, while you sit for another 20 minutes! Employee turn over is crazy. I've yet to have the same stylist and I have been going there for the last four months.",1.0,3937,2,0,0,0,1
ftfJxbThQaJ8V-5zeqbIvQ,AZyRr8nAo17aGlnPCN_3xQ,N4IFNpTn7kKfK9akJkerwQ,522,"DON'T PARK IN THE PUBLIX LOT!  YOU WILL GET TOWED! 

I have absolutely nothing bad to say about this restaurant. The service was terrific and the manager is the best I've ran into in a long time 

Please don't be foolish and order the ""bada bing"" then please order the veal saltimbocca. Both are amazing.",3.64,4608,802,139,263,24,1
Lq9SxE6Y54Uv7ZBmHH8KDw,9Ce1qy6G3d-eVaTwq_HBsQ,rxqcQ3fMMFsmKFo3EsBnEQ,7,"I would never shop here, the reputation they had was never good. You could smell sour meat as you walk in the market. People who do shop there obviously don't value their stomachs. Maybe they like having food poisoning. It's a Cousins on Baltimore Ave, I'll never shop there for food. I'll buy napkins, and paper towels!!!",3.71,3270,4,0,0,0,0
-M1pi2jA2HDVWry6e7puog,Gvj5B0yGMF60pGXYMCvcZg,ifEkf8JxP3RCBeszcIGLww,1,"It doesn't get any better. If you are looking gor a really fresh meal, not out of the frozen bag, you need to try Scalessa's.",5.0,1861,0,0,0,0,0
TVU84P8tlkB_NLOdmoCKww,6yyF6PbjtB52JukrOt3AYw,DXYhpEv17mWqSqFjau7vhg,48,"It's extremely tiny and packed.. and very loud!!! The service was pretty good.. The food was okay, but not anything special! It's BYOB, so that is a plus.",2.09,4454,30,5,1,0,1
axoBBlCqPB3n3xh21AQCpw,FfyUjdQhfOiI_0BpERIrAg,eD018QIwrljtaF4Dqe0A6Q,3,Amazing!!! Bo and la are the reason we come back.. Feel like I'm at home on tour!   Amazing drinks and always a party!,2.67,4932,1,0,0,0,0
5COoWMoRJLgTHrdqNwwvTg,krDcmi11LsgkUk6im2obtQ,K6hAv8V2cTuXQtU3VHAD6w,1,"This place used to be great, but has terrible customer service and late delivery.",1.0,4740,0,0,0,0,0
qC0ekJv05NrZJoQ2n9-szQ,FBes98Ab5eLNenIU73wZkQ,-nt6oVXK2vpojHBl6KgGgA,8,"Great toppings, decent yoghurt, good looking store.",2.3,4984,10,1,1,0,0
YeGnd2GjoXLb0zFbgeWg5Q,2F5bfepCnvWlRi85S1g3Jg,f5KbR9Ty05qgJvFbMm7fjA,3,"I've had many experiences here and I hope for many more. The food is always delicious and unique. The staff is beyond welcoming, knowledgeable, and accommodating. And man, those cocktails, phenomenal! Whether a romantic dinner for two or a group of friends looking for a great meal, this is the place to be.",2.33,3562,2,1,0,0,0
sKUlsRvXxG221CFOnirKqQ,MLaMiikCaJeP31FM_yz6wg,fVx8Wk9AnV7PAQlheG_y5w,36,"I finally decided to give them a try and wasn't disappointed at all. Very friendly staff, clean, and great selection. Great addition to Spanish Springs",4.67,3691,19,0,10,1,1
pGPdgtRfVFUVmrxfl0rZiw,lh4-936qzBe9z12iwDgIrw,qOMRVHEarly8iLkXE6p-Xg,242,"Great liquor store with a wide variety of libation. The staff is cool , hip and very helpful . The store is always neat and well stocked.",4.89,4902,284,78,340,9,1
QGag8tS2CFymG9CMLuChQw,NqJku3WGn0Hp7CjA-I_N3A,WnnfNMayJxtPBEHqR9EbrQ,68,"Incredibly cute place and I was not able to spend much time inside, but I was unimpressed with the coffee offerings themselves. Plus- none of the baked goods were vegan, so points are lost automatically. 

I could see myself working in the upstairs loft if I lived closer though.",3.94,4327,64,10,24,5,1
4_h5AwPKPkv3J9CL7E5x2w,E9UEj1rBjYDaD-ww6RSXlQ,zeAfmYy9b1gfUJLRBHm6vQ,6,"Great place. Great food, generous portions, great prices. Try this place.
Paul B.",2.33,4746,12,2,0,0,0
AU4guSg1F8xcoekpAAtG3A,oGAzmfFcCPNwFjRvVZjG2g,BNISBb0BJg6nZBG5fhbJLw,28,The deli tried to serve me half cooked chicken tenders. This Publix really lacks effort and pride in their store. If I could give a zero I would.,3.54,4891,26,10,15,0,1
lYM6H9aBfn_7KcNo-JY_yA,F9cx6jFnmdwE1YwpzgjK6g,8B4M_OdjhjlYYJK59U7-6g,75,Great job.  Stopped in while traveling. Took good care of me.  Professional. Clean.  No drama or questionable activities going on in the background. :),3.58,3520,97,7,32,1,1
mdDZ8-WphWUudA2wUqoO2A,dnmneXNctPkA8401g3YGAg,ux1v8CPeuJ8dJENRt0Iokw,5,"Best Dry Cleaning value in the area. Great quality service and pleasant, personable staff.",3.8,2653,2,1,1,0,1
o3B1B6wfGWHACD6lBjUg4Q,L-hN1U5wchYJw6sK8abT3w,UvDud4vaI7l_JlBV3E1mHg,2,My favorite place for pizza in town. Thin crust is delicious. Ample toppings that always taste fresh! Will be ordering here only from now on!,5.0,2494,0,0,0,0,0
SwduIQjLHp28Uc9_UY9PUw,0TUoFYQoAXpsfFXwsvAYLw,lW0j4djwjel3zBXMPaxv5A,3,"Got the lucky dog with cheese mustard and onion.
It wasn't anything special. Filled a spot while waiting for the plane. I had heard that they were pretty good, but was left feeling meh. Gave 3 stars for the staff, girls were pleasant enough, just need to smile more.",4.0,2197,0,0,0,0,1
5osq1_XNVNKWLnQd7dp-8A,P4QLwXDZhKLZHjFRzUzFsQ,yp1ryLXLntJOqRHYKFnnqw,4,This place is disgusting the manager is so rude and his workers and complete utter disgrace coming from vegas. Hate it here lol don't come to this place,3.0,2607,1,0,0,0,1
dsYM4CrDX_-KoAKUkfvt3A,LzVNDNlsWjgAtlXP94TLCA,MyeHNpz5zLqB09PLLOCtww,4,"This is by far the best gym experience I've ever had. The staff is so friendly, Chase and Nicole were so helpful my first time there. The bathrooms have been spotless every time I've been in, and it's always a good mix of people in the gym, a very comfortable setting, not threatening at all.",4.25,4036,5,0,0,1,1
D7Qn2N-AJryW6NZHYsjsOA,IbN6-2dglXo2hYufYHWWcg,u6V0nO74A3LaALcW5DU0dA,28,"Went to Lee's Friday night to get some Vodka.  It was 8:30 and it was pretty busy, lines down the isle waiting to check out.  You would think they would have more than just 2 cashiers working, maybe someone called in.  But if they want to keep getting out business they better step it up!!!",2.13,3235,25,1,10,2,1
QcS_GiWNs3avbfeBTBKAOQ,YDvL5CHBpQe1nprcmUMUVg,D8NEBGvh1DVHbyEs2cWVAQ,1,"Great Customer service, foods made quick and efficiently. This is a great location for them. Keep up the good work",5.0,3020,0,0,0,0,0
jj9Yzv8IftyEEc8hNcsZ7w,KcJyrtxdVLJnyrm4dYydwQ,nmeGoVi_U-bbnojJsi52Aw,30,"Delicious pizza! Was flavorful, nicely thin and the perfect treat for a cold January day. Really friendly staff, too!",4.33,1675,12,3,4,1,1
I4eTfjmuXUi8COkKY-iQbg,E6UI44GeuqaacjSAIHjFOg,KlhTXr1S73X7xr-qQP8-Ww,30,"Pure trash. Over charged me. She charge 2$ for a water cup. I complained And instead of refunding me my hard earned money, she reluctantly gave me a regular cup for fountain drinks... That I didn't want in the first place. I hate when people double down on their mistakes. I really hope she reads this and Repents for her sins",3.25,4348,23,8,9,0,1
o6KC25LMOEYYjp7EIc-Dig,onJQeqGt0b4hOcEBsD62Vg,kVhJkwQfMRAB14pUv-XfSA,25,Troy and Morgan in the bar at GREAT. Missi at the front desk is a pleasure. Great place to stay for business travel.,3.36,4346,13,1,4,1,0
AVH7sHFKyCvFI2GwotwE7A,xnLGawe1wnqK8aqh2hvAFg,XN7u3K1bHK2biYBaA7pDIw,3,"Great eye care. Both Optometrist and assistant must have asked me 10 times if I had any questions during the exam and discussion. New office is beautiful and everyone there was incredibly helpful and friendly. There are many choices for eye care out there, I doubt you'll find a better experience anywhere else.",5.0,2751,2,0,1,0,1
XOb9cXlkWxR5ylUxLmox-Q,7ImBGDF4q01p7X-6yUatXQ,GUMVStVaJfWmCIpQA4TtHg,1,Somehow everyone seems to fail to mention that this place smells like a dirty sock. They need to light a candle.,1.0,1419,0,2,0,0,0
dCrMg4-ZgF5dRHLWj9HAvQ,-GGSgoT8pOFuJg0wT7Vg9A,fxP37Mh3Kx9MS6NlceEgVg,2,"I've been too ALOT of barbers and I can tell you that Jason is the real deal. No one has ever even come close to doing fades as well as him. The atmosphere is awesome and the conversations never fall short. Can't recommend HOB enough, you gotta experience it!!",5.0,3873,0,6,3,0,0
FFDJSD1z85gwt52vxwCQgA,d2geYvtONRXFR7t5esBPsw,PbHZl6v0fyPhObmuzaLi3A,12,I must say how amazing Hillary is! She just knows what is right for you and does such an excellent job. She is a very experienced stylist with the most awesome personality. I would definitely recommend Hillary for any color/cut styles! Thank you Hillary and thank you Crush! Loved it. Nina,1.5,5035,24,4,4,0,0
zkXuEndr0XUH-PTsMQ8TRA,yzI8RxBsNlKndP1HMQ0Q6A,487YGb35SthVkMakBjGnxQ,3,Very Authentic!  Affordable pricing!  Excellent (Friendly) Staff!!  Great Tasting Food!!  A MUST EAT if you're in the area!!!,5.0,3941,1,0,0,0,0
3InTmXjJ1hOSyqAXr4_E6Q,qWNLAINFxMlanfGz8WFaIg,EYs_T4NU2BbaUF7vUDI55Q,7,"Good but not great Sushi, excellent service. Almost all rolls include crab and/ or shrimp, more variety would improve the menu.",2.86,4826,25,7,2,0,1
JfTdlNOiLiLeGx2Yamz7Ww,gpXFoTD_eBMk6vyI7xVOww,A_NePtoarX2JQUztwJoPMw,11,Best nail salon in town. Always friendly and helpful.   Even on a busy Saturday I can get appointment.,5.0,2301,7,0,0,0,0
Gzkz3HgU_LVcjYBd7Z0f4w,u8awpvumycJ6nR6Dn5tohQ,KD20H4BiOqSaw-0n5LsV1A,16,"Virginia, who was working the drive through today, is probably the best employee that they could ever ask for on the customer service end. Unbelievably sweet. On top of that, she knew the name of the person in front of me and knew what they would be ordering before they ordered it. She just had it ready. Never let go of her.",1.82,4825,25,5,5,0,0
kgbfWe_ML_bTRO3w7W-26g,ULn8H4qOi30y39_M71uC6g,NQhyMw8SOU1HB-V9X52CTg,2,"This is the WORST dealership on the planet. If you are considering buying a Chevy, and this is your only option for dealerships, then do not buy a Chevy.  They honestly spoil the Chevrolet name.  Horrible service, horrible communicators, horrible quality, absolutely the worst in every way.",2.33,4985,1,0,0,0,1
Kq1kxWieQbaqL_jcSgar8w,E-6w6KO6755TNlcAHvwD8w,5ItgryJvadUrKVljjJ8l4g,2,Best and most authentic Mexican food in Fishtown/Northern Liberties BY FAR. Their chicken tacos are amazing.,5.0,1828,0,0,0,0,0
G3YlvJVbNIPrO5_0PpExtg,szdxFu1LcIpNmlCPhf-oeg,DLasGNHo7wicO4XlEy5QyA,5,"If I were a 60 year old asian man, i would absolutely marry Kimmy, shes the best",4.4,4841,6,5,4,0,0
MtwHgOZ8PYQIYQbB4LJwGQ,rPpnNrC9eUxIxOXgZiEyLQ,x5zkOBa82aH9dsB8-ZUNNg,18,My favorite!!! Always fresh coffee!!! And the staff is amazing!!!! Happy hour 3-6 1$ coffees!! Can't beat that!!!!,3.83,3951,9,0,1,0,0
qaageDdACqQB_lgnFP0amw,8vtyRT27Zg3pGQj1kX469g,t-abv5g6bjbYwLerN_4VKw,2,The best Japanese restaurant in Tucson for sure! It's sad that I didn't finish trying every dish on the menu before I left Tucson.,5.0,3950,1,0,0,0,0
hcYEO89LwNKHRaR13At13g,bB-SstpeV8etrdon24aHmg,J0QQMuZkr7ee5ih1H19QsA,20,"Last night, EVEN while the GM wasn't there, my food was EXCELLENT!! Great turn around in my opinion. 

Thanks",1.85,3900,13,2,0,0,0
bPYc1fP_mdLg8mIAQ_a0nw,KVmgk5v6mHNpJ7OmCYjYTQ,fc5rutst3H7FkDyfgc5prQ,3,This is just a little spot in the mall but it has the best food!!! Love everything we have tried.,5.0,4704,2,0,0,0,0
XCQqjV4iTHRHhDVIVdCucQ,JYKo3zfMvxjUkzKRdjuwRQ,kZtl_NJjUnlIQgzFrBhXyQ,3,The sushi was good. The service was poor. We ordered take out and we're told it would be ready in 15-20 minutes. We ended up sitting around for 45 minutes before our rolls were ready. We would have appreciated more honest communication about the time it would take to make our order.,4.0,3961,0,0,0,0,0
ehgoG85SLOa5EWVG8X1fmQ,tZ13cahtX1R4LrMy-1BT6Q,xNZMbdl8ga_wjBPFMZOsyQ,106,"Just okay. I've had far better Mexican food in Tucson. The price is reasonable, but I won't go back anytime soon.",3.38,3946,20,64,3,2,1
eVYbJt6kpgAyFU5u1BBQLg,lkQcFOAzhSQRsrmYv4mp7A,Pghh8cqcQrgH0U4BCwzjQA,6,"Please put something on your business windows other than a giant sign saying ""OPEN,"" when it actually
Is not.",3.67,2527,0,0,0,0,1
VdF_jgrcRhOBzsqgyZRjvQ,b7X-_mcy2302RhvkgS28-w,6oWaOMzGPCe5fjZvINe6YQ,9,"ナッシュビルでの一番本格的な日本料理屋さんです。オーナーさんも日本人です。お菓子とかを販売してる小さなお店もあって、その店のおばぁちゃんはとっても親切で可愛いです
刺身は分厚くて、旨いです。",4.0,4999,0,0,0,0,1
9b96un9ABq-BsNlaOMHFow,44nCOpoqOpEjb02ltLrt9g,8SGNNp1JcTR41BWjZRLY8g,7,I have never had a more thorough exam in my life. So very nice & completely professional. The doctor went the extra mile to make sure I was going to have the right prescription. She answered all my questions & explained everything. I heartily recommend this office. You should not even think about going anywhere else.,3.43,1484,2,0,0,0,0
NdTxbIKrJQEtUZc9CiPe0w,STQyJjqMqLmZ0L9PpkmyDA,_KSRzh-ZxwKB3YcRlZQsGA,1,"This is the best place ever! It is so good and really cheap, best icecream I've ever had!",5.0,2933,0,0,0,0,0
oioY3mm1Y0LsFpNrX98HaQ,39eWhdUHyqFdMQQCMTtmAg,-zzAC2cpeUbr9QTwy59yvg,174,Great burgers and fries. Wendy's is on its way up and this particular location is nice and clean.,4.3,4741,114,28,29,3,0
82lykLxPkGUxgFQWGOMgcA,r1qZn_HWTjGM-50LIozfMQ,S8obO75HdAxvT0QPAMFqwg,43,"A Full Plate Catered my sons wedding with 66 meals on 10-30-10.
Our guests raved about the food. No one but the Bride & Groom were vegetarian, and everybody loved it!  The food was great quality, set up was fast and on time. I would use them again without hesitation!",3.08,5579,71,5,8,2,1
qNJsklOIo2T-1y3fremDxw,_ijW8wAL-7_I25B7RIiyFA,oStlT0wrFk930TSKgVKRbQ,9,Phenomenal auto mechanics.  Incredibly kind and honest and knowledgeable.  A real gem of a place.,2.7,4546,19,4,1,0,0
UhXH8v215_Z6YApvpouDwQ,xaQONQlWIhTSo-F9YI-uuQ,s3Soh7TIr8Q91apBqI3e9w,110,I need LOTS of drinks to not think about  worms in my food!! I'm hungry but scared to eat anything!! I love George's food!! No problems here!!,3.53,4096,88,24,24,5,0
v7nvCpMEB4XkB9dWVZ2cFQ,Xu3JnwfKAqEHjVaqbCgNAA,NH32wQkXTkPauNAj5EFleA,56,Had a great time at this bar. Bartenders were friendly. Security guys were cool. Drinks were priced nicely. I'd come here again.,2.75,5277,22,5,4,0,1
cmWaT5_GgY32OF0XK99Sbw,Ne3DSl7bmpvjqEeXD2BQ9A,dUAw3a1UQq5ojCLq8JM7IQ,139,This Burger King was recently remodeled and is very nice on the inside.  The service is generally pretty quick and we are in and out in no time.  The food is typically comes out hot and fresh.  There had been a couple of occasions where we've had to return the food. Overall food BK.,3.9,4962,126,13,64,16,1
vXzTNeLfEqxCZTfX8UFFFA,zZRE8S7Lz4oHUmq63CbWcw,ut9lc20Dq7tUH0tZMKic1w,29,The employees are very nice.. but the inside of this place smells like POOP... could be from all the homeless people who like to lounge around there.. This mcdonalds never seems to have anything.. no parfaits no frapees.... no items with chicken ?? Poorly run and the drive thru takes forever,3.22,3417,27,5,5,0,1
vz-UFG83jm5ONKUi8-f4Aw,O3bUEeY8Lc4-IVJ7RCM9cA,mqWo3f6nt7hkqM1OSLga0A,12,Clean store quick service and tasty food we ordered the new bacon portabella melt combo it was huge and delicious,4.17,4875,18,2,5,0,0
svrHQVsfmpSOeFOfqOeBgg,Xchy08Og1RkbyTxLUU1OuA,46fEorqn2nVbxdclHdHdKg,6,"Excellent service, excellent food, wonderful view. The filet mignon is unmatched anywhere in this area. Great date night.",2.57,3997,3,0,0,0,0
C6rRy46LifJrhlubdeUcJw,3MIrKQ0xGRKJ0tizxT9MCQ,FQskkrIuNMKRCQJuokI8gQ,181,"Jeni is fun work for and her staff has the smiles on their faces to prove it.  I was so impressed with their attitude and willingness to help that the ice cream could have not even been good (which it is delicious) and I wouldn't have noticed.  Creative flavors and smiling staff makes this place a ""must"" in Nashville!",3.72,5215,81,32,28,6,1
_KFii0TP6gpJzlQnw3BXWw,m1e5h55T_VsDHcBznBy3Ug,LnQRfj3pPz0369stRnwUWw,2,"Amazing, amazing, amazing!!!
Don't even hesitate for a second...come, eat & enjoy! :)",5.0,4729,0,0,0,1,0
7LqMG_vxQQgOtbIKSXRuwA,XiKeJ25KyZgIvRoVRpgZDA,GsOc2dLx08yIdTyGVggy3A,12,"I have eaten here about 5 times and every time the food has been delicious, fresh and overall fantastic! I can't say enough about it. The service is wonderful and quick. It is a hidden gem in Yardley and they have great lunches as well as dinners. Dining outside is also a nice feature.  It's worth your while to go!",1.77,4496,32,2,1,0,0
fqMe8sKy7vWOKzUDyXkpiw,3A6d8nanLd0JV3d9dEMTgg,bbo8Wzh3LFrysrdaLzufsg,151,"It's Dunkin Donuts so you know what to expect (typical South Asian owner/operators, nice folks), except this Dunkin Donuts is also part of a ridiculously overpriced gas station. Coffee and donut prices are what they are but when it comes to their gas they are price gougers (2 star ding for ripping off people). I go elsewhere..",3.07,5485,238,56,44,6,1
L5BfM8rDg3adpSpadwAz7w,9CJ9Rh3ItDsIlZ0tjgsnGA,p7tSGmWpFV246aYhwODgBg,5,The sushi was soo good! I loved the wide variety of rolls offered and they were good sized portions. Super delicious!,2.8,3218,8,0,0,0,0
rUM08TSUUXJ5nAQCR_0e2g,_8dQMU97dBQH5fFZ6hTJgw,ktxiQja3uQ5yi7CBr1nz1w,28,nice place to stay with a pretty good breakfast staff is very helpful and friendly with a great indoor pool,1.86,4756,22,3,5,1,0
U62gBkLodOrg63gag3ulrA,3IbUsmuRiC40dcnej8WQvw,zAhDliPU8xRGGpF17n_lvw,9,"2.5 hours for an oil change! I had an appointment scheduled! When I asked to speak with manager, he was gone for the day. Absurd, first and last time I come here. If I wouldn't of asked it would of been longer. Ridiculous, this was at Cerritos location x( you thought jiffy lube was bad! This place suggests extreme car repairs.",3.22,5451,24,3,0,0,1
5ta29IFoJUczWAO729Lf6Q,vaTuZ4LwT0gCYdhAByp3ww,EPkF-beh6gg_s3HtlAdfiw,9,"Best sushi in Santa Barbara, best affordable sushi in Santa Barbara and the best service in Santa Barbara.....",3.44,3152,1,0,1,0,0
E8ahAou0NPO3zSbK2cUuHg,WcJeZWHcuRYcSJPLeYFUdA,hdlhRIO3FNwLqGLCexp8bA,11,Great selection and right next to where I live so that is great! However some of their employees are rude and angry and really annoying to deal with. If you are going to hire micro managing assholes then get me a self checkout so I don't have to deal with them,3.59,2382,3,1,1,0,0
UF_en3Qmk-6gznCMuAkBLg,Zsucq1c-sjuGxs5jZuUEEg,GPe-7Tvr_of8-JirusJ6hw,253,"It's not my favourite pizza place in town. But in a pinch, and especially when it's getting late and other places are closed, Boston Pizza is fine.  I like the Zorba the Greek pizza - tomatoes, olives, onions, bell peppers, feta and mozzarella.  Very satisfying when you're very hungry.",3.73,5567,817,221,365,14,1
ANuSJgGYQ9o7Gwlm17t2FA,u2_R331INAxr7KZQ1uf1BA,Hi2ADMI1_BEahkXRP4lcjg,3,"I ordered the duck and got chicken. Half of the chicken was cold. Totally feel ripped off
Will never come back to this place",2.67,3653,3,0,1,0,1
sh6Z6-k7YwndAEGiax1aGw,Qew3MOY9EIGwv065w_e5DQ,7Xs44M4gmghxrJgU_xzppg,10,Y'all lit as a bih drinks are bus employees are dumb lit except for Lindsay and brandy but other than that keep doing y'all,2.2,3795,7,3,0,0,0
EptZ0ym92JkqdpVRmVaU1A,UPTJoztvmh_0s-XTMVsUwQ,xgJMQq0uVY4KB9EfnccXzg,95,"It's fine, but it can suck getting into the parking lot because the drive thru line can get backed up all the way to the entrance point on the road.  And getting out can suck too if what you want to do is turn left at the light on Ulmerton.  Just makes the place not worth it.",2.76,2472,25,7,8,0,1
PwSEjKL5-Ealhk3XXnPlrg,e8nx8PB-mNgRtr753o9pjA,RQfr2bN098xUzYyO0o-BOQ,75,"Ordered their special pizza-best pizza I have ever had-really. The crust was perfectly cooked, really tasted great!!! Lots of toppings and real cheese.",2.66,4699,127,39,13,0,0
nNuxtzuoDCLt85WvijgQjQ,zGFI6Mr1fjaNHRn2_4k8Qw,H_kpPq7hIwr8UTWU8Cw8TQ,1,"Amazing food, drinks and staff! So fresh! I recommend the Taco Trio and classic margs!",5.0,2406,0,0,0,0,0
GyoeN3l7lbF1iQ7neoz6uQ,BYpyPmJp1Q9jFX6O7LwUNg,hRoAl3MoV3_D9W9Vi7x3ZA,11,"Great prices, service, atmosphere but above all amazing food.",2.65,4826,16,3,1,3,0
bxIj48BpmHKri74Rn1A7LA,Kp-kHwfrOuXT3CSSQdQkbw,n5i09tgSuzv9ZeIN9Qe5oQ,3,"Not that impressed honestly. The atmosphere is great and all but the food comes in VERY small portions, and it's only mediocre in flavor. The price of the food definitely doesn't fit the quality. The servers seemed as if they belonged to a frat house instead of a fine dining restaurant.",4.0,3681,0,0,0,0,1
4jy4dpJhYFBK63Bn5WA7Cw,br0K54TTLS8pabvfYvvZPA,GC75ZzoLxsfeKyk7vA3pXA,3,I love in an out! They are fast efficient and their prices are very reasonable. A young staff is also responsible quick and friendly,5.0,2368,0,0,0,0,1
k7wiXyfKgp0MoE_s3H414Q,-pRqFkHfBUWNW8AgDJVrHQ,BfxzDqkYgFRwsLhCCVL4vw,38,Only repro vet in the valley. Generally pretty good. Until you need to schedule a surgery on Saturday and they change your time a couple times. No apology no let's figure this out. Nothing. Had to cancel the trip to the zoo with my son. Unfortunate. Felt like their time was more valuable than mine.,2.26,4120,114,41,15,1,1
3_6V5qKu3UZn3M3VBtdqIw,v3AdJiPaVFzKgE1MeEgYZQ,9Jdg1BCcqiSWUEszAc9BOQ,7,"Best pizza from our Jersey guys 

They always know what they ate doing! 
Thanks guys see you Friday !",2.2,5641,5,1,1,0,0
J1RLE0W9l8UimW9tPDY3xg,uKMC-Ecd05CL--evvw5yUw,lKU_kljhbEQKIPaM1Zbqiw,1,The service was great the food was really well done and loved the atmosphere Small place but worth the way,5.0,2006,0,0,0,0,0
185WpYgNLoyuiMXq6aaIrQ,LWOZqrCaEtqqxwngmJCe1Q,clwjLY7PdYJpe7IP9lrqEw,1,"Margaritas are good, but food wise, Taco Bell is better. Please drive 3 hours to Texas and try Pappasitios for fresh Mexican food.",1.0,3375,0,0,0,0,0
B3EME-92i9rl0almlodlcg,yelLiiJQfMxk-zcrahuQlw,lzd8C9rmc4_5tmmnbq_7Lw,16,Best pizza in the area excellent crust sauce cheese and toppings nice staff too :) worth it must try!!,3.0,3345,10,0,4,1,0
pEglC0g77N119YFP2k8ZMA,OExV6f2fiBE-14ERGfgJQw,e-KXrmLR0s5BQZpQozrUrw,15,"I don't trust this place. They got a diagnosis wrong by saying the main belt needed replacing. It didn't 
..",3.82,4431,9,1,0,0,1
99jZRAu26bXwunXHcmEFQw,_MknmtAEAPIhIk68t9vGrQ,qYZx4rolbMTL3a6LhcHdbA,38,"Where's Happy Harry?  I used to stop by often on my way to work, but the bottom line is that most of the employees are odd, borderline rude.  I've spoken to other locals and they agreed.  It's a small space, you just gotta have a nice employee there while you shop.",3.71,3600,37,18,14,0,0
Q37-_XnC3Td6jUSgZcrbWA,lNZl2JhzHPaeuwH1AoRxLA,ceOLiBDHKrc4flMXoGnfqQ,8,"Great food, charasmatic",4.5,5078,4,4,0,0,1
-RDchIc1G4DE0REiMPJKww,DSZd8_Sh43VgirrAjZR67g,-nlRc8jUpZ-IubCyvNq8xw,6,Amazing! I love the elite because you get the exterior and interior cleaned. Amazing!,4.29,4219,1,1,0,0,0
ShuvxVZtkkJ3z7d_y8fDFQ,fDUGpAEnLy9LvcmyrV_dcA,HVdFkjYtVw78kTZS9wQuEg,10,"1:  The two sisters are hot.
2:  The brother is friggin' awesome.",4.13,5033,6,7,4,0,0
b5BhA_uCKZcunOrUtM47xw,AiUDL5PRWZFdaDixqhSCog,H6ug0wi2X2pFJpqPYBFaRA,69,"I'm impressed. The room is nice. The linens are nice. The beds are comfy. The manager is on top of everything! 

The breakfast is on point. Scrambled eggs, potatoes O'Brien, bacon, doughnuts, pastries, bagels, regular and cinnamon waffles, big and small waffle griddles, yougurt, and 2 kinds of cereal.",3.68,5231,120,50,33,1,1
EyreyOrb_HDjnMvBIQzs9w,eAZUwzjJ1jU5ui242leeNQ,2h3SEwpI6fiuTF9mcN1S_Q,1,This place was nasty. Not worth it . I order tacos and they didn't taste good. The price wasn't worth it either too expensive.,1.0,2605,0,0,0,0,0
9EC7fr97er0iw62OWjFPEQ,eDdg9qTw-14KTJnZV3W9IA,1POtbVM_p3KqrYpCvGgtKQ,2,Friendly staff who is good with kids.   You always make my daughter feel special!,5.0,4442,0,0,0,0,1
IiAGLjqXAjmhmIdw-y1QqQ,G8_c-phB2uJ47Bz4_NsDyw,MB95qdTuKOtDUkv01Jl1Jw,2,"Had an appointment at 130pm.. they told me they will be with me shortly. Well an hour later they took my car back, as it's up on the lift thingy the 2 mechanics start arguing and screaming at eachother. Now another 30 mins I'm sitting here waiting for my oil change to be finished. Safe to say I will never be returning",3.0,2420,0,0,0,0,1
7_akhssMJ8NlpGB00o8Ztg,KroedjBCftUyS2xOqn2okg,fk1JfQQya1FZnXwEDURG0Q,3,"This is as good as Mexican food gets here in Tennessee! My wife and I are from Southern California/Arizona and we know good Mexican food. Come try this new reastaurant, you won't be disappointed.  The staff is knowledgeable and helpful,  take their recommendations!",2.33,2237,2,0,0,0,0
pRrfMI-TjmQyrCofqLiRsQ,150HMxNcnamvqVJ3UaGlvQ,ZngsxFOi6nobpDSjPigJ9A,21,Awesome food 99% awesome service (had one night with a trainee that wasn't stellar) but otherwise absolutely love this place. Get the wings!!!!,3.48,5405,12,2,5,0,1
Uqt6I7dT5grMdt_NUYyBLg,sTkJPmBKvQJcmpeBIPQJRA,ztHN2ByDLU1OiXK4hvTwBA,10,Tyler and his team are the only people I trust to work on my vehicles. I had issues on my M6 dealership blew me off and couldn't fix it. Tyler and his team was able to fix the issue no problem. He kept me informed with pictures and text for the 2 days they had my car of everything that was going on.,3.4,6106,3,0,0,0,1
TWFwuR5053qrECxGnzUUBA,pTr6iSehfftoWsLrwuphkg,uyXVm7lhbR26t5Jy20VYPg,13,Ridicously slow kitchen! Becoming habitually slow! This used to be our favorite  choice but this service has changed our opinion,3.62,3231,5,1,1,0,1
D_jH4SmwdSlNQ-1YPoLDWQ,kyclXVbx8Qpyt1Zq_inWxg,qVY0UO7I0rmkjubSplnBcw,98,It's not the best hotel you can stay in.  Items left in the room after check out seem to magically disappear because retrieval isn't happening. The restaurant there is awful so make sure you get out to experience good food. It definitely won't happen at Crabby Bill's.,3.07,5724,152,30,20,9,1
d0nzW9mLrzO8bQAO5Na9dQ,m4WHFa_nX0gJxWNvjg9FGw,HKdjDm9Ecimp4NIsPsy6bw,1,This is one of my favorite pizza restaurants. I strongly recommend the tarpon Greek Pizza and their garlic parmesan chicken wings,5.0,3264,1,0,1,0,0
actT-W_0r7cXUMiMB03L-A,FJzwVIBf834XD0zcEqY4Iw,JbxOWK2tMUkNmYPvjPBVoA,13,A perfect place for the older crowd. The music rocks and the dancing never stops. This is what your looking for.,4.79,5564,12,3,2,0,0
E12Ij6TAKIjAOKKSEJFv0Q,qwoIWMazWTk3lkfi_TkR0w,s0NYfUhZ4wa5c1c0EPdlRQ,15,Food was fantastic. Best mcdicks I've been to. Staff was friendly and place was super clean and also staffed well.,4.07,2254,1,0,1,0,0
sYZAtFT4ne9qelWo2QKFiw,5Hm3ISx11vb06UNTwnLoiQ,Kk8sIQGaYCA-SQjgDZ8pBw,20,"Fish was super delicious, extremely fresh and tender. The waiter was also very nice.",4.45,3779,18,0,5,0,1
Zw7q9JWGVJCFYul_DVktOw,g7LdDcTBK7yhBAENyOfoVQ,BCmVytJZ7bTt-LnxVdkRew,2,"Let the good times and the best flavors roll! If you haven't tried rolled ice cream let this be the best introduction to your pallet! If you love rolled ice cream and haven't been, what are you waiting for?! The atmosphere is family oriented, great staff, clean and the prices, Magnifique!",5.0,2435,0,0,0,0,0
VL6R0xefE99EbprrD8eo-w,7LRUzGYuAwYx-dp_IBXeSQ,DvFd-agmSZZZ6f-Yb9jmtA,5,"The sweetest staff and a very clean environment. Having this shop on campus has definitely brightened up my late nights of studying. The usual self serve frozen yogurt shop, but they always manage to have the best flavors! Try blueberry and cake batter blended. You won't regret it.",5.0,4117,5,0,2,0,0
B7oeSwODFQxrfQkGhl9plA,ea_hlUSUiwDA1DDCvOvsug,H6_5foPDTXokxm-rptLZdw,22,This place is great probably the nicest people you'll ever meet! Brinda and Charlisa are great people they've helped me out so much. They've gone way above and beyond just giving me a a place to stay by showing me some really great hospitality on top of  giving me great recommendations for food bars and ect,4.5,2367,10,1,2,0,1
u61OjfHZCx1X0hf56tueoQ,ZmmI-l5-LljFYLZE4tSm4g,ngN3yfabddV-YkTO6WI4_A,1,"Coffeehouse five is amazing . The coffee is great , and there is wonderful service . The workers are very friendly .",3.5,3260,0,0,0,0,0
Woro9wjbhb3_DKbcrUTYng,4eDz9d7cYBCu-ffWdQS4eA,lKU_kljhbEQKIPaM1Zbqiw,1,Best gnocchi my husband and I have ever had. The meatballs and spaghetti were also amazing. The atmosphere is perfect. Can't wait to go back.,5.0,2456,0,0,0,0,0
e94uwOiIDsNDooOGQcEGZA,jqg7rWPPVjBavt6yg3HQOg,aokmHGeXF6Q41Q5h7aU53Q,113,"Slow service and mediocre quality sushi. It's not bad, but it is not great either. Tuna and salmon were just okay. I am not sure how the restaurant was able to mess up scallop, but they managed to serve something that wasn't tasty or recognizable as scallop at all.",3.26,6312,130,38,28,0,0
KYpH8N7QE_m0M5668b9Dyg,iMijVMVixvkRyrlN_jK85Q,Pga8KxT1OlQJA7FWwSTHjA,36,"The Szechuan beef tastes like they cooked it in chemicals. The pepper steak had no taste at all. The teriyaki chicken had no flavor, like they put the unseasonal chicken on a grill and called it good. And the hot and sour soup was only hot and not sour. Overall 10/10 would not ever go to again. I've eaten army food that is better.",3.17,3856,23,6,1,1,0
ZXWjT-cCWTs2mVBt2F4GjA,3aAWjo8Xn_U_DDnM2oeLEg,HviAzkMvhZbyT8dUH9BkLQ,1,"Best sushi in Boise. Onolicious for sure. If visiting and looking for a great place to grind, this needs to be on your list.",5.0,1925,0,0,0,0,0
ynHoGPg6VnkLVlBLXDaGzg,iRnw773AZ5D_irn8sl-BCw,aCHS5pnDjChkHpFo4-EfKg,2,"Great food, great ambiance, great service.  the grilled calamari was fantastic, as was the lobster ravioli.",5.0,4758,0,0,0,0,0
sj-3O97JY62vVgYCG-kQrQ,Mt2iAEhoJw_-DTGVzHRuBA,64edlJc8so-YHdoEEya7Hw,2,"So nice, they moved and remodeled, everyone was great and got all my eye exam done quickly and sufficiently. Without a long wait at all",5.0,3276,0,0,0,0,0
yVyjBdSsOXq1_qbL7bD1Ig,sYZWGe7dOdS1vhzfARGAPA,RP8JKUeQHwz_aRYjmipokw,196,"I've been coming here off and on since they first opened, the donuts are fine but the service needs work.  I stopped going here for 3 months because the staff was very unfriendly and rude.  I decided to start going back to give it another try, different staff same bad customer service.",3.54,5477,289,63,108,8,1
f4BmyoJztFCqutU5gpjTWg,y7WczEjHHIbaC1vF0fu8UQ,AYx_fO1tdHWIqy6jtVXWaA,13,"good food, good service ... just too much sauce in my opinion. i could barely tell where my food was and where i should cut",4.21,2738,4,0,0,0,1
OwDSyAwQ0JFHCc26xODnUw,6u82x6PkhQD2zm6Qa3mxCw,pCUMtXfRIGeDtp3S5jjshQ,1071,"Had to do it.  Only been to the White Castle in Vegas, and I was so Vegas'd I didn't remember​ the taste.  

If you've been to Krystals you've had a White Castle.

Took over a 1/2 hour for 3 sliders.  Not kidding, and it was like 11:15 so not lunch or breakfast rush.",4.14,4045,1434,283,724,49,0
_HX7c5bG2nlKWWIWBN4q_A,GAYJtcALgtA4hrewA34rdg,m-EfDi7UBwdiEBm7NXqq3w,7,So the pizza was good but it wasn't great. And the price for a slice just isn't worth it to me. Maybe it's better if you get a whole pizza. But this was nothing special. Service was good they were all nice and they greeted me right when i walked in. I'll probably go back and give this place another shot just because of that.,4.0,3564,4,0,1,0,1
NvsSHFky3z48UqWBG8sXOQ,G2wdMz9lsayIEo36-lpUAQ,qV325HCv3cZKgdgkMJObNQ,1,The fans downstairs are vv unsettling. The over 7 foot crowd would totally be decapitated. Also anyone with mad hoppy hops. Also Giants.,3.0,3590,0,0,0,0,0
ZaQJi4qoMxw-i3x7J0Or4Q,cLivZsHxtHzMUJJ5treVmQ,YGdLTubcDfTdhQhyLL8LFQ,1,Great location. Home of the  jawstoo.com #1 voted charter boat in the area.convient to lots of great restaurants and activities,5.0,3733,0,0,0,0,0
VFVDN02zl3hUViFHmQXFmw,aeCpAiEQdRdbQaSSEu5ZXA,emjdC2WMxwdFIJbdYzdMzw,41,"We love this gym. Our whole family loves it! Warm, friendly, clean, great equipment, amazing staff!",2.88,3391,12,0,1,0,0
isl42V6xJUdlnlhEs7re5g,ZyswOOQ6PDSx9YWZgLNCug,uvG4QThFmQswhHCnPCGJyw,11,"Best Apple Fritter I've ever eaten. Croissant donut was good as well, and the blueberry cake donut was so-so, but the Apple Fritter was the shining gem here.",4.09,4163,12,0,3,0,1
Tr6olkXKKVlNfAa0R7jKNA,NyrWb-XZJhycDH3IsIsAbA,e9J0IWHyYGU-AcCqTQ7lSA,2,"This place is always amazing, one of the best sushi places in tampa. Dog ate my homework is a must. More people need to frequent this restaurant.",5.0,3672,0,0,0,0,0
tJ44Q9uOvw1xwDwqWZqIng,8VDJhcawHXZ7qq85hTkJEw,aU793VRm-r8g-rS0v_mzUg,34,They altered a formal gown for me for my son's wedding. They did a great job and had it ready when promised.,4.14,2820,5,2,4,0,1
9zD2X098YhFBIKmsqzu9gg,g8k7vRGfUORqqeuqru1WhA,ISFPX6auJZwFd1QQttcJew,32,Awesome place! Very nicely maintained. Have lived here for 5 years since they opened. Easy access to riverine and Philly and shopping in cherry hill without being on a major highway. Nice marina down in riverton. Bike ride in the summer along there are fun,4.69,3487,8,1,2,2,0
HwKFQTygL2eCib4kw3jGQw,UaLnvFwM3gt6dzGruTX9lQ,ehDMKoJUvrkU_y_2eSSiHg,24,"Hey, Chipole Restaurant fans!! You're missing out!! Meals are larger, more variety and more authentic all for the same price!! Tried Tinga, new favorite and Chorizo, another new favorite. Service was nice, wait staff friendly and helpful on both visits. Sooo00oo going back~",4.27,4203,27,7,10,2,0
Qha0oz0YlfqHq95eEqQVKg,lbAvceWo1hcq2ovW91zX9g,SuSJ2BGPOSj_3NzqTIFgpw,2,After being in here for over 15 minutes without being acknowledgement from any of the 5 sales agent present. I have no choice but to give a review. I brought my business elsewhere. The colour of my skin shouldn't justify the service I receive. This isn't our neighbors down south.,1.0,2978,9,1,0,0,1
Y09LDSlz4upxXWSG8gqrOg,02KfV5FqmjlWPCUYNSxN-g,YptFsV4f9qFnti8yzGcNNg,1,"Nicole at Salon West Largo is the BEST stylist that I have ever been to in my home state of Vt and my adopted state of Florida. She gave me a haircut that corrected issues that I have been having for years. 
Environment is clean. Maintaining COVID guidelines. Highly recommend.",5.0,3597,0,0,0,0,1
fcMcW965Q8mTr0N4LhmSGA,iDXsokm4Y-jsIaNJxtFMgQ,487YGb35SthVkMakBjGnxQ,1,Los mejores tacos de plant city ahora con más empleados la comida sale mas rápido y deliciosa.,5.0,3873,0,0,0,0,0
Tk9WLK-hF4RpzY4rr4wGBw,GYegPhHhar4MxoA1WrOA-Q,uBbhjkxcl_MStbWQkcQ_Xg,1,Very good General Tso's chicken and crab Rangoon. Delivery was really fast. Highly recommended.,5.0,2737,0,0,0,0,0
vliuAB1iwVdGDpVPryUxgQ,dj2cllsbz-ZZ6AoTsnfPpg,YX5GAkgoHcjMnAZW-4kKoA,19,Food was ok I have had better Mexican food other places plus it was over priced. Food alright.,3.81,5623,8,0,3,0,1
-1EsR7IaC1BcWV88tmTReQ,tbNxHrwS_uPHZL_k9fZw4w,y36s2lDcimRho8sh73UYFg,134,"I love this place. It takes me back to the glory days of buckehead GA. Best mexcian food in the area. If you are visiting you won't be dispapointed. If you are local why are you even looking it up you should already know.

Best margriatas. Great food. Greats service. Love this place.",2.86,4778,116,27,5,1,0
3KkJJS4GTTch8rBrWpB_pg,jnX06_p8zxmYkG44L9_m5A,blVg0jl61dS0EJQBVWKr6A,3,"Horrible. I got the top of the line package and the gal doing the car, daughter of the front desk wan, told me point blank that my car had too much trash and - next time - they wouldn't clean it out. 
No coffee and the place is always empty and dirty. 
Guess what there will never be a next time.",3.67,3921,2,0,0,0,1
-EGEKsDQkZd5AmBjcCub3g,F7EuGx19ChOlv__ov2G9bw,wbbXBDTs0IMYZx6UqwLvTg,216,Pulled up at 10 min to close and I was blatantly ignored by the scummiest looking employee...maybe he did me a favor.,3.53,4779,488,331,196,18,1
EAu29fSkfl3c9DGUAL8rXQ,J4w0wOrIbU2jcKzUmBxkhQ,ctax8shu5cROWBAZ1vmk5w,38,I called to get a price on getting a flat fixed $35.99WTH! Is this price legal... Smdh in a city where they don't EVEN pay livable wages.... #tragic ..smdh,2.07,5140,97,34,20,1,1
eGyP7S5VYm0u-LQ6d7D2Pw,ETzEpvGI_wzwYd_doD-p6w,im35mq8Fz1VZfYu4j7NqNg,84,great  sunny location a million machines super nice clientele big parking lot no dogs allowed,4.66,4306,15,3,6,0,0
EVzAqqUqt79CSqyCaXq3oQ,zVitUZv5aYBSF2Zm2-0KxQ,CfqGOY55iS-NqiYyEAhMdw,1,Fantastic! Best food truck in our area. Incredible Mexican. Mulitas are my favorite with line Juaritos to wash it down.,5.0,2379,1,0,0,0,0
91icmxBh28THN_gAyjN47w,iiKDPUTHfP8SkZwJl83dPw,pRhfAK-K0hiM9GJ9d6jsyg,15,great for football. really good apps and good food. ESPN radio comes here very often as well and is always giving away free cups shirts etc.,5.0,4281,1,2,3,0,0
IeQoWaZmfHajCk7kmFFSyw,WsZ-8ZJySnGkZUk3Cjc35A,-nlRc8jUpZ-IubCyvNq8xw,232,"My car looks a lot better... until you look closely.  Crumbs and the wrapper to my kids' breakfast bar were left behind.  My trunk was not done, and they didn't clean underneath my wipers.  Polite staff, quick in and out process, and not terribly expensive.  Definitely not a thorough job.",4.33,2303,218,7,93,4,0
zZP6eJjrz2MvP8QnUgDpRA,9V3a7ykVhjifNHR_nxn6QA,7XXVoBXfG6J4Z9JZZ_5TiA,6,Overpriced for a smoothie that probably isn't real fruit. Does not taste good and I could make a better one myself.,2.33,1424,1,0,0,0,1
e0Yo0BVZBB9ZUWDtAup47w,SvaHuo0RyFBC_rsYiGjnBg,entPgyZ2zCQ_WWmQdMVhww,14,"Not only is the service fast, the food is always so fresh & SO good. Hands down my favorite sushi place in the hermitage area.",2.44,5064,13,4,3,0,1
WCTqTDRv0UCf7_ICAE_wCw,t3xrnJBNZ80QmZGJY8dC_A,QY6UmlecRoT1W1pWoDv6Jw,1,"Best pizza I've ever tried! The staff is very friendly, the place looks clean and also the pizza has lots of flavor. I definitely recommend it.",5.0,2514,0,0,0,0,0
JYC-Lrxz1kp2uzlIFj4AIA,iqCpxkoY3vf8u4qcKU-kOg,hoqITwtnCoz8x_2CcMylJg,37,The customer service has gone downhill over the last few months.  I think there was a change in management.  The order accuracy is terrible and the majority of the staff DO NOT speak or understand English very well at all.  So disappointing.  I will drive to the next closest location if and when I eat at McDonalds again.,3.92,5067,14,1,2,0,1
jyyed0UDzkcXtr-sh9MCiQ,S53DLgpLf0A-9Q3gvH0XHQ,n_6pGVgkEdwgAIaLfp4z-Q,3,My husband took our son to get a fade and it came out super awesome.  I cant remember the barbers name but his cubanito and was recently brand new to fade masters. He did an awesome job and didnt even know that we our Family to the Owner of FADE MASTERS. we are ANDRES COUSINS. AWESOME WELL DONE JOB !!,2.6,3615,3,0,0,0,0
Nbidi0xVWlatycO6AtCo9g,kcZuWj7tRIiJKyFmbY8JdA,7Oq3AI3omXpvcN9xDzNeLA,25,Love this place. They have a great dinner menu and their Saturday and Sunday brunches are really a treat. Would definitely recommend.,5.0,4449,35,3,8,0,0
2OYhFUJ9C_2cGLCxAhbFrg,Ejj2xIRzhALTlRh016TFXA,xEOMVwCzxjcmwIoxQ3sCBg,9,"Visited the rooftop bar, Vantage. Friendly fast service and awesome views! Beautiful breezy spot to enjoy the beauty of Saint Pete and Tampa from the ninth story of this lovely hotel. Had the oysters and dessert. Thoroughly enjoyed everything and I was treated great.",4.89,1746,0,0,0,0,1
dh0tY7zVxz3rOixm4ihyIg,lrt8JsT71m2CVmXYdvos6Q,-ALqLSTzkGDMscHdxA1NgA,1,Excellent place the food is delicious great porcions they are so kind great patio area and great service,5.0,3297,0,0,0,0,0
NekylF3x0-Y4PrBRPaFXnQ,qBBIm_17en8shRyD3qXDvQ,bphzh1v0d23p53MROgxFKA,4,"I'm normally on time for all my eye appointments but I recently moved so I had a hard time getting here. But despite the fact of me being 15 minutes late the staff still took extra care of me and helped me with choosing my contacts as well as some really cool Gucci frames!
I Love Eye Encounters!  P.S. I'll be on time next time lol",5.0,2681,0,0,0,0,0
jyI0jQ55CCaFrcUDg2A-Sw,y2G8JJeDhXx4-YfBc9WYfg,ajfBGoRGUzhD0fTXLENcrw,5,Best Sushi in the greater New Orleans Area!  Staff is great and will accommodate whatever you want. Healthiest option for food in Belle Chasse,5.0,5260,1,0,1,0,0
3FrFltPUU9mIFjGxQrDcTA,GobPgAc3Oi80COCFrgUz6w,xNZMbdl8ga_wjBPFMZOsyQ,30,Amazing!!!! Fresh table side salsa. Great atmosphere. Good service. Yummy yummy yummy!!,2.92,4037,30,6,1,1,0
2yX3UuZlX_ODDUmw-Ly5fQ,jjbFrRN0SdiPe7fa-PEgxQ,1hRBDT7ajCL7u73SulUP0g,3,My family and I have come here countless times for a quick bite and good coffee! They have super friendly staff and quick service!,4.5,1915,0,0,0,0,0
QuVaiDj0KdFPHH2vvUqoEA,8_IQn0jNOWiJjFL_S_IJwg,4XbEGvnn8ZgqzsCA-d2A6w,23,"Everything about this place is perfectly adequate. Haircuts, staff, the free drink while you wait, the location, the price (~$23).

If you're looking for something special go elsewhere, if you want to walk somewhere in the Central West End that's not overly expensive and provides a decent service, then this place works.",3.7,3893,23,5,9,0,1
GxD9fespH5wta36-xK0D_Q,GByyAn9YqyQhJoV6HL8evg,JZQu65GqwGTSwkSwaQ0jcQ,1,"Fantastic gym run by even better people! Definitely choose this gym. Affordable, clean, and awesome staff. Can't say enough good things about this place!",5.0,4544,0,0,0,0,0
GFwESZ7oFc6itVF0AKJkow,VTHhM3JOAjtWRCrZZMcqtg,kK-pcrXr3CEnWP-ci7XXgw,1,"White supremacist Italian restaurant. Rushed the shit out of us, food was fried as fuck, boooooo. In and out in 20 minutes",1.0,3464,0,0,0,0,0
_oWpIMYKGP32XvGBoHuN7Q,2zpK4dSpbFrUnRIFflHryA,FqOCC8Y9xryaX7sIBJcrxA,24,Eh. Sushi wasn't great. I got the 3 roll special and the rolls I got were pretty bland. I also got the seaweed salad which I figured would be difficult to mess up but I was wrong. I took one bite and couldn't eat any more. I feel bad giving 1 star so I put 2 :/,2.64,2359,5,2,0,0,0
a1BOF6CDZPXaCRnKjDynHQ,ZzKwAL3piqgFdWGOprHKHQ,4MbKIpdVPz4OkoyS24fEEg,15,"This place is absolutely horribly run.  Place is packed, with people waiting at minimum an extra 20 minutes for their orders or for the counter staff to get off the phone. 

Chose any other Westshore pizza location before this one.  It will take less time to drive a few extra miles.",3.27,4769,23,3,2,1,0
MWf0kGX9x-oj6rQaqt28pg,Bt-j7TZfYRCq2OhrGnsqPA,AzseSGgDC6bVtMPEYo1CNQ,33,"Best ice cream on earth. The end. How can something be so delicious? I don't understand it. The flavors are so unique and intensely accurate. Lavender honey, salted caramel, and petit four? Who is back there creating these amazing flavors? I can't handle it.",4.47,4520,22,6,10,1,0
o2u_pKxzJvGXGLMaocgONw,GEoU-XwQFyKLJmULlB5TvA,FQskkrIuNMKRCQJuokI8gQ,1,The cone was fantastic and honey vanilla bean was to die for! Would reccomend to any first time in Nashville.,5.0,3978,0,0,0,0,0
v-VJGbCzkDyQN85hAy3aaA,ouGw-gUVa9BOvEfU697gNQ,4ca8aYoL7ToBo-pvcBcSsA,20,"There's probably about at least a 50% chance they'll get something wrong with your order. I will say though, they are pretty fast. I'll keep going just because I work down the street and often want something cheap and quick. The people seem nice, just maybe don't really care about their jobs.",4.14,4988,27,2,7,1,0
5ldG56bqUX6CRnPtbq59sA,ENp1c3ej5_C0QKZz0lgjHA,j99PtxlKTW_u5alE4jiqHQ,23,"A definite must do. I had the eggplant parmingiana.... excellent. No waiting for lunch, should have reservations for after 5",1.96,3444,9,10,2,0,0
ePKcFVJmGZHF2rVSsfS7Hg,LNxn0RA8HXLOvBJhyRXTBA,AJMH4STQfS9at_hU0PGQ7g,2,Just came out of Forno Antico Restaurant Wow! How ausome the food was.The pizza was fabulous and delicious. Pleasant environment and very great staff.,5.0,3789,1,0,1,0,0
xmAoqwDJrjH3ylRJEBkpMg,0u0auLZUve7WAduLilWjYA,q0Q-ohZp8iV9OY-gkNPPwg,1,"Excellent food and service! The cipino special was incredible - a veritable seafood ambrosia! I don't know how they created so many different flavor profiles in one dish. Eddie, the server, was excellent, attentive, and knowledgeable.
Another all-around great experience. A gem hidden in Brandon!!",5.0,4066,0,0,0,0,0
X-r59gkqVwIbnAkaYEebfA,Y-lq9FGIBisFqdaPkCtC9A,Ek6Rp1TOw5FQjF_VC0UhIw,1,"They were so nice, and helped me with the broken trunk and gas door. Service was quick too.",5.0,1393,0,0,0,0,1
tifiMvm_d37pVZjkL0wXfg,36EYdBW7S7TEE1MjHkxROg,G4lRmwDHdvhZAhmtlsYYBw,28,The staffing and management (or mismanagement) of this restaurant is absolutely laughable. I'm not sure how this place hasn't been shut down for health violations or something yet. The absolute most incompetent staff at any restaurant I've ever witnessed. Avoid.,3.38,4574,30,5,5,0,1
2xVy7G5ZkJUGrtHKErGZxQ,9gqmG6PqD2kBF621j53I8Q,EYs_T4NU2BbaUF7vUDI55Q,2,This is probably the best sushi I've ever had fast quick flavorful and the staff is very observant of you and is always aware of you,5.0,3364,2,0,0,0,0
HqsbT02GQP8Cl4_1prhQhg,DH-aSZOpX0jn3eVpCVokng,c6quFjI59tPAcAGpkAkBug,65,"Love the food! Specially Nugget :) Real fun time to eat, especially with my favorite, bbq sauce! :$ Is a pokestop? Maybe.",3.35,3224,110,37,37,9,0
28UOEF8dF6q3n2JVutmgrw,dfVHPTRf2-4w70zWBcP-Kw,o05ngJ6BY1rztemFazViBw,8,Marsha is sooo Amazing! She has the BEST customer service. Mike's cooking is sooo good! I love it here!  Mr. Antonio thank you for opening this restaurant!,5.0,3201,1,1,0,0,0
veSpTxJgzPbEU_2mY9Y7iA,UHSqLjifAdibXeUY1W8Xbw,96W0AFA2zNXf7WIpMyT6_g,1,"Grate dishes, large portions ,kind service overall really good and fun place to eat authentic Chinese food!!!",5.0,1366,0,0,0,0,0
o9jmgNGE5s1jnE7muYyuUg,FWKTgchKByQitehr6jLkFA,ILCgMRAQP4Or5HVW4Qx9Xw,22,"This hotel was reasonably priced, clean, and very close to the stadium and convention center. It was convenient to dining and shopping downtown as well. Great amenities, pool & gym. Also, the staff was incredible and went above & beyond to make our stay enjoyable! Would highly recommend this hotel! Thank you!",4.59,2495,1,1,0,0,1
yfIuJerea4HmeeJkkWulnQ,xm-RyriHQAhe1qzJmh-TvA,rDy9qZZEq-mbKExVQNTaqQ,35,Items are generally served out of a deli case and are reasonably priced at only a billion dollars a pound.,2.54,4715,1,6,0,0,0
UMVIAWMDPk2eM2cd97sxLA,0o_psaV5SSEa3JUquVPiew,bROo9EOoOa_pOV6JuPg8ug,25,"I really love my complex. It is fairly priced, well maintained and the staff is great. I highly recommend!",2.93,3621,43,14,8,5,0
GnhraiRr1D8QhdK5CRsSnQ,fp9uTSoe74XLhY6HNsjEew,7zJ2m_b-VdThJ5zpnwXSOQ,30,"Salon Bass has changed the way that I see my hair, & myself. Joe , the owner, does a much better job on my hair then my last stylist - and the environment is welcoming too . He does great on both cut and color, and I always come out feeling like a million dollars . Thanks for keeping an older lady feeling and looking her best !",4.35,5005,216,79,132,7,1
RMMo_pmgYZMOkN_UORLcOw,dYidHGkQwkmJKDh4GSCIGA,bz3Z6Lj3_r9BWAClE1cHpQ,30,"I usually come here once or twice a month, and it's usually pretty good. Not today, cold meatballs and not toasted enough to warm it up.",3.13,4096,8,0,1,1,1
zRmz-IfjG8CbrxA77AsPew,ff6obN2Dox3P2o91wgaslQ,pQIkNYPDhwE5PsjKxyyK5Q,45,"Annie did my pedicure, and I have to say it was the best I ever had. I can't wait to return.",2.55,5050,39,6,8,0,0
4Bm4FjYpoova5CW-sZiPTQ,p_WAOFe7ZbK6eZjMtweIJw,PokG3WqyyCikW9tCnhqmHg,24,Dr Chen is wonderful - the folks are customer focused - the selection is good enough for me and my needs!,3.03,3598,22,2,1,0,1
pZkM6CigoPjmKMV7JwevcQ,wxsjXjhiNAkCzpubwc8Z5Q,BZ66BWIrrNcQTqI9g_Musw,5,"I honestly felt this was the worse Mexican food I ever had. My meat was so chewy, it was steamed and not grilled...onions and peppers so big and barely cooked. I didn't even like the homemade chips. I just moved to the area and REALLY wanted to like this place. Very disappointed.",3.0,2940,1,0,0,0,1
KiUDoOlZ4yASIc5ysIFn2g,ls7lW7_oQIofhfgKOTHgsg,COV2r4PgbrJxooMQr8TU4g,33,"In a city of great eats at any price range, skip this unless you're doing the liquid lunch thing or just want to pay a hell of a lot for very average, even below average food and ultra slow service even for the Big Easy...  Took three hours to get a salad!",3.03,5856,42,11,7,0,1
MV14fW1gfRh55dB-GI6Rwg,07RApymdfUSdC5RtUBur_w,nGqJwKUT9DuklBXQE044Eg,38,Yes! This place doesn't exist anymore! It is getting turned into a Cheesecake Factory!,4.1,4226,18,13,9,1,0
O-f7gVJ2XAse0uhr1DDAAw,fAtqsprrxFPYgAF3QBEn7w,Tn_mh2nvf6XXh9O6EN7QcA,81,I used to come here in the morning and it was fine.  The last few times I came at night and the staff was joking around and not making the orders in the right order.  They need more training or different employees.  How can my mobile order of two items get split by 2 other orders,3.94,4622,74,13,16,1,0
VmvjYGRg136a18zmBEiEdg,d-XgcEZZOn3VE1qSVA4PuA,vVLLNrqhvrkVXfIIW9Etag,22,"Food was amazing staff is either overworked or insanely slow, Heard 1 lady complaining that because the governor ordered it doesn't mean it's a law, It was clearly a staff members the other staff members were yelling at her, She was threatening to quit Over it hope she does Place has very good food Staff needs to help",3.38,3251,13,1,2,0,0
JkPIA60dAaCbpm125tTu-A,1kKnOksWNwzIczB2VBjrFg,zeAfmYy9b1gfUJLRBHm6vQ,1,I really enjoyed my dinner tonight at Presto Pasta. Excellent food for an excellent price. The owner is a very nice man.,5.0,4605,0,0,0,0,0
cFH6jhvtMgsmt8WQDVMwkQ,9h1XEnjXVQaaTSgm_iEvLA,fGeaHPDRkZj6ZUF37fe-XQ,1,Super fast deliver and the food was pretty good. I had a special request and they didn't even question. They are awesome friendly!,5.0,3930,0,0,0,1,0
zjZ-lZb_eOZ6r1Md-HFCUg,Od4zEDT8rFVO3cHnqJoHDw,Ibzon-fDLrRUdzvjTcXNvw,1,"This place is the LAST place to go for a haircut.  Plus, the people that own this place are 100% racist and will treat you like trash if you aren't white.  I'd rather go to Great Clips than EVER go back to this place again.

Overpriced, rude and racist......no thank you.",1.0,3547,3,4,2,0,0
zRLdeFEYU_qtC34dNyabig,d6q1WPhS3h5DEivN5P5rUQ,i7U03p9w7wAgmNdbHbqbbQ,2,"I've lived here for about 8 months and they're very nice. The kitchen is open, (not a galley, which I love) and updated. The only downside is a lack of an extra storage closet and the walls are a little thin. Other than that, staff is very helpful and maintenance issues are done quickly.",4.0,3385,0,0,0,0,1
sXcqSm5UoReDseH5tqQucg,jwtz8TmuD6VyfiB7fxOU2w,rKlPSPn0wF5tkCrWZzBnbA,1,The service was bad. They didn't even had an courtesy to ask what you want... I never recommend any one to this place .,1.0,3192,2,1,0,0,0
0p0zj-sxdkI3mbU-tNnKuQ,UViQLa3SIsRicSVhmhYVBA,KNgRc5qoO4j_phmq6ANOsQ,88,Excellent family style restaurant with reasonable prices and friendly staff. I would definitely do again.  Extensive menu wa beyond just pizza.,3.55,6119,184,23,36,3,1
eOp5LakGqASZWH1hDdWf9g,ghH5g5WHEazEtW-ppGelgg,RTMU6YvbDMJxWjVlRrTdTw,1,Shakira was awesome this spot is amazing the tour was quick and easy  to navigate can't wait to start,5.0,2300,0,0,0,0,0
vg2jOWMHnkMuvSSmBHxoZQ,2JFM0aEjl7chqNiMAJwK-Q,q3z5nfCo6HmXBPgJ4OXrtg,2,"The owner, Priscilla Susman, murdered an innocent man by driving drunk. Do not support businesses owned by drunks who kill innocent people.",1.0,5028,0,2,0,0,0
qnxFW17HrzLcqN6BatyJsg,wfOIclvw9-9ev_1QcWib1g,EugP1H9WF04ClGhY83848A,1,Best pizza south of the mason Dixon line!  Just as good as pizza in New York or Philly!,5.0,2702,0,0,0,0,0
gf_WnG8ItJs6eVds6RGxzQ,5MtGLdTzhk7CzgpVTm7HZw,l4dTLQ5efOvWzAANTiw_fg,4,Cerrito is super friendly! I love the color he does and the way it grows out.,5.0,2754,1,0,0,0,1
jTZVrne0U-vihFcLBSXr_g,dKA1texcBst4oF1nPkpGkw,6xrDP4-S2mky3wOprv686A,57,The Bloody Mary and pickled green beans are fantastic. Service is NOT enthusiastic. If you come here do NOT associate this with the hospitality or service you will receive in New Orleans. The hospitality in New Orleans is definitely top notch. Just not here. But your options are limited in this airport.,4.79,5129,31,5,14,0,0
gpBTaAwehL2wLpUeWn9uhw,GsNlXUrFqfJQNbapVgO4Sw,lgL2Fy0LcyVsq3LSQYyj5A,65,"The pizza is good, but the service sucks! First of all I was charged for the three topping, but only got one. Then they wanted to charge me for a tiny cup of ranch. I ordered wine and they gave me beer? I went up to order another glass of wine. They ignored me and answered phone instead. I will not go back there.",3.7,3251,63,5,51,3,0
m7r0X-QgRCbzrNWC2VynMg,SqdDlGme5yecLvJ76zwhzQ,d9T1Jgf4N2vY3dcMlnCgeA,19,Too cold in the summer.  My family stayed here on 5/30 and it was hot out and freezing in our room.  The front desk said the heat is turns off when it reaches a certain temperature outside.  This means all you can get is cold air.  If you are not a big fan of too much AC like my family you will not enjoy your nights here.,3.76,5550,26,3,2,1,1
qiDVSPlDQ9ry9trstOqP8g,tikXHHQZg4eN4Pug7Pj9uQ,zjK8RGYyEAhP010Wno9FVw,19,Delicious pizza I will definitely order again! We just moved to sparks and got a pizza and salad both were so good and I love the concept of take and bake.,4.58,3508,11,0,1,0,1
QbeTdn7NmgpHyha5P7O-5A,aLZ0eefuiYUurZd1HRfEkQ,pq22o2uzT8Pf6ApfQLczww,3,Best Mexican food around. Great wait staff and friendly environment.  Luv Luv Luv them,3.0,2525,1,1,0,0,0
yJY63T1rZmv77vuPQ3CluQ,dFZ6j7qFJVlejFkXuk2E5w,Qk5HvQpVC17MaLlVIiThhw,8,Love this place. I never get tired of eating sushi from here. I have never been disappointed.,1.5,5600,20,1,0,0,0
ZCDeIKfpXxdL2CDlJ0RubQ,uQbsCCcH_kFYcZg0F390QQ,va6Z43FSCxr_zcKZjBDc-Q,2,They don't even open until 10. Tried to go at 11:30 for a cut and they are out to lunch until 12:15. Did they tired in 1.5 hours,3.0,2411,0,0,0,0,1
8k7REk72PZDCwYqmFDSL9A,WJpH-oP-wao6b1uoW_NDEw,7Oq3AI3omXpvcN9xDzNeLA,23,Food and drinks are just ok but wayyyyy overpriced for the quality/quantity you get. The atmosphere is nice though.,4.0,4547,53,11,15,0,1
omnY2CNpoiIjp7pJRIk_zg,lLUjn-tdd5eMU8GKcdczBQ,l7DcigtFMYMYnGqcBzMJqQ,1,"If you LOVE sushi this is the place for you. The  waiters were very kind. Food was good, would come again. I quote my dad "" best sushi bar in Boise"".  They have made this restaurant beautiful.  Hope you come to this restaurant. They also have green tea ice cream and fried ice cream.",5.0,2741,0,0,0,0,0
kHYi4lAgS2l7UkaqVBDxLg,V9VyzkPV_z3HswTAy81oVA,3zK9LTY3TgH7nU18-dnXtA,1,jawn was not seasoned. like at all. got the meat out the package and put on my plate. horrible.,1.0,2310,0,0,0,0,0
UP2RIeQlsTx16iGOI7ZULg,iPiJEEpHgRokb1A4I9IwbA,7UOJofNZSY6pQkIk6QUOGA,196,"Quick.  Hot.  Good. Ordered breakfast at 5.  McGriddle is good.  Mocha Frappe.  Hash browns,",3.09,4619,237,105,58,2,0
FE6JTLVOD2OIBRX_fkNCCw,ftMKiG-eEbDVHYQr0uwrvQ,NQWOS8PdtCmkkbWeIE8qOg,29,"Not a very good lineup of and not very knowledgeable about Indiana breweries or craft beer. They were pushing beer made in Ohio as local to Indy. They also had some very old beer on the shelves, such as an IPA over a year old, so check the dates of beer you buy. Seemed like they had a good liquor selection  tho",3.77,4847,14,8,4,1,0
BD_wH_RRsencvI3XjwvBcA,8uGY_8NGl2OIGDGaPG1mkw,afQzPsfi1cq1hjDUar804A,1,This place gives both Italian food and Italian people a bad name. They use frozen meatballs and huge chunks of garlic in their gravy. The prices are too expensive for the quality of the food. The woman who runs the place is a nasty hag too. This definitely is not my kind of place....overall experience ewwww!,1.0,5481,6,4,2,0,0
9JiECNgOrmjN-wLBn8-5pw,7YiJAWVYLTWmmSZxeRbwiA,6qHcVgHtCcH812D1v3To_A,134,Emerald is a fantastic dive bar with a long history. It's the neighborhood St. Pete bar and all demographics venture into this place.,3.84,4435,251,243,119,11,1
zCV8sBPLxg1Y016YLdE2Dw,wtk0Mcv_C2AKCQ1npRhTdA,c7OfNRMIqAhtNOMEat3Rbg,1,We just had the most delicious Veal Parmigiana... Best Ever! Patrizio is the most gracious host! Would highly recommend! The Best!!,5.0,1914,0,0,0,0,0
V3Sl15z_pPf7F0omZLm4vQ,y1OPg64x1xZrqSf5ajyoxQ,i7U03p9w7wAgmNdbHbqbbQ,1,Great location. Very well maintained grounds. Pleasant and accommodating staff - from office personnel to grounds maintenance staff.  Any time I had a request for a repair the staff took care of it very quickly! Nice updates in apartment units with new appliances.,4.0,3422,0,0,0,0,1
cmchowvDQ_zbmBY30i-MlA,289zz158B3KHvYWPcBC3FQ,VwVWLrakjfdXZjGwU4btgg,1,This is my favorite place to get pizza they have great costumer service and the people are great no problems,5.0,2291,0,0,0,0,0
s26ampFzoMikaTqB0HE5gA,-FZflX-9vOaeT3h9IicwXA,1yMEU2tyRv79UWYb7n4l7A,18,"This is a great salon. The customer service is awesome, the sign-in AP is really helpful,  and all the stylists are friendly and well educated.",3.23,3678,6,4,0,0,1
pKTTWjS9qSvLoSIwdpyyHg,Ogrg7MVWHM-EJF3OEMTCrA,zZ_xsIQfotnHe25MxQyg0g,1,"Asked for a whopper and a frosty. Never received them, got something called a ""Big Mac"" instead and a McFlurry. I photosynthesis the people who go here on a regular basis. Asked to speak to the manger who wasn't even Ronald McDonald. 0/10 would not recommend",1.0,2705,0,1,0,0,0
C5qTi8n4sm4mMjrT8x5BUw,btyFup8kkXH-RvjY0nBSaA,9JUi2YQzzV3PfOBzvQPrMQ,4,Just the best! Great food. Awesome drinks. Fabulous desserts and the nicest servers! Love it here!,4.0,3597,7,1,2,0,0
s7xCGUgjqTLqSUweZczGUg,zomuv7cAZdcRVk9t-zWvTQ,3BJxm-HnvzdwD1zjmSbmyQ,1,"The store has moved to 490 N broad street-Suite 3.
The food is still nauseating and horrible!!!!! The chief got the COVID but still work in the kitchen!!!!! So horrible restaurant!
The Hong Kong owner is against gay, often sneered LGBT and black people in chinese!!!!!!!!!!!!",1.0,1693,1,0,0,0,0
5zoeQKRJg5BeIrUxqfjEYg,_sxfMOKphtb9S_4tq5qXQw,TdNiXef5A9_XfFSfG1NivA,100,"In the past month I've purchased 2 new tires, had front and back brakes replaced and an oil change.  Terrence and Maurice gave great customer service despite some challenging situations.  They searched for coupons to help me save on the repair cost.  I will definitely come back to have my car serviced.",3.39,3227,44,6,26,7,1
py_G5M1WTl9ufElpuxRyuw,QWbQEvMi8FiXhXSsfhBxDg,sSbbUmWhNmMKRZOHG1BnYA,265,Decided to eat here because everything in downtown Kenner was closed! I had a salad which was good. The ladies working here were super warm and nice. The black coffee was very watery and I asked them if I can have another cup. The second one was still watery yet it wasn't as bad as the first.,3.73,6288,454,214,214,16,1
UvTo4Oe4LgOLXivFMX3lxQ,UFdErGyhg6lySrjKmEPgYw,7PfzN9GmM-Yndv8bIjlwJw,38,Excellent food and service. Usually have comedians or some other entertainment on Friday nights. Reasonable price. Try it. You'll like it!,4.02,4850,8,0,2,0,0
9O87H-WaTPpbwta4LTgdqw,xb6Doc9m2x2_0TqCX-X_aw,z0rlrFJnMFji9jEhfN2ZWg,1,Excellent food with a more then excellent staff. Make you feel feel right at home in this italian style family restaurant!,5.0,2930,3,0,0,0,0
WVRXYClwl72QvV8GDSLrSw,C6jwPqUk8VB0FuZO7y2MHA,QlhTyTj5BoZp9u6SaaBaIA,12,If I want to get pizza delivered from Royal I have to get it from the west end location. It's never as good as when I pick up and get it from the Hamptons location. Always inconsistent with their quality. Last night I ordered and barely any sauce on the pizza and undercooked. From now on I will just pick up from the Hamptons!,3.67,3527,8,7,7,0,1
EoZz0o12g1Qa6DQ_3IgIWA,ccWNmqfDWb0vokvhLSq7GQ,9u_v3Mm2LAi4lytEFV33GQ,2,"Great gym, great staff! They just got a bunch of new equipment. Very clean. Great trainers that work there.",3.5,3301,1,0,0,0,1
L1Jo9kfkW6JlQpUCYMmTAg,32kopAFt-Fs4CQlCxD3GSA,TmewgB84X6QMH_t5enT-yg,1,Excellent service and great location!! Megan makes the best strawberry daiquiri with a splash of banana!!... Go there!!!,5.0,3884,0,0,0,0,0
Q8LfwVjyPyYhHCLpQ6HLoQ,jqv5-6UeuZsaAlfAqv8n2w,-jkc-0YYvwkBaNnNyiUHNg,28,"Dropped in to have a slice and try it out, I had a plain cheese slice, I didn't like it at all.

Nu Yalk Pizza is WAY Better. Smiling with Hope Pizza is also good but not as good as Nu Yalk.  If you want a GOOD slice of pizza go to Nu Yalk Pizza in south Reno by Winco.",3.0,4559,26,9,4,0,0
fdsYXTy9loo-aqi5-3k7Cw,gPjCOksqDBPIonHK0BU5CQ,B5c-7ndCYi8KhxV0cavDFg,1,These brothers have the best sauce in town.  Right across the street from blank space.. So get it the pizza while its hot and fresh!,5.0,3776,0,0,0,0,0
jpJkZVjfHR9jQsVZEDIAhw,mApsc9nnvod4ymYrNij44w,xruF8KRodlPmPNjAfIj5ng,2,Check out Miss Betty. Have the double Jameson and check out the King City selections. Have a great time!,5.0,5517,0,1,1,0,0
qET8CQVp7Mj3Jz2a6nVnSQ,gym609E3P5x7VQoivp1IWA,InawP3IfShNTJjSeLMDmGg,8,Service is much better than McDonalds. Good Food Too! Should go there to get a quick bite to eat!,3.78,4205,2,1,0,0,0
SPP_nYviIJfy4Mue5CUplw,GhPs1DrtNM8ddtQr8J3LlQ,Y7QxhNqkaFd9Ob3PotxDjg,2,"I asked for stiletto acrylic nails, my nails were long with no tips on and she CUT them off completely! I worked hard on growing my nails out!",3.5,4205,0,0,0,0,1
ZqeCCOR1PaLF08Er8IdXEQ,wAgg_B9OQzL8_UF8ozu1eQ,SKv-QPmLQdTwLP3g5gDEJg,353,"Left a bad taste in my mouth.  One clerk was bad mouthing my road insurance for a significant delay, while I am hearing a listing of actions from my insurance listing who they talked to and when!?!  

They got it done in 1.5 hours.  But I could do without the drama and difficulty.",3.51,5141,787,313,345,17,1
_9fLdvi5DtnYPb41_t5x8A,S62eAfSX9kSfdNwwIuAfJg,QgaHfznufIXLm8WfoBImIg,5,Clean large spot with amazing service. Used to live in Tampa back in college and definitely wish this place was around back then. Highly recommend,3.4,4529,9,0,0,1,1
TEoEY0aw6C7NzeUshsFGug,P7GUkg5UTTQDmtpglpPTAg,NQhyMw8SOU1HB-V9X52CTg,1,"I would never take my car for work here again, they lied about repairs as I was getting 2nd opinion about my alignment, they also wanted to charge me 4 times as much as it normally should. The staff was also very rude so I would avoid this place all together.",1.0,5578,17,1,0,0,0
_wKuzeQluAIiRXRWXwtJig,-l9RM9B68WUZmuZrn7QgDw,_WzzBrfkfI-f9xml7zBavA,15,"They are ok, but ruined a shirt of mine with some sort of orange stains. Lost ticket originally. So two stars and I wont be going back.",2.22,4823,11,1,0,0,1
W9RWn7vxK2ZOs70uQrEo9Q,SgXexWLB81UnzxcQDRiPKw,ueLgPhdg24-BwXuP-41gew,22,Outstanding pizza and outstanding service!  Get the double decker!  Wife liked the Italian salad.   Sangria was also really good.,4.09,3274,4,0,1,0,1
kwfbQSKgvVHd5gMCWvglog,3hLU3Yh6gjPwuANG60A6xA,49Gyz-LD9MxTh1yzbYiOhw,49,"Tea was very good so was the coffee. 
We got the chocolate croissant, and it was very disappointing, barely any chocolate. 
Very nice place to sit though.",3.79,3921,28,4,10,2,1
X9FI1oEsRxbKGhXVE3vHpw,DMykhB-sUeUrcmQbp6zFCA,V9pSmHb0c-9SSqx5GJbYPg,25,Best sushi outside of central Philadelphia!,1.89,4009,66,17,7,0,0
eKuxucbz2LzaoMULBaZlCA,qpb14iGrKxB1bHvwrVC3gg,eKLDuhhPhA6Cii9q8FAZcA,1,Today we tried Senoritas Mexican Taqueria. We had heard about it around town and finally  had to try it. When me and my family were done we realized we had eaten the best Mexican food we had ever tried. Their tamales were cooked to perfection and there meat was extraordinarily good. You have to try this place!!!!!!,5.0,1648,0,0,0,0,0
vaW60rMzi1Yj9kvIbC850A,2Es0a36SrkthetY28eAWGQ,TCHh4RIrvp7h2BucXt1kvA,1,"Outstanding food, outstanding customer service, reasonable prices. We loved the food and look forward to eating there again in the future or taking out.",5.0,3905,1,0,0,0,0
84kD9edkrEatQ-V4MMMvKA,lF2nmKVlX9fSt8SmOAjsrw,mTnp8g8vFnuJso_NK7sR4A,2,"Oh my gosh!!!!!   My favorite pizza in Tucson!!!
And I LOVE pizza!!!   I only wish I lived closer so I could have it more often!!!",5.0,3275,0,1,0,0,0
8XnjhQnefR9jHZHosnmK7w,WMMntKBYxfJbKV3bRIyljQ,PA62oF3b0KZ2Qrs8AzU3Fg,30,"The language barrier is a communication issue here. We experienced a difficult time trying to communicate what we desired on our sandwich.
We ended up giving up out of frustration and accepted the fact it was not worth the hassle or stress.

We will go to another restaurant where our dollars are appreciated.",3.83,5303,27,6,8,4,1
TNPjq7anD2GJj1CuSZXmeA,VboKK56zOhWY2-PK0Jg7GQ,HviAzkMvhZbyT8dUH9BkLQ,1,Great food and great service! Mine and my girlfriend's favorite place to eat in Boise!,5.0,1645,0,0,0,0,0
E5lFUYs9nvxUvet7bnO8pw,jIkBYMTdxi7jSY8rW01BMw,2HD88VjLfRjo2jRwfZ_q-w,1,"Walk-in turned into a 3+ hour wait on a weekend, so reserving in advance is recommended.",1.0,4531,1,0,0,0,0
6-cWvtyYMbmXbF_dsRN8SA,N66LzekGLu0Mtoc629qSig,LlGIlNJE2Nv_PXkH7l4Wmg,20,"Yes. Yesssss. Yaaassssss.
Praise the holy Taco Jesus.
Yes! 
This might not have been the Best Tacos I've ever eaten my my life, having hailed from Santa Ana and all its beautiful taco trucks, but this was the best meal I've had since coming to UCSB.
1000/5 would recommend this place.",3.71,4071,13,3,3,1,0
bpYIYmnQ7uELcRRfLVPGlQ,1jx76Zcp0ZVi4VCwVVXlcg,JciFC8w1p1kyrqqNEjY8aA,28,My favorite cheesesteak in town.  Addicted to the buffalo chicken pizza.,2.89,4937,56,9,5,1,1
v2a10Oj53T_dwuFI4Vzm4w,q3Ev0chF8D-OxZ_wlaptFw,Jja-COn_HHHj6WBIgR6c8g,17,Best Live Music on Bourbon St! The band played for almost 4 hours straight with no break and they played everything from Rock to R&B! Awesome Place!,3.41,5382,19,7,5,1,0
zOg6VJzylWz7tIp4kMnnQw,RrUuPbH7SIhMQI47zQAwtQ,LsCYB41Bo28sKtZ3WOGu9Q,58,"Just called and was told they don't offer free estimates. They may be a great shop, but now I'll never know.",2.9,3915,33,10,4,0,1
kzIMSfE07EhvEYVLhBIBTA,Su1AfY4N3RuOAtwFNBOFlA,R2d7A6pIadcVOPPHCpffrw,23,"This Starbucks will make you late for work!  I've spent as long as 20 min waiting in the drivethru.  I even tried going inside since there weren't too many people.  I walked right up and ordered and it still took 15 min.
Leave yourself plenty of time or find another Starbucks.",3.46,3988,21,9,2,3,0
bJG1p-lAdQwE95mfrjKnIg,C-405zUVTlGeCbdMjPawqg,l8Y_Jxk0J8jpkzhHDvsBMQ,14,Horrible . When I first I moved in I loved it. Since new management it has went downhill. I cannot wait to leave this crap place they call luxury . I call and no one ever answers. I leave voicemails and never get call backs . I get excuses as to why they can't answer phone calls when there all sitting down doing absolutely nothing.,3.0,2511,4,0,0,0,1
k0F8iANPLiXH_UM2ye2VxQ,evCUbwnaTJ-SeOPbLAROpg,xvvKErRSIryWpluElU9kJA,104,"As a Starbucks lover, I had a hard time making the switch over but I love DD new app and this one has the friendliest staff, and always fast service!!",4.48,3806,124,36,93,7,1
Dk4S6OifR0-3HLrF13AIxA,dNAk6Yk_sUW0_UgRmhGhHA,EPkF-beh6gg_s3HtlAdfiw,47,"Some rolls seemed repetitive, but the food itself is very delicious. Good quality fish.",4.31,4613,15,3,4,0,1
oQaYr4G4SVT_cO3Je_HBBw,m8BWbi1rm1cbJV6hyh0KDw,N5uOeSSU_X2z41ojI80t7w,1,"Joseph had a huge storehouse in the middle of ""the city."" Thanks for the rich dispensing at the perfect time. I had a peaceful visit on Halloween. I'm happy and I hope all people flock to this place. Hospitality is a service. Everything was perfectly arranged. See you in the future. Thanks again.",5.0,4269,0,0,0,1,0
_KtenK4peuhxla8ssUVp4Q,4b7O4iXEIcsMZqeyg8Tb_w,YHvJyyklyzsQhCnbJu7pFA,45,"This is what American pizza should be.
A plain or pepperoni slice just tastes like home.",3.11,5577,102,26,26,2,1
ZYnQq6dD_XNIb8NbtsP5kg,PzNcdJaz0ld6TaTD43S4cw,xHuZXjbwFMsIyN5Zy2S-FQ,45,Lowering just a tad because the trash situation is ridiculous. To see trash bags pilled sky high was ridiculous and embarrassing when having friends over. Makes it look like u live in a dump. Overall my experience is a positive one but the trash situation needs to improve.,3.08,4344,65,6,13,1,1
7ylT3otfjTrXz5ZQc-L0Mg,yPwH-LKrNAfugejhGZZ94Q,eD018QIwrljtaF4Dqe0A6Q,34,Great time. Nice piano artist!!! My wife loves the shot chair. We both got the special take home cup drinks. Amazing time!!!!,3.47,3512,14,13,10,0,1
xmIUpjQg-k3H_DTgkM1FwQ,zvUlikrE-S2OZ5lsACm7Yw,BdHadrVCRSsBaTYrBUpBgQ,1,Ordered the Swordfish sandwich which was a Friday special and think I was served a small Basa fillet instead.  Bait and switch.,1.0,3208,0,0,0,0,0
uNi0RKM3nGPCHcQ6VxtOSA,toXd3euiIbNhUub52fqSTQ,ysaNIics4FIQKRF9-mkxOg,18,This is a great place! The manager Bart is always there and keeps the gym very clean and the machines/equipment in good shape. This location is much better than the Thompson rd location. The 24/7 option is very convenient and the bathrooms with showers is really nice as well. Thank you Bart!,3.4,3506,22,4,1,1,0
8L9rook6CfT0a_Y6zhp3Bw,tVGUWxN-tqp-OOzOSVfMcA,185JxNHBAz79Hg4QOzvz0w,22,"All the instructors are amazing .
I had a great time during the week I spent at St. Louis 
They have named it right Shred",4.36,3743,12,4,5,0,1
BHq6zkGefS7mnGR8duJDew,cvct9v-h0b4cJyIFM8TsvA,Qbxo9pb5yDsbD3GSuzYOjQ,79,"I think meh sums it up, its a little greasy and dense for my tastes but not terrible and affordable and a nice ambience",4.26,6464,144,10,24,3,1
RVW7pPpt2nzEkCXl_u3CPA,Oo7zslZtzdUcHNYyJeh5PA,c4x06huNhVp04VI_MUiQsw,3,"This is probably the slowest McDonalds I have ever been to, and they are constantly out of anything I would ever want to purchase from this fast food chain. I have no idea how this place stays in business while always finding a different way to disappoint it's customers on a day to day basis.",2.0,2451,0,0,0,0,0
stQH22aac3QakGuetnibww,cYG1liGDioFe3sMVMNLIYQ,DKyJMM2209QrTgclzoCUpw,16,"Cafe Mochi No Happy Hour on a Friday!! 
 Recommendation: Have it on Friday!
My wife said she wants happy hour.",2.94,2951,2,0,0,0,0
fcJqxnwQneI32vI1wRy_gg,u4ASszD0QJYXQ4-RXfnKmw,ol5npt2HXo9r3yKa3wBlYQ,9,"Absolutely delicious, fresh and creative rolls. Awesome atmosphere You won't go anywhere else after being here, trust me!",1.55,4893,25,4,1,0,0
Hkuy6wYVHR0Due_y0d0qiQ,JhJ9FtltvU---Prmakeskg,HxDjWvsS5szkuplo5BfBeg,350,I can't believe how nice this active gym is.,3.45,5873,670,176,147,18,0
Xgo1-zL7tZJxYXQC9Oy_VQ,RY1Dmca5MIl_VJgqYRwvVw,q0Q-ohZp8iV9OY-gkNPPwg,44,great homemade Italian food and a private owned business. what more could you ask for? great stuff!,2.48,3988,66,12,2,0,0
iNJ6SIb17nh9eDlh3hLTjg,RF1nwd0cQ7ruWZR2as0irA,N2n_nuiXb64ak0BNvIYEcQ,1,This place doesn't even get star in my book for real. The food was cold like it's been sitting for hours. Terrible customer service,1.0,3056,2,0,0,0,0
_zbD69TeXSQ1TSz_fPzQ3A,eyjkfmMRRZjc-WhX0FvxtA,j6usntbtSzFyuwx4n2mn1g,13,"The margaritas were delicious, the food was OK. Nothing terrible, but nothing to write home about. The guacamole and the mole sauce were the highlights of the meal. Generous portions.

Caution: the menu has four soups that are starred as ""vegetarian,"" but apparently three of them have chicken stock.",4.31,4187,9,2,4,1,1
D_hNkJ8ennB3HkSz-P4zGw,POdZvwpe01K2fuNDxbcR2w,Os_-n--xyTSqES0gNjLZOg,10,Great  customer  service.  I went I'm intending  to purchase  new glasses.  I explained  to  Katrina  how uncomfortable  my glasses  were.  She changed  out the  nose  pads  free  of charge.  They are  great  now. Thank you.  I would  recommend  you  to  all.,3.67,3689,4,0,2,0,1
TRxBQocjjEOvpFmfbVagrQ,FQ-zmWPEG_pjSQx6pt3Efw,fzftd8EhMnYCXE7D76zCrA,293,The best fries!! Day or night! Open late night too! Good for the soul man!,3.9,5663,279,66,68,9,0
8AboC2zne9gOGbYGmtP_Aw,dJEH9A3hMvC4gGcY1fiJEg,eAc2AMfLy97r_AQY1IieGg,12,"One of the best meals I've ever had in Tampa!  Great food, very authentic.  Family friendly and awesome music on weekend evenings!",3.0,5806,4,1,1,0,1
3SN4t4_uvuPeHc6Dm_UtAw,k_Z41O54YIBjlBp8U5A3Ew,UIlOq8dHsaqOqTZJVvI8tQ,4,Just went to this Mcdonald's to get a burger. I asked for lettuce and tomato on my burger & this is the amount of lettuce I received & there was no tomato.  Highly disappointed in the food due to the fact that it was not busy at all & they mess up the orders or forget to give you part of the meal more often then not.,1.25,2660,2,0,0,0,1
VbRjJ6FqviPy0yVV0PgcOg,31Y-XTyubC8k7NR7MIJe4w,3NdRfVpi3-tfk9vdiJ_F7w,87,"The proximity to the convention center, French Quarter, and streetcar -- and the spacious workout room -- don't make up for the fact that there's no wifi in the guest rooms, and the shower water temperature goes from scaldingly hot to shockingly freezing (invariably when my face was all sudsed up!)",4.14,5940,226,20,47,5,1
cI63w1huxtPqDAVgNVwqOw,ZpaDcVs73upcK7rVM_VJuA,Ibzon-fDLrRUdzvjTcXNvw,33,"This is not a $35 dollar haircut. Didn't show what back looked like. Left it unstyled after cutting. Didn't shave the back of neck down to collar line. Didn't offer to trim brows. It's certainly no better than sports clips or comparable, but much more expensive. I have no idea where the great reviews are from.",3.32,4590,34,12,5,3,1
Rc2GXjdbCk7mzSobyf2KrQ,CFDEb5vNOS9HqpnP2X-gDg,kqUBcSMZPn_-ftPBU2Ipyg,23,"I eat subway a lot, this location over cooks their chicken. Due to keeping it hot, it's over cooked and not very goof. Service is good though",2.81,3702,9,3,0,0,1
tS5C01RV6d1ke4zrWlP1Bg,C4dp29mVU2xe8_MO7bjpMQ,LLx6iXXDWz205YXs6Puzdg,3,Waste my time and waste my money. Have to wait 20 minutes for ice cream corn and I have to go through the drive throug again. Terrible terrible terrible!,3.33,3704,0,0,0,0,1
4kInxVV1FKAH7Nx2_qKIhg,-TeaVgRfFPQsSh2S-FqIug,DKyJMM2209QrTgclzoCUpw,1,Best sushi in St. Louis hands down. They cater to your special requests and are perfect every time!!,5.0,2547,0,0,0,0,0
DC2rkFS86X_FdBwvqhTJTw,A094_ReX3mdige0T3W6iTA,XCDSYAAR3JFU60rd3poiZg,6,Exelent food and portions fresh and tasty ingredients with great service and quite surroundings. A must try for the asian food lovers.,3.67,3693,0,4,0,0,0
XYu-543xr-bMRNdTld22DA,mF_MF5hmhjSpcZ4FfvbZVg,9nNyNgSoZR-isT2EkTW1eQ,23,"Awesome place to take your vehicle. Great people, great service. Would recommend to anyone looking for a mechanic.",2.85,3995,11,3,1,0,0
s_LpCVON_whFN7fqkXCyoA,FQeppBzq5WNBc9vKAwbjRg,pY7BOmdLwh8KxLGMWu_IQQ,5,"They have excellent service. Lovely cashiers. Although, they do not dog ice cream. I took my dog in and they didn't even let her on with me. I took her through the drive thru and I asked for their best dog ice cream and they started being really rude. 0/10 IGN would not recommend no quick scoops.",2.8,3340,3,5,2,0,0
xETaeFq1bnFFGsAB1aB1DQ,7QW15QZXUCm070MEpuP6-Q,UgmMlO8nYxvwU9t3jUsGvg,20,"I signed up for the unlimited car wash. This was a great decision that I get reminded of every time I come here. It's only $50 per month and I believe the wash I use it for is$20. 

Staff is friendly, management seems to do a great job!

I highly recommend J's Car Wash!!",4.19,4677,26,3,13,2,0
0qtIoT0oYhXA2u4XbijxHg,tgsU2AYnlpa2mSYpD44OPQ,JpVdE4PGG7ACWpIfbVV6IA,552,"Not impressed with the staff.  
It's kind of hard to push a cart around with all the stock.  
Good prices.  Pretty good parking.",4.01,3548,690,218,309,26,1
jwsflkQlTfvYCSgoErG0uQ,81-kP4N70i8FRqQsUdYSXw,Yh4OgbXQSpQ_ycK_FmNiGw,7,Seriously cool artisanal food. Find your way there or your culinary life will be all the poorer. Just  saying. Wish I lived in NOLA just for that.,3.71,5207,4,0,2,0,0
ccX1FY826oaeHQ7lIvA1MA,U4i3Jm2VYDJLItT1wWlmfQ,hR4D8XqCbfGmyNxdlg4G5g,10,"First time at Target Optical. Fast service, friendly staff, good prices. Looking forward to future opportunities to leave a review!",3.4,3730,5,0,0,0,0
6mlEoiMkJVrmEN9P9W4tzg,IwftiTewrcRkbhQ1qFTkew,Mg1ExVdW_LuBHmmGcnG6Qg,123,I love NV Nails. It's quiet and the woman who runs the place is very sweet. It's a great place to get a manicure and/or pedicure and just relax. They do nice work and are reasonably priced. And they end every treatment with a brief chair massage - who wouldn't want that?!?,4.17,4674,201,42,109,14,1
QR4jl8dzgpsEUvHul9vDLQ,MsvfbhjoiAVVcrorohHqvQ,mLF5l4rFV0JaD1xsB2IPng,13,The dining room and counter staff at this location are friendly and helpful. Great set.,5.0,3161,4,0,1,0,0
-5-SOjPGDOwcT4RDnMec6g,D3w8cOwRrHx2dpTPwwFpIw,qkp_q3Evjy0x3pBuU_jK1w,15,Got a classic pedicure from Anna and she was wonderful! I will definitely come back next month and request her.,4.13,5431,10,3,3,3,1
gTl5ho3zQ8Sw1qGKKo86HQ,CahgXtmKTPXsJyzaaeeK1w,GpUGVKKmWfZieHFtGZQYpQ,2,"Best Subway I've had, friendly staff, clean and well done.  If all you want is a sandwich in a hurry, to be recommended.",5.0,4508,0,0,0,0,1
u2kCyz1Nniofkx8atGCcHg,5FuawPJYEz40Cq9_ZNXC8g,oF3QPsczR9ZiXPK89tdJaA,25,The best Chinese Resterant in Tampa so far and I love it the only issue is waiting in line for a table,4.15,4885,17,7,1,2,1
hC_zEMxESD8fdelPrniDUw,URiiaZcvhP0DLq21sEhm0Q,9Y4MB4wvZsrtTw4Y6acg8g,22,I've been at Lincoln shores for two months now. It's ok.,2.29,3977,24,5,0,0,1
xt4c2rjWhI34IgXYcWMCCw,AfFLa9S23jbx4lXKinj89A,NRiBKVQro4594a8_dDgwsg,205,"Not impressed and probably won't be back.  Blandsville this should be renamed.  The funghi pasta is mushrooms over pasta with a water splashed over it.  It was the epitome of UNFLAVOR.  The chicken in the alfredo tasted like nothing as well.  The higight was the tiramisu, but I can find that just about anywhere.",3.71,4536,133,37,29,2,0
MYJ8GahSuLo_nWKAzES5-g,Oby7PjVJJL1erVVlWIn8DA,py428kUHafrkuxL_jKjR_Q,19,Extra Italian sausage & peppers cooked well done. It was a good pizza minus the well done.,1.74,3533,14,4,4,0,0
Dey4JiFk2R6S1JaBpBq5aA,yUhOZlGsUWf0Z6k9tA1oCw,wVrJOXjRrPKIfZbNnrl3ow,14,"This is the best pizza and pasta in New Orleans.  That's it, that's all you need to know.",4.27,3240,1,0,0,0,0
N_Yo9w84aGWz3oLkAOdxiQ,kWBfT2i3vowoYIgtmcK5aA,xVgrzXaOky9Lo0f3NgZCmA,27,"They charged my credit card more than my final bill.  When I called, the guy who I dealt with basically told me ""It's not my problem"" and had me chase down accounting to get a refund.  The hotel room was moldy too.

But the breakfast was pretty good - so two stars.",3.57,6569,17,6,6,0,0
SFfPGiq4B0TtpWkLhdCpjA,oL8zc61kVme_FjLWpWb4xw,iMw_LReFjEsvhFGrU1EKqQ,10,"The name of this restaurant is accurate - it is tasty and it is a place. It's a weird place, but it's a good place. Go to it.",4.08,4469,7,8,4,1,1
Gta9A1hnM4iYq8yTKxoekA,wwASH1TMfPeNjor5arq0cQ,r-lJC2K33taUgDngE1P0_w,125,They have a great selection of beers with plenty of craft beers.  Cozy atmosphere with pool tables and T.V.'s to keep you entertained.,3.44,4474,73,12,20,0,1
7MUnoxNA7-nv4sj8sAuFtQ,d9uL54c-p26hA9AXpi5ZzQ,kWxZoWO-Nw9V_xBgUYrRgQ,81,I'm a grown adult and I just went to Dunkin Donuts for the first time in my life! I used the drive thru and got a cake donut and glazed donut. The black guy at the window was near impossible to understand and I kept asking him to repeat. He was nice though and didn't charge me for my tea!,3.1,4805,88,34,18,1,1
_J55FHlMzabHcyNIyDVMQw,MoASnwFIX2oY8zTMrr3hDw,nRv9MgxFMhONywEpxyI6uw,9,The food is good and the service is good also. Drive thru needs some improvement it's to slow the inside is faster then the drive thru.,3.91,3507,2,2,1,0,1
O-PHdyngVF58bHx0EhwEqQ,JSBG7uMpQMJ5EoOp077UUw,9hd07-PcvgF15zDFqgNsPA,272,"This place is perfect for the small crowds that use the weights. I believe in a year or so they may have to expand, but for now it is good. I haven't taken any of their classes yet, but they seem fun and  intense. Could use another water fountain on the free weight side. All in all nice gym.",3.5,4361,230,76,53,3,1
yqEGVyNkp6m6WOqkENVeoA,XpoXidCcG1d57YhDdXSzdw,pl35AweL0U7J3-agyxT8IA,2,"Never going back here again. Insanely expensive, incredibly slow, and my nails and toes looked AWFUL. I got home and saw that some of my toes weren't painted all the way, and the gel job was horrible. There was also no one there and it still took 2 hours. So bad.",1.0,2358,2,0,0,0,1
4W2CsN-LZblJ9bc84Hj6Kg,PI2pp_aueUCx1l86c89JVg,TR8sAbY5sYdQJTx-GOGMNA,1,This place is a seriously amazing.. food is outstanding cocktails are superb and it's just got a great feel and vibe.. I'll be back,5.0,3886,0,0,0,0,0
cWwu9HLiFuAc1to2b_VoDA,e9QANOxsAurh9ZoiZAwepw,NBEZ3ceH89F24SAUW34FoQ,5,"Great Salon!!!Organized, clean, friendly, relaxing. I visited while visiting my daughter in East Nashville. Thank you",3.67,2835,0,0,0,0,1
0zeSl80m6e3iLYnNd97-Pg,2Igvam6WF0CvOWgOYCCq7g,RbHSM-cbJaJQS8Ta-0sB-w,27,Awesome place. The only complaint was the novice server who seemed like she was in a rush to get me and my companion out of there. But I'd sop it up to her just not being a people person.  I was having too good of a time to complain. Everything else was awesome..,2.57,4531,34,8,3,1,1
60QxoYD4lq8woTQpGEE1XQ,Vk_t6appDK2tLeSkTxvLZA,S3VB7fzKQa7_NfXgC7S3JA,1,If I could post Zero stars I would. 2b&2b $1100 rent for this standard is not ok. Just adding 1 dumpster would prevent this health hazard.,1.0,2545,8,3,0,0,1
kADK1hWceU0GrpCnapOGTw,1Xyk-J7PV8atPR3318QHYw,mXK_Rd2fYj7Bq9b8CMz3YQ,2,Great food cheap prices and nice service. If you are at the mall this is the go-to spot.,5.0,2810,2,0,0,0,0
grqaSk2EAceEtd7b5Ztj7g,TAo4LCKAJ4KaaWTk6ay5ww,ttxw2Sk6l0hDvyO_izGz2Q,16,"This is a small, quaint place for couples or family gatherings.  The food is outstanding and fresh and the service is great. Reservations are a must.",2.38,4282,9,3,0,0,0
8OlUbby-bhIgqFtEQNRfWA,ep_yf4KvV_Dso8xzTqRUFQ,BnwPx4GPOfxXZk2G-6oDwQ,1,Hands down the best Chinese food in the greater tristate area... I realize this goes unsaid.,4.5,4850,2,2,2,0,0
USFAKDjueFjpgdCVFRDkRQ,Eh_DwSQ5LAyW_IL1ojBeRg,M6iQIunhqZ_yKyvlmMDukA,1,Staff is so nice and cordial at Broadstone. They are always pleasant and smiling. I love how clean and neat the neighborhood is all the time. - 5 stars,5.0,5118,3,2,0,0,0
T48dV9OJTLB9_CdJUt08uw,LokUXfx2vGbX1dNtUpDeCA,7JPbpoD_oyG0AUbRwHR75g,1,"WOW! Book a table and you up to an awesome exercise.
The place the atmosphere and the food wow wow wow wow",5.0,1413,0,0,0,0,0
OQA217XwFbDbwYbxUlcD_Q,yfPcfLilTmhct6F4EVX7cg,A5b9nVDi1DPVvPOD24-p6w,31,"Great coffee and nice atmosphere. Very hipster vibe. Quality pour over, though it was automated. I would definitely recommend.",4.24,5846,22,2,1,0,1
rIIoKB6MH0D4HxrPRhbZdw,1eQEc_eUq895l07dqaSbEw,tEw1h8gNe2oVK1eYKZi2Rg,6,I love this place!! Every time I come in Steven does my nails and I love them every time!!,3.33,2563,0,0,0,0,0
pSnKCRTxBJTe-MS3YB3VUg,-prOIbtRiIMctWs6Yv8Wow,NQ6v9hMwtfS5mn2a0vQr1Q,18,Hot plates topped with cold food? How's that work? Must be the heat lamps. If You want idle food hit up Panda Express. This place is the most overrated Mexican food in Tucson. The menu is average and the staff are unfriendly with customers. As a native from West Tucson I definitely don't recommend this place!,4.5,4193,11,2,4,0,0
fdNKX2tIxbal1mYK3nCfAQ,QN1U10eKf8h4wQqhsIdFtA,QLUUaTj034zYVWiVl9tNvA,1,"What can i say other than horrible service, ill prepared entire staff and shocking how on a Saturday and Saints opening wknd with perfect weather them being open is an after thought. 
Would be good for the owner to maybe show up every now and then to see the ship sinking so pathetically. 
DO NOT WASTE YOUR TIME GOING HERE!",1.0,4802,0,0,0,0,0
ehTe_uZKcIeVhClykcOiFA,83bTD2tiMAPmfrhirOEniw,Z81IX5aTaIEGa8QeWhJ-eA,32,This place is AMAZING! Such a great frozen treat and it's open all year round. The prices are very reasonable and the staff is wonderful.,4.18,4351,6,0,0,1,1
R4MThBOxPHX8zGgQBk07Zw,bQs1ygPqM4kWTjRuhq8Igg,xiwmFksInxGZZSFaoZGxGw,7,"Tracey is awesome, very clean & tries very hard to make everyone happy!!! Does a great job with powder. Mr Ha gives a great massage spa pedi's!",1.71,3756,10,0,1,0,0
jKkT0cw4jC38TBzjoAQDGw,wYHmyOLLZC_8AJ4w1mmOnw,9ei4KR0XOA8tsugYii68pw,34,It's a new Hilton in town and it's location was clearly chosen because of Express Scripts because it's not really that close to the airport,4.09,4656,17,4,8,0,1
uoUyX9kH3HXl59EiT6lYpA,YK_td8FkBsdZ0TsQcmGl3g,Ur0T45Gpyft4E9fR8mdOXA,5,"Best oil change experience ever! They were very nice, informative, and extremely fast!  I recommend everyone come here for oil changes!",4.0,4778,5,2,6,2,0
XZTdnnZkACskav695dahXA,ALd5xTx15okYC73uCw6IJg,61XgBo3EgklUDIHrm7Q0CA,3,Took my 14 yr old here. Adam was awesome! He made all teenage awkwardness disappear! We will definitely come back again!,5.0,3715,0,0,0,0,1
SEz_8NRSfxKDcig8n0ZdBQ,7kX5RMX6CicnXy7F7lMb5A,z96j_GQevSXIbYMXPAzczA,74,"Fourth shirt ruined by these people (shame on us for going back).   They always claim it was somehow our fault (most recent hole that was there when we picked up a brand new shirt) - ""must've been a bug eating it""    What????  We're done.  Lousy cleaners/lousy service.",3.45,5187,33,16,4,0,1
XpE0So-RTh06DLAcAWmy2A,gQIbGmfoOPan4pjAQU_8AQ,6i2h2hYPEEG13A6mamsq9g,5,Honestly like yeah the lines are long but everyone is super nice. I mean it's a Starbucks on a college campus not sure what everyone is expecting.,5.0,3501,1,0,0,1,1
pKh7dnfG2XHJtAiCN97CZQ,aAEfxBZ0A6H7KmZdugir9Q,1y0WDHCevYlDn8YlaOYK3A,6,"Kenny and the guys consistently provide a great customer service experience. Friendly personal service. Upfront about costs.  Respectful of your time. Clean sunny waiting area. From maintenance to major repairs, they've earned my trust to efficiently get the job done right.",5.0,3662,1,1,0,0,1
HjE6z1zQVkp-oLQ20Xc7cw,tjGkkAH8G5k2HC5rKCIUQQ,jRpK8oG_8QKaPGaaKiCyng,1,"Hair in my Pizza, salad and plate I would highly not recommend this place for anything. Good pizza tho",1.0,2742,0,0,0,0,0
DuxHLn0MVF2rPL0GMRYEFQ,S3tG7hfCKHU9Cs_v2CMX9g,J1bG9ezYHMkzqV1yRsVtQQ,7,"Great food great service, very fresh tuna unlike all the others that use red die! This is the real deal. No red marks on the plate! 

Thank you!",2.22,4295,10,0,0,1,0
vmr48cfNhV8WkSUejeRTaw,o6-oPyWodQ009xHJJ5K42g,QMPyu1S5yzQrXQxAk_s0zg,2,"They hire great ataff, and always keep the gym looking fresh! It's bigger than you think, you can always find open areas even in the packed times.",5.0,2619,0,0,0,0,1
E8SN_zj3x3_1564LNKx-DA,vSQl8do9ld5H34YEXLnsLA,NCyIqQhrwtQ-JEZ00ny49Q,32,"Neither super nor economical. It is claustrophobic, overpriced and the staff was unfriendly. Never returning.",3.94,4955,28,3,2,0,1
hsbsyCrn0XJ1KYK5oo_IAQ,8lcv5rvi7SOIF-ksBV4ZPw,vf81tOiPd08VGI28EkB6OA,191,As it's a McDonald's fast food restaurant I know not to expect much here. BUT this specific location is probably one of the worst. I Ordered 2 oatmeals and received not only old dry oatmeal but no spoon to eat it. Also no napkins. The disgusting  slobs that work here really make this location a huge failure.,3.27,4817,503,127,146,7,0
5Gi4zWHS7Jz_DcWVFBo2SA,7sCTD7xXahIRuF0kJR9l2w,WTrjHT-4njU6Mp2-G-NtVw,7,Best Chinese food I've ever had!!! They have very authentic style Chinese cuisine and I will definitely go back! Absolutely fantastic!,5.0,3520,20,0,4,1,0
21e1yPGxuuIUbcZJkdh-Qw,Um5bfs5DH6eizgjH3xZsvg,GE7eT64EHR6udOZUaP3yCw,3322,"Dual drive thrus make it easy to get a Half/half tea when the person in the other lane is apparently ordering 1 of everything off the menu. Mine was a quick in and out trip and It took less than 3 minutes to order and get my tea. 

I am sad though. Large Iced teas no longer are $1.00. Le sigh.",3.84,4919,10382,4927,8225,203,1
Nbz6rEIWr2ClXB8csLYeUQ,_ZSRm5cUxavmmuy82pwBWg,RKVZbcCKNcAM5Jk_cV7I9A,1,"Excellent food. Calamari and Tomato Bisque were superb. Interior space was exceptioanal. Pleasent, well layed out, no sense of crowding. Well lit. We did not eat on patio but it looked like it was a perfect spot for a dinner out. Hard to stand out in a neighbor full of great restaurants but this one does. Well worth a visit.",4.0,4778,1,0,0,0,0
4oVU86_4cd1gm3ESoI73gw,6hFceeW1QWQxl76sVZAX_w,Yh4OgbXQSpQ_ycK_FmNiGw,1,"If I could give it less than one star I would. Bad food, poor service and dear god was it overpriced. This place, with it's phony bologna vibe (really, a dj is necessary?), is clearly run by people who have never run a restaurant. Do yourself a favor and stick to maurepas across the street. B",1.0,4859,5,0,0,0,0
vNFKw7DBPAd_4zrinKQMkA,9wwUNLGpr3JX10_rc8z6DA,8CSdj8LF593qwMcduzHglQ,24,Mediocre at best.  Nice ambience though.,3.76,4508,0,0,0,0,1
rwTkh0gcouxHmoH5vqAI5Q,eIhdjATkRnqGU6lFrYpoGg,02qFLwwFi8T804rHcYh7Zw,5,"Great place to chill, read a book, sip some good coffee and grab a quick bite!
The salads are great!",4.33,4795,1,0,0,0,1
2voYK0sqJNZ5yuA3_NTQPw,5hc0-ce0nzh39YeWIK8bCg,oupzw1YOph1U_GmP_cWxUg,10,"Way WAY overrated and overpriced!  Our food was ok, flavor balance was a bit off for my taste.",4.2,3780,1,0,3,0,0
C8hnuq4CJgkimF_dPo-nXw,a15TKQ4E_kJFBJFZvI2OOw,6XCjqn2qDDdVTDyzKde1gw,1,Owner served us! Amazing service! Great food! Tried multiple different things on the menu and it was great!,5.0,1553,1,0,0,0,0
ahZM-Vd0FGtRS7eLkSy5ag,vGcEE2JBkYFfgKH2Sv3oAw,tSkKTGnKuIYRxRS067vdlQ,1,This is a great place to go! Food was great staff was friendly! The manager John was awesome! Will definitely be back!! Highly recommend!,5.0,3878,0,0,0,0,0
GfnNPjehKWIdfZtY2PQvIQ,19druQUfbjgyg0DZxLMnHw,rrrOJ_vYXuQaouyLZROThQ,23,Great food and service for the price compared to other steak houses. When go to the movie next door we always eat here. The prime rib is always delicious.,3.42,4651,10,1,3,0,1
Gg0pCh1Vtv7eTAMgXnjWJg,122BEHfgUopMYsapsP4OFA,f5KbR9Ty05qgJvFbMm7fjA,63,"I am new to Delaware and wanted to find a good restaurant to celebrate a birthday. This place blew me away. From the waiter to the drinks, appetizer, meal and dessert it was hands down the best food and experience I have had from a restaurant! I would recommend this place to everyone.",2.31,4991,59,15,8,0,0
5rZiiYNMruKV0NfR7Eb7tw,PdAjMQQ7uhWE6UTfJdWt3Q,zpqdZKeXmkUrMyEtZPFWUw,2,"So, beer, food, sports, slots, while waiting for the clothes.
What more do you need to make laundry day go by",4.0,2800,1,0,1,0,1
WkhMtlpmMTer2tpDaTfcTw,2w5O4KGyCBFCkaJeG_g5Jg,vP6BGF8IqbXlLQiDP5n6dA,1,I love this place. Their fried rice is amazing and their sushi and maki rolls always taste fresh.,5.0,2196,0,0,0,0,0
HuYMELk61Nr_zrIPbTMQQQ,qLQLa1gojifPzNlwVcdhuw,gkwnDFgN8xnAXK8nquPGHw,10,This is going to take the lead in the best sushi restaurants in town you have to have the pacific roll and the genki...,4.15,4062,2,2,2,0,0
1uqGJkPSl4EMIMFZQ5KzWQ,Ptj7puJQyleGJ6xfXc6nSg,2ecgEhppUgqD754B6d2mdw,96,"Modern. Clean. Nice amenities. Shared parking garage. Area is near bars and a restaurants. Extremely overpriced. Obnoxiously overpriced with rates fluctuating daily, literally. Tons of tenants rent their places out as VRBO/AirBnB. So it's more like a hotel.",2.77,3947,32,16,2,0,1
caIVGhnzeMzNiN9m8e5PIQ,X66bhlWD0r9VjTQB3140qQ,xTtxJ68UN6ob-_ajBCp1zQ,211,I started a 6 week challenge here and have been pleased with the support from trainers on how to do moves as well as modifications. I've always felt welcomed as a newcomer and also have all the equipment you need to do your workout.  Nothing fancy but a great place to work out.,4.09,3566,287,53,171,13,1
HfB8MkZ5JbD54zyIsSfydQ,m9kL3OQtVi66rYRviSaa4g,Ylc02u7HhDj0mnxeGt0y5Q,16,"You've probably heard all about the all you can eat buffet up till now ($21.00 per person).  But it's worth writing about again. It's $21.00 per person.  The best sushi outside of Philadelphia, everything is fresh and delicious.  Two things you need to get are the Yummy Maki sushi roll, as well as the red bean ice cream.",3.47,4637,31,4,4,0,1
Cwlc-UYJqPfqmGrdZvp0Uw,IUP6bL32O5Mp19cKw-0uLw,Yv6HUVu7fRMnt_NtGdVQBw,18,"Dare I say this is the best restaurant on planet earth.  No number of Michelin stars can adequately encompass the experience.  For course number one, I'd recommend two monster margaritas.  Then escape out of the bathroom window before course number two arrives.",4.5,4793,10,2,1,0,0
dKdke3OEHv_KTPOWe8r36Q,oPBZkfqfKgMnCD2T8ZUH2w,9LnDMh72MLaM376zeomW-Q,12,"good night out, cheap beer hot barmaids what else could you ask for",2.77,4689,32,3,0,1,0
B8HhF8txVlmNjqiTkttB_A,_rFN5rPGjK_dHwX-UcEe4Q,-0jzoPt3UeXn6FUXVQvyPg,4,Great Atmosphere great staff they really care about your dining experience. My 1 year old loves the mash potatoes.,2.0,1776,0,0,0,0,0
PgRYZXCUoSQBiuJUKH4dlQ,6FtZvI7qjONQkWeXG3WTlg,JKXMdlr_NZu27Zewvf0q2w,1,Expensive mediocre Mexican Food.  Would not recommend this place.,1.0,4433,0,0,0,0,0
YN0IfS-dSVlYEfE11Jzq3A,7maouvvD-UaBut8IfRM0ZA,AzseSGgDC6bVtMPEYo1CNQ,1,"Absolutely the best, hands down. Don't be scared by the name, and get the Thai Basil Coconut with confidence.",5.0,3606,1,1,1,0,0
PJl6BuxBwZiEeBhmWpcbqQ,yYKGHk4dQp7MXl71WtnGTg,MAlsr0w9jmBAyiDI05901A,3,Came in for a tour and realized I want to live here just from the staff alone. They made me feel so welcomed.,5.0,5174,1,1,2,0,0
Px1XVI0nWDBOKD1VwcGwwQ,fPm3t7HsRzq8Phmb4vT8VA,Ej0S38-ITF7VgOQhX_VJ8g,4,"Great shop, great service!!!!  I highly recommend this place.  My cut was on point and straight blade shave was excellent.",2.0,3506,2,0,0,0,0
G-S7Ev0jmcCSV1mHxcCOPw,fD6FZMW1V5l0oRD-fICb3w,k2uTLABewlt4O9nWqWQpyw,180,Great selection of beer at great prices.  They always have great beer specials and they have the lowest prices on liquor in town.  The only drawback is that they only accept cash but they have an ATM in the store.  Even if I didn't live a few blocks from A-1 it would still be worth the drive.,4.13,5113,287,61,146,16,1
QMi26ASKYOLvsoHBmlDm7g,ONHZmsqXM686NJgzMvWeiQ,qC63cwAI-baLmbEdxbR3FA,11,Best pizza in Florida!!! Customer service was top notch!!! Ask for josh he is awesome!,2.45,3982,5,2,0,0,0
f3gwTC4VxpZzNfAfi68FTw,6Tgj_oXU2BYHsh2NHMmDnQ,41UZPKPojnFz70F8aP5VEg,1,I read the reviews of this DD and was hesitant on stopping by here but my experience was fantastic! Enough for me to write a review and I never take the time to write reviews. The drive thru staff was incredibly kind and respectful. My coffee was perfect and the donuts were fresh. Definitely one of the best DD I've been thru.,5.0,3075,0,0,0,0,0
0ykvdooynQI0dx0QKrs9gA,vq5u3yJDuPo3tlqKI0Xgtg,2xvxGJu9rWdhZ7AheiOheQ,4,"Bad, slow service and no mirror in women's bathroom.",3.5,4430,3,1,1,0,1
xq9RNFTB0B9cVkojP7JRag,uxcWluYc21bU8Fswm0hb4g,jdNCyqo4IcXfzhxUVufghA,3,"Okay food, but they forgot to add fortune cookies. Meal just feel incomplete without it.  I'm guessing they were mad because I ordered at the last Minute but we wanted Chinese and they were the only ones open.  Oh well. Next time I'll ask to please add fortune cookies.",1.67,1412,1,0,0,0,1
PNDbV-6xdvyLLatdh-ssJw,GfFs-QkZviYX5q5PbJeNTw,_sVYEqG3FY2DFtA6NL_Low,4,Love Textures!  Hillary & all the ladies are very welcoming & professional.   Great service!,5.0,3418,1,0,0,0,1
vQkdAOUAD9FrSTC4uDu7UQ,i3c3sB_mEq18AMR3YmI8mQ,ZFSt9QDyAgz5qKRfxCZWAg,9,"The cashier was extremely rude and and refused to help us when our corporate cards chip didn't work. She said she didn't know what to do and refused to help. I was after I told her we would go somewhere else, she stepped up to help. How rude. I won't return to this Starbucks again.",3.78,3789,2,1,0,0,1
ffYkYV8EFGULHdrCstJLuw,bUN-sLR8fN7jKuhXoa0mvw,AwmeLVLEfdFoCa0LaF0UYA,327,"Beer selection here is off the walls, crazy ones that I haven't even heard before. The interior is modern and has a draft room in the back. 

BUT...12 bucks for a 4 pack of Allagash...pricey...

Overall, a very high mark up on everything...pass if u wanna save some money",3.91,3692,328,61,238,17,0
mAr7S441BPMiiOIH1EGWfQ,ECYdcBRj2ydiHLxZ5S09hw,7CVobIKmVYlpgo2QifXlrw,138,"its a Wendys, nothing special... But do hate they changed their Fries... just not very good anymore for the dries",3.29,4719,177,34,38,3,1
9cTeE7tFlOVou3L8zfhS5A,2eOLQcYMjnRnKGZRIFh5MA,PbwoKSYzDu5a5eLyeaTCeA,379,Visited with my son last Friday.  We were immediately greeted and served.  The restaurant was very clean.  He had an Italian BMT and I ordered a rotisserie chicken spinach wrap with guacamole.  We also had drinks and a free cookie for my son.  Very convenient for U of A students and visitors.,3.69,3534,230,36,85,6,1
Ya0Rcy-oxNcXN3aUQMQD7Q,g34D6n4yRCxOf_F9g2kWpA,Sgj4o5Ho137KlbiLP0q0dA,130,"Excellent!

Old school barber action.
All of the stations are filled with competent professionals, I don't have to wait for any one of them, I can take whoever is available first and know I'll get a good clean cut including a beard trim.

I highly recommend them!",4.25,4362,118,26,70,9,1
mdVm2go619fgui3-zG6-gQ,8oWvVTtZ_WVlPoYWNJh1YA,hXfXTxPeiR8HBAtmsMPYzA,1,"The employees at this starbucks are awful. Simple requests made drinks worse. All i ask was for to shake the drink.. one dude said he did when clearly the green tea sat on the bottom of the cup. And the girl dumped out the drink out of anger, and remade a drink that was no bueno.",1.0,3083,2,0,0,0,1
NuaQ0sdv74AVqIucaXyvCw,QQxy69AeDdmZvvHlsvmczg,7W6EJdiaXPgUyGLk1E1i0g,22,"Steve did a great job diagnosing and fixing my '99 Jeep Grand Cherokee...and Jeep owner knows that you never know what's wrong with your Jeep and any given moment.  Steve came out, identified the problem, told me how much it would be to fix it, and then did it.  Honest in his pricing and service.  Thanks!",4.56,5891,25,4,7,1,1
RTyjQcPUaC6YBzObIsLcGA,6aOoTrEDktO4kWytuhWxEQ,AVCjn9uVgkjIRM3uYrEf1w,8,"Wanting something other than a chain restaurant, craving home-cooking, then this is the place! Hand-cut and battered onion rings and zucchini! YUM! Best fried chicken, EVER! They have salads, burgers, seafood, steaks. Kids love the mini-corn dogs and their spaghetti. A must stop along I-44. Very reasonably priced.",5.0,2691,1,1,0,0,0
YDJ8t4N1kd-GAHN8HGN5Xg,eP__kwD6T35ZQBOAD4qfBw,lLPmPzlO5QyuJnEgY8C9Ng,6,"Charged me 3X the advertised price for an oil change, and 2X the going rate for a new battery. Tried to push other repairs on me that sounded suspect. Great job, Autofix, you got a few extra bucks out of me in exchange for my never going back again and recommending to everyone to stay away from your ripoff shop.",3.0,3585,82,5,1,1,1
f3rsSxAbRjJLMl5-Bgxs0A,rkssbDrs4hNsInMZV6zStw,Z81IX5aTaIEGa8QeWhJ-eA,10,Quality does not cost. It pays every time and Maple Shade custard is the best on the planet !,5.0,2457,0,0,0,0,0
BDYo0qnAPXzDSoysTRqSkw,oTvweFVGXjTmimtVIaW79Q,izTuxH4Lp0bVVDTMEUsdqQ,24,I have a truck and was told after running truck through wash X 2 that the wash does not perform well on trucks. I was denied a refund. Dissatisfied Consumer.,1.44,3291,19,2,1,0,1
0q_dS9ytOpO0yBeszVhw-A,CuTMR3EFwGuPnJLxu-LBRg,XLbh-HlT8Hgh9VTvVZJrTw,3,"I just moved here. Called to ask if any one would be able to work with my hair needs. I only require a certain brand FRAMESI. I was told, without be listened to, No thank you. And they hung up on me.
I could not go to this salon after such blatant bad phone etiquette.
Sorry guys, you must already have enough clients.",1.0,5058,28,2,1,0,1
BI3BqESoCG0MHPLVw91mrA,OdG1lacc6ApnaLdX3nRedA,otNLgiQCkEzyA9ThokH_7g,11,Teri and Quin are great. I've been going to Quin for over a year now and consistently get a great cut. Only $15 on Tuesdays.,4.5,4787,13,9,2,0,1
fl3L5RXYYFJmv7Hm_sIh8g,SGpMhCNs5q20QXp3sIQWsA,KBbMxIj6PhSXW6ZSoNm9Hg,194,"The indoor atrium pool makes the guest rooms smell like mold, the wifi sucks and times-out twice a day even though their system should know how long you are staying and keep it active, and they made probably what was a terrible terrible motel, look nice. This is a joke of a Marriott and this is where the Opry stars go to die.",3.52,5714,168,38,30,1,1
iMn0KPby5VUHZfkohhc89Q,BN7Ozc860QFFbcLd7uANWg,znXepcTn8fmYcdtI85kHqw,1,"I've lived at here for almost 3 years and i absolutely love the building and location! The office staff is extremely helpful, outgoing, and the events are superb. I also appreciate maintenance team and how knowledgeable and prompt they are. Great place to be!",5.0,2044,0,0,0,0,0
t3p9C_wT7Cmms48n2-Nf2A,-nmTwBe8ITqGPNoImxWCLg,S3Wh6UCdFvN08s8JpKI7oQ,186,Totally awesome that u get a free bag when u spend over $10. Love it. So glad this store is downtown. I'm trying to eat better and their fresh fruit soothes my soul and makes my tummy happy. I have to force myself to leave cuz there are do many options. I have to remember I'm not grocery shopping.,3.33,4935,161,55,77,4,0
wQEEt2r1jMNuSc0enO3I6A,rA4YuFUmWjORjpnbfme_MA,Y9ddLD_xafEdQv4qo-emyA,22,Apartments look nice. Management is a different story.,2.35,3736,37,4,3,1,1
BuV8slv0Zr6qc54xp_4YDw,MqYZ4EeRKu2YM0AvIQTVqA,wBAU2xf3DYRmT3Od6UMZlg,61,"Quick, up front and easy to deal with. One of my best refi experiences ever. I will definitely use again and I highly recommend.",4.06,5080,57,16,12,2,1
7MCUAwVxzBaKUBN5d6qQKQ,t22dVHllsNNggQ79KVpI6w,jssubXBNkiSJIhbKuDtmpQ,1,"The fried tofu is sooo amazing.
I never eat the taste like here before, its so tasty.",5.0,2591,1,0,0,0,0
WCerHpHB45ZregSV6lH9bQ,N0YoiBMYVRZwBm3ScUn_SQ,sCRN-PqagNGX_5F6HjB3bg,4,"This salon has been in the Keystone shopping center for years. Hung, Ken, Mi....... all do great work. I appreciate that they tolerate my sense of humor and joke back with me. There are also days when I am tired and don't want to talk. They respect that too.",4.5,4116,0,0,0,0,1
Inp9j4RTAkyzPARnTQVkhQ,_RCJEIa3z2tGJBl2RtYbhA,TAUGnIQDR9-m23DWLZ0dow,14,I highly recommend this for a good place to eat sushi. Food was excellent and service was great . Definitely recommend this location.,3.07,2155,5,1,0,0,0
N6veiccMV7wNTlRvqXTK3w,DTlkRx-YprHrSck_Od_3aQ,NCcdvagQ06yKJFIqjJiDRw,4,Ok Gym... Takes forever to get anything repaired. Gym usually clean... Ok staff depending on day.. Only 2 stair climbers so when one is broke its pretty dumb.. Staff could care less.. Doesn't seem like much management expertise at this location.  Will be switching after the year.,1.25,5518,16,2,0,0,1
RQXaVVlHkt41x-VbdrHBKg,NjlmDu6y6aYjmKePul-dEA,VFrmNGmPK-8UsDAXlxX-CQ,7,Been to this spot twice in the last month. Both times the services was horribly slow. I actually had just came from the king of Prussia store which was twice as busy with the same amount of employees and got in and out in less than a fraction of the time it took this store to make one simple latte.,3.0,4114,3,0,0,0,0
G4lWESbLdTaG5SrQJc3cuw,TuNQKYwagMGinXgpHNyp8w,ccOAem_85wcgVvaBqRRTUQ,1,"Wow this club is AWESOME!! They just had a change in ownership and you can tell that the new owners take pride in their business. In just a month since the ownership change, They already brought in new equipment! Its also nice to see that the new manager takes pride in the clubs as well and goes around and cleans!",5.0,3446,0,0,0,0,0
NXHR5pHNOWWW7lHRROhgxw,2cT9U8DQaTs5maNnWwkgHg,_BreSZ3-mTEJYqJ1Ot7Akg,8,"I will say this is one of the BEST doughnut places I have seen in a while! They have quite a plethora of doughnuts and wild ideas! Its not meant for someone on a diet ill say that, but its great to check out their doughnuts and try them! You wont regret it!",2.3,3752,11,0,7,1,0
4aGRCpoCgz4wfw6Zhqv51Q,wL0YKedXoomjPyrdnAFEfA,9avUb9REwrAtk3ii32-zQw,25,"Clean, quiet .. I've tried many gyms in this area and this is one is the best  Also the staff is very Friendly",4.52,4243,14,5,3,1,1
WQHahKSEs0SJt73kXSzAxw,Isaj39dbjsef1AL1jjNh0w,_sVYEqG3FY2DFtA6NL_Low,4,"I've been going here for years. All of the ladies are nice, prices are reasonable. Kristen is my stylist and I highly recommend her.",5.0,5293,1,0,0,0,1
PXSOwj2Kmbisq1fkoq056w,MXT5Q-DhYKNOYc_liS0VWw,j99PtxlKTW_u5alE4jiqHQ,3,The best authentic Italian food around! Great atmosphere and wonderful service. I travel 45 minutes just to dine at Ralph's a few times a year!,2.33,2204,3,0,0,0,0
HEDMxbsujEek6rHpFFVDzA,n0GJcpRu_GNqnuqsOaRFbQ,cIPOp2B8Q8FWsf4rLdKLbA,46,Enzo's is stepping up their game ‼ they are serving quality pizza as always. I'm a huge fan of their cheesesteak  very hard to find a good place within the bucks area with good ones  but their cheese steak is fantastic. their chkn parm dinner is so good I'd say it feeds 2 people... for the price it's rite,2.59,3673,53,17,18,1,1
qVl88BYE6mLi9I-Y56NG4A,3k-rtYqyxdCoGGif1bx7og,2-5VDzx9G7KlF8-nUngphg,11,"Living in East Nashville, this has become our ""go to"" place when we want something to eat that's not really expensive but filling.  There's nothing about Las Maracas that will place it above your typical Mexican restaurant however, it's consistently fast and filling.",4.58,5086,6,0,0,3,1
ZmuamdhxBmnc-6uGs6kpfg,wVKOhvpVbxpah7iLbn_08A,q10gQHRRga0o0A37YsvodQ,27,"Live in the building and my dog had a seizure and possible stroke. Quickly ran down and was told the earliest they could seem me was later in the afternoon by the desk clerk. Horrible. . She said I was better off taking him to an emergency hospital. December 3, 930am.",3.47,3699,13,4,1,0,0
90_om90BieSgs-eCbyxlvQ,9TuUABNmDhBqdDael0zy8w,HiQwgtgkvkqJmZrCyF2jBQ,437,"For some reason, we were in the mood for a Filet-o-Fish sammich.  
OK, that should hold me for another couple or three years.",3.51,4957,479,113,102,12,1
YSI4ZbvAq8KsjIWI6Yv5GQ,mr3mFaCWWb21hCyKhv039A,dHYGLQkSxp8nFyzydmgeVw,24,Your coffee is way to strong OMG I rather get the latte but U guess it is kinda ok I lake Wawa coffee better though,2.62,3244,5,10,2,0,1
8QdGy3BfzcJniV0Rbf-91g,d2OeinTDuBxQjGK_8jY8tg,JwvvwlWgYLnjrqD15TAWzA,8,I'm from Chicago born and raised Mexican and this Tiki restaurant is the best Mexican restaurant in St Pete.,2.82,2275,1,0,0,0,0
C5tpqRoeeI5FXPhtFHKY4Q,4aNp21NhpWmsNn0XNe9M9A,FDx_EgHcBvIRGH4UlyuNCA,24,great service & great cream. u won't b dissatisfied. enjoy!,2.88,5452,41,7,1,1,0
S_QXBFIhGA-y2jCACor0ZA,eGAgS9BmaR3GWZDttQajBw,PjknD8uD_0tisZQbomiYoQ,2,"didn't even order, just  used the bathroom. probably one of the top 5 best experiences of my life",3.0,3474,0,3,0,0,0
Nnhmvp2ulYVX6dWwO7Yrxg,6l6EtZ6kKoccKK-A3HRTlg,R-FCQ9R0emv37lMJt4hN9Q,88,Great location. Ball park is walking distance. Parking is the biggest problem. Rooms are nice with great views.,3.78,5591,72,17,27,9,1
6GMANWseTw4NINK2RhJHAg,-NB6Gy0LeuLkZfFf-Fgk6g,ztppjLmFE25wZOQdJKXAuA,6,"It's fair, I'm used to NYC food. Chinese food here has no taste. This place is pretty good",3.33,5517,1,0,0,0,1
dQkzFx68mcJzRnXAM3y90w,AbeU5EpHZIp-DvaMpNpiiQ,JLixvCikc5JYGcnvaqHoJg,111,Amazing cute place. Our hotel gave us a free drink for staying there. We ended up getting another round. Very retro joint . Totally recommend.,3.63,5512,79,17,31,0,1
2CDYwCTq389P7G9K0NysMA,4aD0wkQNY7nbT03p_-UDpg,GsOc2dLx08yIdTyGVggy3A,2,"The dinner for two special is a fantastic addition to our week night ruts. The food is fresh and delicious and comes with salad, bread and dessert. Tasty!",5.0,1733,0,0,0,0,1
vdSsWvpfpEn-MCu3-glDyg,pkAjsippCOWEenhygCX9dg,mLF5l4rFV0JaD1xsB2IPng,3,They still our money. They said we didn't pay. I called police. The worst experience ever,1.0,2580,1,3,0,0,1
IZ5v2EOtuHNAElVpSYhZkQ,sbYilzQ47ssDbCYKAy096Q,o6wweypWJFP-yHkI06KNMA,5,Great spot. A Conshohocken classic. Great customer service. I go in here at least once a week.,3.67,2807,0,0,0,0,1
waLqVR23duF5LTNQrHbOiA,MbHQy0Wd9UyboDCS9eyQiw,1s8WJM2zbUScgZ-7HlMXuA,8,Always awesome no matter what you order! Whether you dine in or delivery it's perfect every time.,4.22,3692,0,1,1,0,0
9Omv0n_6W-2qrwp-F1fRrw,JrNaThpQHNag-n6c_NcfkA,ZCkc45yLiM93rWxroR54_Q,24,Love traveling where there is an In-N-Out Burger! Of course it's 5 stars every time! Alway friendly staff a clean restaurant and great food!,4.21,2495,2,0,0,0,1
Eh4dnWPDcULvwkaLs-SxtQ,QeAWcZ8OFWBAAxzQa4aCtg,B5c-7ndCYi8KhxV0cavDFg,2,Best vegetarian pizza in town!!! Please make sure u support this young brother who is also actively involved in the community... Very friendly staff...,5.0,3965,1,0,0,1,0
nzJAslP5yA686jIXspW22g,JFkXimc_9mKqCw5legLjHw,JobrCEYOPzhTzVNmjNNmEg,13,"Evan up North was good to me, so are Tom and Elvin, brought coupon for synthetic oil change.",5.0,4545,0,0,0,0,0
RRvw-Bdm4SUI3tjRNnfV1Q,pFAs1o9H-bW0uuH2b-wwqw,ZWHrEk1bw8X1zC8hwL-cYQ,2,By far the best place and the most amazing service!! If your craving pizza this for sure is the place to go!,3.0,1225,0,0,0,0,0
zKfdnnIQfJR7dSRVlHGbrg,GDEEdUXecF3IjzvXbr8Xfg,uWLFplSCk3lI9rf84ZDwUw,8,Cold hash browns. This McDonald's ALWAYS has cold hash browns. And the service is by far the worst of all the McDonald's restaurants I've visited in my lifet. I've given this particular McDonald's several chances to redeem themselves and they've managed to fail every time. This place is a joke,3.22,2662,14,1,4,2,0
Clo1ZwKE5vI8gnqfd1XeWw,3D7eoULLyVCSFLBYJTcQmg,u6a9VgA3zyvthtU0rd2REg,10,This restaurant is a hidden Gem!  The lump crab chowder is to die for and you have to stop in for breakfast.  We love the egg white omelette.,4.6,3480,5,0,2,0,1
GlXQUA3yMJ2KkfA8yJZaqw,tTNZVhrkLSH-Z-xdZ31QYQ,Hr9T1_r464mBBSNy6-ZZIw,14,"Enjoyed the rice, chicken tacos and burritos. Service is average. Great place to sit outside and eat on a nice day. I will return.",2.86,3887,17,0,0,0,1
L7CEjAY4G2vquPoiVVuKkw,DBKJfAGP9o3pMb1gPxpo2Q,eSJMA_VdUVQTDkRJiV9lHw,2,"Best Italian food around!! Everything is delicious from the pasta dishes, gnocchi, soft shell crabs, and Italian cookies and biscotti. Yum!!!!!",5.0,3738,0,0,0,0,0
UDYHlmz8YSGtL205eWpUxQ,dn-bHl77XqFJwoFJF-40iA,EEQJ6wnHD0x1OM41ldTTWg,11,"Tried to plan my rehearsal dinner there. My bridemaid called, I called, my fiancé called. We each called this location and Ambler and were constantly told someone would call us back. I even got ""can I call you right back?""... Not a word. Wrote a review on Facebook and got blocked! Guess they don't want business.",2.18,3379,5,1,1,0,0
miiTvuxhpKwLr5v99n0tig,T6dwwGp1WdcZ1AFfhu0FCQ,vfD5568Nt1B_ImDC75fBIQ,10,Donuts were dry and not soft. Barely any frosting. Went at 10am. Service was slow as well.,3.54,3184,6,0,2,0,1
u5gTBmHMIBWfskDOVGllFw,IKnFF-9FNWfywdw4UsaIng,fFj8iQ8eVZui5kcPzPVIJw,4,"Friendly staff and great music to go with great coffee, donuts, and bagels! They also have a drive-thru. Get a DD Perks app and earn free drinks!",3.75,5372,7,1,1,0,0
TeZ_eHUDxnNp-NuH7ougEQ,lMTj649mqcnvXifkMymyAA,abyhAtKhZUh8w0VT3Rn_BA,1,By far the best Dunkin in the area. Quick service and the drinks are always on point. No drive thru making shorter wait times. Always 10/10,5.0,2878,0,0,0,0,0
JkKQoZKHfwZmRpqspWDDUg,Er_1k4cl0VwKz9tfIn-FBw,3uTpN9lxvTbJpx9KkH1v0g,508,The flockworty Peacock Room is the newest Elevated Cocktail bar on the scene. The cocktails are very catchy and they have an amazing taste. I have to try the food. Careful with parking because it is in the heart of the city. I would suggest taking an uber/lift/taxi here. Robin Barnes performs on Thursday nights. Must see!,4.37,5476,2013,525,977,100,0
7BihYvFvKiSdYFTyjF4Zbg,qdeRXOmqoWJGiaiiKnH7VQ,W2oMXNZlcY0ZJCLA_Sn61g,26,Really friendly. I had low tires and couldn't add air at the gas station. These guys took care of me in about five minutes.,4.76,5957,226,4,226,154,1
h8unRJ8KqyrNbw91kJYONA,oeKfqWJc7XA4c8FoUuxAdA,pFgkDEm69IhsQxI93BDbyQ,48,Best Chinese food ever. The steamed dumplings are amazing. Always greeted with a smile. A++,3.31,5168,30,9,7,0,0
3WoctlXU4tENIHy6ZpzXCA,ZqQXYMd78EqQIYqdWnxRlQ,h7TO_IsmLCYmKKDVOOIeFw,7,Best sushi I've ever had and I eat a lot of it. Cream cheese is insanely good inside sushi 10/10 blew me away,1.88,2490,5,1,0,0,0
SmzHu5Guc7KHWm3cVyFKSw,C8xQ9VBnCGkwDMmAw5OcGA,q0Q-ohZp8iV9OY-gkNPPwg,1,Very unhappy with the service.  The veal was over breaded.  and I took three hours to get our food,1.0,3766,2,0,0,0,0
ljzhwRqBaQOoxV8oBoMr_g,rfmUPLkXqQGUyTTCIzCZEQ,JIf1KD2_DDkVQMllaUpX5Q,21,Definitely an awesome place to live and a beautiful community!! Everyone is very friendly and courteous! Awesome amenities!!,4.38,2889,4,0,0,0,0
wKzAzsQTK4VNqXhtAFe3sw,15Bh-wFOQx9LCVdQo1m_aQ,EKbb62ui8LgHk3B7OJMyBw,176,Come here about once a month with the bf. Always good. Always pretty quick. I love that I can make my own veggie roll.,4.04,5276,173,45,53,8,1
lgiyZWTEMNiWN3-DF-_u7w,EG_x5NYMuwaco0s5X9gRLQ,uTaPMldg9ujH1u_Ol7a5PA,2,Amazing experience living here. Great management that is always kind and helpful. Very safe and friendly community!,5.0,2834,0,0,0,0,0
79Xc3spezBCxWtTPz3y80w,C20k3sgrKht5E_BCFdnF0Q,MB95qdTuKOtDUkv01Jl1Jw,63,"Called ahead and made an appointment for a state inspection.  I was told to come at 12:30pm.  I was there until 4:30pm.  I was not happy having to wait SUCH a long time, especially after calling ahead to make an appointment.  I highly recommend you avoid this place.",2.85,5811,70,24,15,3,1
pk14JXCybE3TrPK1YP64aw,3VkvNijXxcMJC3d4eErFbQ,W65QAD282-NkxF4JUOsMwQ,24,Paula is the best. gave me haircut exactly as I asked.,3.33,3709,12,1,0,0,1
mAi_ROoQ4DBAjNFC0myuzA,H41_kUJ6id1yB6RNZzFxZg,NW1UOpouDgTRyJCMh6zovg,8,Santos has always been helpful and reliable for all of my cars. I wouldn't use anyone else in the city .,4.5,2669,0,0,0,0,1
lwZBw2RXLnqsnyR_HvEhAw,sRR8i0iacjDL1Pmea0vAyA,I7GoKXrd_k5_ObTWWgkWDQ,1,Good food and a good value. Highly recommend if you're really hungry. Everything is all you can eat.,5.0,4054,0,0,0,0,0
J7QeCAfZ5R06S2rLgRUUJg,a7lmOa0ouKdZy2r_5jaAQQ,ymCAEkeLE7P7SDfICgDp-Q,4,This place is really chill. Everytime we come here we get good service and the food is decent.,3.0,3503,0,0,1,0,1
a40kIuhTnumCgPU_335SSA,CJnQmTeY4cuSSDrf1AC25Q,saJFbz12EnzanelpD8_xXQ,26,If you are a coffee drinker this is the best place. Latte Latte just the way I love it. Very friendly staff and helpful.,4.7,2148,16,0,9,1,0
hihJkCB4fczA5bbh0Z3asg,4CikNGkuMkC41hN0Xdi1Dg,OFv2JGQPxydkyTacVWKySA,7,"Just order the new taco, it was horrible 3 little pieces of lettuce and way over cooked! Should have taken a photo. Jack in the box tacos are way better!!",1.57,2278,1,2,0,0,1
hAtYSNlfTksjEbcM-PpFKA,I0P4SpDWZ7un-JiYpcWKNQ,Xh6CqeOjcalJs81Ktkb_cQ,4,"Food is amazing! I love the wraps, salads, and burgers...literally whole menu is yummy. Bartenders arent too shabby either",2.2,3382,0,0,0,0,0
k8J-9h6i3u6zXg-ioY73Qg,BgbJhwFvrJM14V6qmdH-Hg,cmdMPBVZzL1Ue-2ING_1Tg,2,"Great lunch spot if you work near or at USF. A buffet that is clean, plenty of seating, and you are done quick enough to run any mid day errands.",4.5,4022,0,0,0,0,0
dJDGYhG5MAc6lZjpIIztwA,3r2GQn7QQhlR3CsbIemVBw,f3yKZ24U-j-TeJfOKc9gIw,123,"Do not get the soft serve/blended blizzard option, ice cream tasted freezer burned.

The scooped ice cream is much better.",3.23,4477,169,49,26,8,1
OMS1vTNTxjWmBJLKT-A0hQ,P5bUL3Engv-2z6kKohB6qQ,T5XzQ6YnVExvd0BOR26OMQ,9941,"This place is totally old school., The Supermarket that was left in the 70s. They have some kooky brands from New Hampshire called Best Yet. Id never seen that before. Some of your normal standard chain grocery things also. Nothing special and crazy. I guess if you live in the area it's as convenient as it gets.",3.81,6932,27549,10772,21375,825,1
cU3S7RdlZ8ERvnClTewZhA,e_LUQ3PqrfPdJMyxiLOFvA,M2ZrrqseHE5xssUrOL0Gtg,10,"This place is really busy on Sunday mornings! I had read good reviews so I think I was expecting really good diner food, but I didn't taste anything special in the food or see anything interesting in the menu. Its decent food, and I guess its a better alternative to the national chains.",3.8,4402,4,1,2,0,1
mmv-IjaARj2lLOP88Q_i1g,w5bd0_3FunCx3Gk1RwkCXg,E_Yzg6j5fEBQ0ay-ZwzHKg,2,"Love,love,love! Food is amazing, and it has a great atmosphere! I've tried NY Pizza before and this restaurant represents NY well!",2.33,2516,0,0,0,0,0
DyOXGToWb1I87Vqkb28Hdg,gWymCR0RxszRHdWk8vWQNQ,fzz42ppeKH22FZuKr7kSWw,1,"Good place, but the employees need to learn that when customers are checking out at closing time, you shouldn't mop in front of the cash register.",3.0,3640,0,0,0,0,1
HxyGYLiuE-p-7fyz8hsslg,r14HUyDpbERmgTwXlCEZWQ,1aps22WlhV4bHPaEQZxkKQ,47,"Wow....food was fresh, tasty, awesome.....wtf...this place should be packed....please, stay away on sundays...I love a great brunch....that is all....",4.81,4828,48,23,25,4,1
pOHMU4XOmjAfMXsmTiHJ8w,jewsfxjAGjtU9tLhiXg3Ww,49Gyz-LD9MxTh1yzbYiOhw,2,"Such a comfortable and ambient space with a great rotating selection of hand poured coffees. The service is excellent, the baristas really make an effort to get to know their customers. They remember what type of coffee I like and make tasty recommendations when the menu changes. Also the hot cider is bommmb.",3.67,3959,0,0,0,1,1
gKHb5GA5FFVAoUGXvUKRJA,W40I_RJfx85Xo1kYmK45LQ,JlxvJPucR0TygeXiIYtrBg,24,"Nothing like your local Starbucks , well my Starbucks is definitely better than yours lol, this place is in a good location for those of you that live in Zionsville like I do, this Starbucks is right next to the interstate and have some of the friendliest barista in the business",3.54,3539,29,3,14,0,0
KdpcS6TKKD_Ta9vhFhaRXQ,415SXXbQrl2-VudHa3ImbQ,QuBzb1RbSKtv4w1Q8N5etg,7,"Signed up for the monthly CarWash package, went today for the 1st time. Super Nice location, the car wash and amenities were well worth it ! Some issues with the entrance and exits. All new construction over there, it should be nice once it's all built out. ‍",4.38,3513,0,0,0,0,1
qOhJMZmdIJiQDsXoO5NBfA,A6lryCH_Jc78XuLJWjTzXQ,ZqTx8mLynWWm8F2PPCPmAA,11,"Great apartment and selection!
I had a very good experience with Cristy Morris, professional, excellent service!",4.0,5316,32,2,5,0,0
Zd9Hfsnb9ULAxtpJ0XYNvQ,r2hKBPzy6p_vanSK9Jz52A,c4x06huNhVp04VI_MUiQsw,10,"Open 24 hours, but not 24 hours in a ROW!!!  Run, leave skid marks, and don't look back.",3.64,3663,2,0,1,0,1
MDYrZlZTLrK81CYq6GU2sA,y9nv7LliSRb6VTvB-xbGkQ,mE10z0JKIG3WhuwkGMt2ow,3,well I spoke to soon the credit came through today but they used my money for over 10 days,1.2,3855,6,0,0,0,1
Ph6WjTmKqV9FyIym8exPcQ,f3mmgYdnUd3h5DqBaZ093w,O_kAd89gPls-dXda40NWzA,1,Bland and overpriced. The fettuccine Alfredo tasted like straight heavy cream. Very poor dining experience l.,1.0,2337,0,0,0,0,0
9vrSO6ko3cs8ID0yebr0wg,qmM_ZiaM1LBigrvhyLboQQ,uW8yr_3t7DYggrMzVqOSVg,5,I have been a big fan of Italian pie for many years but was very disappointed with my recent trip to the Metairie road location. I love your spinach subs but felt like not enough of the main ingredient was added to my sandwich. Wasn't enough on it to even cover the bread! Tasted great but not enough to enjoy.,3.6,3830,2,0,0,0,1
W7KGUEqkBljJNEncQQxEMQ,MUO1oi3Yg435GY5TWYHtCg,Ndx5VxIfmWhdvbOD0PLaVA,137,"Typical Aldi, no frills, good pricing but at times produce can be sketchy.",3.15,5556,123,43,45,3,1
OVuFJyRdY7tfyzizZDhAFg,b7_bzIJVX0SvR_V8FJo-VA,Q3ZmeBnP96bqbxevkOT7Nw,90,One of the nocest Birger KingS I've been in. Restrooms and the restaurant were clean and bright. Nice atmosphere on the dining area.,4.12,3221,42,5,13,1,0
9uQPt8XcU3NcxsBmsSzHPQ,dlNvVEj1zzN-t20VyNHDiA,Om9eoEcwPK1lp1-HEjBzeQ,17,Stopped in on a work trip and had great tacos - fresh and delicious.  Also enjoyed a nice traditional margarita!  Reasonably priced and very good.,4.05,3505,11,5,4,0,1
_ew00k7XWfjWaDetiO89yQ,S0JGsJMro6nPwK5dEDZKEg,7-js-chyskuWGRfHTeItXQ,2,"excellent customer service.
I was delayed for 45 minute but was not charge extra day
Nice clean car with friendly staff.",5.0,2622,0,0,0,0,0
5KCVRxmfCfR-Dr-MSYiLRg,8oMc8TVKofNsNPD_vUab6g,zAhDliPU8xRGGpF17n_lvw,9,"I really don't have much to say, your typical uneducated employees. Maybe one person is ASE certified, then again, how hard is it to change oil or rotate a tire. Sales department is simply b.s, but then again all parts counters are a hassle.


Still hate this place",4.4,5382,8,1,2,0,1
M-_2ZzYtEsq7vK30tID4iw,SSMYiehKe3EfF7OQGevbVw,oT-JmelJHnnOP__rQhGq2A,11,"The BEST pizza you will ever have. Ever. It is a bit pricy, but worth it for the fresh ingredients. You will never order dominos again!!",4.5,4628,3,1,2,0,0
r5tirdhUqfJP57Mp9oXfXg,ld0NZFa8wThPruAU01ocUg,GUMVStVaJfWmCIpQA4TtHg,1,"KC is the BEST, most personable, waiter EVER! Had a great dining experience thanks to him--ask for him and you won't be disappointed!!!",5.0,2389,0,0,0,0,0
wsFePpIp1PiJ3Gupq4eK-A,-oQKlh1YJ-g49rNBJ2CmJw,_nqrmx5xKLQyrbmjhwiiuA,14,"Fantastic place to eat! 

Totally worth the experience. I did the wine pairing. 

Completely happy with my dining experience.",2.75,3558,1,12,0,0,0
Gq2kiLGe-nbmD3yZ-yA95w,BRt3ozc6pu2Ms2m1U5gJZA,By27NRlQe4GNP8TwGJYxLA,1,Absolutely the most pleasant customer service experience combined with great coffee and froyo.  Very clean environment... highly recommended.,5.0,3554,0,0,0,0,0
TiZ5puuLamLwq1Uf42QKXg,KiLkv6Ps4f6hKy486gEMTQ,io4YNLvABJrFraEwtQBWqA,36,"Pro- comfy bed, quiet room, clean sheets and towels, hot water

Cons- New Year's Eve 55 minute check in with line wrapped around lobby, and no free WiFi even though it was advertised when we booked. 12.95 per computer per day. 

I hope this place gets their act together. Soon.",4.0,4883,25,2,9,0,1
d1Brr1VrhJ4YWPlNgp3YNA,q72Z6I9M7s2ghdcvCqVWiw,w1ONDhXQMW_yT50Q1RVUIg,133,"Second time ive been there in the morning , been told i cant order a burger , told broiler was down , i can understand once but twice ? Its BURGER king & i cant order a burger ? I aint the too crazy on things but this makes me go crazy , lol -fatpeopleproblems?",4.04,3032,85,41,53,7,0
-BsO92s35yCY42Wa7Qc-Wg,qhbrviUmFxZHdXCnZ0mz8Q,nOuYFVtC-I1-dPOToQqB7A,35,Brand new and super friendly service with a smile! Very fast drive thru which is exactly what I'd expect!! So glad they are in town!!!,4.37,4682,31,11,7,0,0
WvskaXOWCfIjRhZ649KadA,ld0G7QDzxb25eKlEzMI5fg,ztZiV-5H_GydDv7Wk4lR3A,37,"Food was bad, meatballs more breadcrumbs then meat, overcooked pasta. Food took forever to come out, bread was tasteless. Lot of mistakes on our order. Wasn't looking for comped food but atleast offer. Desert was good, cappuccino was good. Had to try it once, don't regret going but won't go back",3.69,4331,26,12,7,1,1
K-rcXuLoHIBALpdObCm-BQ,GtiUVfth9qmd-U8fC_RdBw,Qk5HvQpVC17MaLlVIiThhw,352,We went for happy hour.   Service started out pretty good.  Got our drinks and appetizers.   But went down hill from there.  The server forgot to place my order.   We sat for 20 minutes still no food.  Meanwhile people who sat down way after we did got there food and drinks. Server,4.06,5484,102,14,42,1,0
iIj3ultvxmibaT27K2IP0w,s-K4UNJ4KEvbkQPuwqFV8Q,7ALZQc35zGG0a1SwSnExJg,16,"Service was fast, warm, and friendly. Veggies and tuna salad didn't look that fresh.",4.06,3207,2,0,0,0,1
BSZ1Sz8SkTY-0FapQ2XRJA,8IWSJc4SAfJWreFtVitN2w,YZ7aP01qExBoF4f0LWnNEw,22,Do not go here!  This sushi place is a nightmare.    Sushi was awful and the owner doesn't know anything about Sushi.  Dont waste your money just go to fulins or wasabi if you are craving sushi in the providence area.  It is the worst run asian  food I have ever eaten.,3.78,4584,15,4,2,0,0
6mnE_bm8TkTUIe9aEgW7_Q,VEvystNGNTx5Kwun2xI_sg,DaXCyZLm8yBsR1UndzSfhw,38,"Our go to ice cream place in Levittown, and we have many choices. Best soft serve in the area.",3.87,2486,16,1,4,1,1
GEP4Jv4zXee57tEsy-Qtjw,DSeM4NV7-mOeP45-YXYJYQ,EzjT7o1Zq-hY80kfmoGzUA,28,"Omg what a hidden treasure. I wish i was eating here rn. *drools. This place is legit.
For real Iam getting hungry just thinking abt it.",4.1,4389,6,3,1,1,0
K67yYXenngWFZbqxznUaFQ,oD89Ip-ziZ-0gDfBCUsgmg,2Q1R2OhBbAQ581vK_r7NhA,6,We ordered take-out on a Friday night after spending the day at Sesame Place.  My husband had sushi and I had the Yaki Udon.  My order came with Miso soup and a salad with a wonderful ginger dressing.  We also got an order of gyoza.  Everything was fabulous!  I would highly recommend the food here and would definitely come again.,4.5,5842,1,0,1,0,1
iuEr8hzaa5iltx3MMRZt6A,GDgeUYfJHAKwWi7rv2Krjg,ei5ZzCNRC828gtzrRPo07A,1,This is probably the best sushi in south jersey. I eat a lot if sushi when i go to LA and this is as goid as many of those restaurants and a lot mire fairly priced. The fish is always moist and has a fresh shimmer. They have a large menu of creative dishes.,5.0,3097,0,0,0,0,0
kWvY16GvWIN8iLIXci75Yw,OGqQ0zD4Lv5rsLmNkSBf1w,YXCuMSUZyniHunPnfR_UBg,14,"Good location, price is fine if all you need to do is sleep & take an Uber. NO ONE seems to be at the front desk for long periods of time. I waited over 15 minutes in an abandoned lobby to check in. The TV had no volume control & tried to call for an hour. No wake up calls decent breakfast, but you get what you pay for.",2.56,4070,7,3,0,1,1
qUlkxHgCubeX-N9JI5aaSA,q_CqNzb0Z3taCPb7ibs15g,x5MgKsNCa6BPZONvxJC3Pg,81,Not ready to serve breakfast.   The wait was long and the order was incomplete.   This caused additional wait for a supervisor,2.08,4717,69,19,3,1,1
E1FITwfEXZNdxuhY4VewQQ,zrNw_908nPTUdZ-05iypNg,Mzmt8AvZOExG_4h3MMlihg,1,Still recovering from today's daily special and wishing I could eat their bacon every day of my life.,5.0,3813,0,0,0,1,0
WUyNuiVWDvx8ub55pl9DSg,tkf1Zgx3lH9nvgrbssf8VA,sfKw4OLB3oxUNDFA9smvBw,7,"Not going to make it. This Pizza restaurant doesn't seem to be sustainable, put aside the 40+ minute wait for a pizza. The prices dont seem at the right price point. Servers/management need more experience.
Maybe they should call ""Restaurant: Impossible"" for a few pointers.",4.57,4182,11,0,0,0,0
3NK0uwHn-zM5u-Q_oRJmFQ,V9DCvzP57TbvAEIJjXTEUg,Azeee5WDaYOxzjKtnkURqg,13,"Place is great and convenient, not bad if you don't mind, very very low water pressure, no hot water, only warm, thermostats that are not connected, really firm bed, stale bagels, and not able to find a way to get to hotel if driving east on Gult to Bay,THEN THIS IS THE PLACE TO GO.",4.36,3173,2,0,0,0,0
WCSpOrccfUhg_EJakne2hQ,EP5X92x2HKo4xxPNeoGNAA,rgSHLh2Le0Un82FDxbq0mg,1,"Just avoid this place. Below average food, way below average service!!!!!!!!  Very disappointed to say the least.",1.0,2927,0,0,0,0,0
UBPY3Lb7a3-dXf3tlgSkbA,Ccsf3XOs-Tpo6dyBVz1e2Q,LCYE3aQGQf74Z13U2g81Lg,1,Super nice people. Took care of my flat tire quickly and sent me back on the road. I love companies that deliver services with a smile!,5.0,3641,1,0,0,0,0
GFKKg3v546h3ThuB8-qavA,hIzPCmdsZ1aIf22iS9ouwg,bAo8OfXFvlp_6MhPTupfkA,4,Have always been treated great at Dobbs...they get me in and out in a timely fashion.  The things they recommended were things i knew that i was overdue on...and gave me a great price and the work was done perfectly...what a breath of fresh air..save yourself the trouble and just go straight to dobbs so its done right.   J,5.0,2667,1,1,0,0,0
n-I5S0_pU3y1irYxf0zi0Q,zEuJRHTV_iKwFrWhkCe6JQ,z87FYHd8q7UaySvmwsO5hg,15,Great place clean comfortable room. Reasonable price too and a good breakfast! Great value!,4.5,6032,19,2,1,0,0
DI38w-Dart5Q4MnpZ-pnEw,em17_xraRy7bRh6xjJuFCA,mATG4QTtN2AkQfpbfO09dg,28,Good job 4.99 for a car wash. took care of my needs in a hurry. and cheep.,3.66,5185,20,8,0,1,0
NKMbCoMZzOXb3unNjl-vHw,Lx27TPW89FG35lYogHwwFw,Qzi3IyQPIeCLcjOE8naQuw,49,"never again,pedicure and tips $85.00,pedi was okay but the owner Victoria did my nails and was so rough,swear she was trying to file my skin!then she wanted to wax my eyebrows,had them done 2 days earlier,money grubbing,hard skin rubbing,non-friendly lady!",4.08,5862,79,17,14,1,1
zZETPCuYPuruCIxnGE-0Yw,W3KKY1-uIJ5Xdc_CVG-91w,FETeDc9sbYsPmHxT0qSVIg,1,The best New York pizza around. The cusine is amazing too. try the chicken parmesan like grandma made it wow I thought I was back home. Thank you Rick's,5.0,3335,0,0,0,0,0
NmiqII9PG3xELjJ_w8eA3Q,IyIsFkVY48JWa01inv-7zA,4JWuSA8tyXHteRgh_hU_Cw,2904,"I have stayed here quite a few times over the years. it has a convenient location, but  the rooms can be small, and you do get quite a bit of noise from the riverboats. I still like it, the courtyard is charming and the staff are helpful. You can often find great online discount prices for rooms here.",3.72,6266,8482,3399,6169,158,1
Eh812QNPErEFDaXXgvpwww,kOLLhjP-ul8kKedcNBxkNw,Wr3we2lNGIK4oL2CIkQuLg,1,Amazing staff! They were super helpful and kind. They took really good care of my Pomeranian,5.0,1747,0,0,0,0,0
5SqO4PXNYTz8a0GhJ8BBzA,vKBSkz947LsWS_ZLlzOSaA,9Oj3cUQuEn46-o7H6wxA-Q,1,Customer service is absolutely terrible since miss Rachel is no longer working at this establishment.,1.0,2251,0,0,0,0,0
gn55ewxqDQks5QS5vw4Hqw,9jPldnIqTxTe10ef4L12mQ,ixWccKB-FvumE3wsOrSDSQ,8,Burger king has the best breakfast sandwiches ever!!!!,4.44,4113,3,6,1,2,0
lLPHKtujySsIlL6WYBEfXg,yjgxM4wdKnDB7gCPivzVng,c2CvYlRRcA17h-UVyBFd8w,2,"Walked past this place while passing through Indianapolis and needed a cut so thought I'd give it a try. Must say was very pleased with the result and the general vibe of the shop. Very welcoming and the woman (sorry, forgot her name), who cut my hair did a great job. Thanks guys.",5.0,1895,0,0,0,0,1
sC7JbBMtA_EqvLyPOD46UA,svm3YdZJslU7-2meWqsZmw,WvgJqOHxM0LESJrPZIoXWg,10,Excellent food...Cooked to perfection!!   Great menu!!!  Nice ambiance.  Very quaint atmosphere. Pleasant helpful staff,5.0,3787,0,0,1,0,0
Zlf3AsjfDeDl617rpZLa0A,Knln8ZSYmA4aApfc7MwOXA,u6WTtx2pWipCSiBdUl-mow,2,Best Eggplant Parmigiana you will ever find. Their Chopped Brussels Sprout salad is the best ever.,5.0,3059,0,0,0,0,0
Zu8v8pCIWyE6s5iC1JQUVg,qrqCd2P-4AzRZWivIKzLGg,pKONQc8eYlnF0L54YpJdQQ,23,The food is always fresh and delicious! Their cocktail menu is amazing! If you want authentic Mexican food this is the place to go in Clearwater.,2.03,4479,11,2,0,1,0
bdyQ_0BSH-WeC1u7yNLMQA,zMpujufltYGNzb0y65zUqw,_1Ep7fi7vCY3J2rz6YGQmw,1,"Wonderful food, fantastic service.  A can't miss Italian restaurant!  Try the almond tiramisu.",5.0,2239,0,0,0,0,0
q1E645MBAOWq19x1b55AGQ,aw5_yvamDVIZTu8jQzxjqA,xmVg-Fflecj3hFNlHPkp5w,135,This used to be Kaufman tires the were bought out so I have no idea how the new management is.,3.77,4698,106,9,52,2,1
1NY4f4Cd01VmXqceHXXPzw,_72fhjUNX0CoLorUThvlaQ,crfi3f9kQOUyqW5njfVSHw,4,They are good but be careful when getting a credit card from them because then you get screwed over by them,4.25,2907,2,1,1,0,1
Yq2vlY3KpzVmaydBg_VA_A,QP4lzY60KMufOiQoWYYtiA,QrFPyg3K44I_KVVLC_gCZQ,14,We stop in on a trip through Boise for a sweet treat. Chocolate soft serve ice cream cones did the trick.,4.43,5841,4,0,2,0,1
bKklPP9jzSKEnvW7H__Pzg,ifSaVZhrPLnQs57HtgngBg,sBmcqFaH5ByV4UYzN6uYzw,20,"Anthony was my barber and had no clue what he was doing.  I showed him exactly what I wanted, and he made me look terrible!  I had a really nice beard before this and now it looks JACKED.  Did I mention his hands shook and his fingers were in my eyes and mouth?  I would NOT ever come here again.",3.17,4909,50,8,3,1,1
lVV__k4OiI9t7Irc0Fuwqw,4uR_3XJOPm0rkPkCBWdohg,GmX8VRPm6U_AUDhVYNrasQ,15,Excellent customer service! I got a pedi and dip powder. Everyone was polite and they did an excellent job!,3.69,2460,13,1,5,2,1
Lv1u9OplwBd-KhOLP0BYDQ,H4y5aU6knEanrQniRv393g,nNV-u7-hvs36C_jUQeoRZw,4,"Quite a company. Their attention to details, their business ethics and their care of tenants is very remarkable.",4.33,5271,6,0,1,0,0
hM4ITWx5sRXNMNcVDkN0nw,B5j2YbeJC72SpzTCtagcsg,2uTYy3cCV7YC38YRISssuQ,8,"The prices were reasonable, and loved the free vacuums. The wash leaves a few streaks so make sure you bring a towel to complete the job! I'll be back!",3.25,3856,3,0,1,0,1
tHGsAl5oaCSf_iQnXCQiiw,TzBCZtJkBvN4luogGJzuNA,-kX4WpZWN_6Xp2mVsYoKVg,2,One of the best public gyms I've ever been to. Phenomenal equipment selection. Clean. Organized. Friendly staff and courteous patrons are a huge plus too!,5.0,2963,0,0,0,0,0
MoyWwMZoRY_l79pUK7DmUw,GVShsvlqA94txjv6xuwW7g,GC75ZzoLxsfeKyk7vA3pXA,7,"Fast service, very nice employees, and amazing food!! Would definitely recommend to other passer-byers!",2.44,3615,0,3,1,0,0
0uKVva6rTqFXYsHkxTQz-A,0As3OA9QLWbT_ZYeiGvvmw,9op3_FP52RltdI5vPotDGA,80,Best place to work out in the North Valleys. Great staff and it's open to members 24/7. Plus you can add tanning for a minimal extra charge.,3.27,3793,86,7,39,1,1
3Zo6jjwYd3YckST-t4U93Q,XM-aWvzVT8S7YXES7OOkhw,2uTYy3cCV7YC38YRISssuQ,1,Excellent car wash!  Good prices with free vacuums!  Modern equipment that cleans the car very well.,5.0,3373,0,0,0,0,0
87i8gqv4VQ6gTe-qlUI5sg,upHT2ZgyDXqMY_kG6q_vWQ,dhXQcU_CbGe03ZYq0kFSPQ,33,"Excellent facility, staff is knowledgable, caring and attentive.",4.29,4703,58,2,32,2,1
l4vpA7vB_6JEz1MGV9z9fw,C7B0uifOb23vhIaNI5EZEA,vp8GPl3QlvpqCZW4I3I2pQ,21,"This is your standard dry cleaner. I've only used them once, but they did a fine job. The person at the shop was friendly and helpful and pointed out I'd given him 5 instead of 4 shirts. There's not really much in the way of a cleaners around the far south city area.",4.57,5020,9,4,4,2,1
6E3K5qUZ2_0ogPMwRHQnKg,nQqtZcL5IZnkfz50Egmq8Q,SNJBmdlacp6MeL9NuDukhw,507,"Really disappointed for the extra charge to ""toast "" my veggie burrito especially since I said no cheese or sour cream which are probably the two most expensive ingredients that I am saving them from putting on the burrito.....time to head to another place....bummer",4.08,5282,360,71,138,7,0
fMsFXba8f3qqPHIiHYxn2A,vuURpqCJr2I_di7zMdyo6w,3Q1AHQItVZqRY5_JRQM2-g,3,Well kept grounds and a friendly staff!!  Priced great.  Love the clubhouse and gym.  I love the community feeling that comes with living here.,5.0,2630,0,1,0,1,0
PPgeL04xl5K5AtTgybM9fw,1wqS5TAx0dDlKb7lSzTScA,jHZi9YI4zUWoBZ0BTj_92w,12,Long wait in drive through and then cold food and not right order. Hard to get worse!,2.57,3616,2,0,0,0,1
Pnpl-pVkoVmLwbN_hpTE2g,6e2-UwVCxtsT2GMRlA29pw,ayo8K8klFo2PdQphVb6-PA,96,"My entire family takes their vehicles here and has for years. It's a family run business at heart and the customer service is always sincere and urgent. As soon as we call, they really do get you in as soon as they can. 

Oil changes are standard cost and I trust their opinions on my car. Great local business!",4.51,2523,46,1,34,0,1
W5_SiTZdzPQx5zMRQbjq9g,bq6nBANVmdLa7J1ORo7xbQ,afJC00XocjNTP7fkNKKYfw,2,Had my membership today. Wonderful staff and non-judgemental atmosphere. Neat and clean with lots of equipments.  Love it!,4.5,2708,0,0,0,0,1
pT2fUlvS3f595hGqs1wicw,ctKNTLQDBI_D5SCELZTBAA,FQskkrIuNMKRCQJuokI8gQ,6,"Ice cream is horrible and the way they've set up the ordering system is weird. I've o logo e twice, but never again.",2.5,5387,4,2,0,1,1
KaqNpAwq19g5DFTBksNaYQ,haitOMl5iS-8TWIsFY8feA,0zWYKUPvImD7ufl1RQ1jhw,104,We  in for an oil change and inspection.  Took less than 30 minutes.  Fast and friendly.,3.86,5074,43,9,13,1,1
LJROO3SfwQT7oz4yxOq5Bw,VWJoYGbF4N2nQL6eGZtPBw,6d6NAw0i8I4uZM4Mw3Q9vA,18,"i absolutely love this place the entire staff is SO PROFESSIONAL and they are all VERY WELL EXPERIENCED!!!!! i do not go anywhere else for nails, eyes, and my toes. tina and billy are awesome people and they make everyone feel like family when they walk in the door",2.63,3694,11,5,0,0,0
fLixvevuE6DwJW4VyNM6Hg,a0Pe4ggx1uTW94nzrfInIA,_nqrmx5xKLQyrbmjhwiiuA,14,"The best compliment I can give this restaurant comes from years of travel dining. Having had dinners at Per Se, French Laundry and a list of Michelin started restaurants. I would still choose a Catbird menu and intimate dining experience hands down EVERY SINGLE TIME.",4.0,4789,20,1,5,0,0
cj-Oz0_8lkNPdiv_CPgVZQ,OYyfLBEhEo0u9NS6A9WaRw,UvGiBbey4LfRNLDDyJ1MTA,11,Best food in Downingtown. Everything from the cheesesteaks to the fresh pasta is outstanding. There is also an excellent selection of beers and wines.,2.64,4817,2,1,0,0,0
Umn1w0Uw868PKCu34uRTWg,a7RatRyzeDJwPgy7UKIntw,xNZMbdl8ga_wjBPFMZOsyQ,1,Ten out ten would recommend. This place is a local treasure. Get the lobster enchiladas or the fajitas- cannot go wrong!,5.0,2315,0,0,0,0,0
Yge4y1MJpqPuYAmB1I1fhg,qhW6C5ytFl3QPPU6RWBQFw,h4HUfzy5_9geCSyo9sFeYQ,39,Good place to buy beer but there prices are though the roof  !!    Go buy a case some place else you'll be better off,1.53,4891,59,14,3,0,1
-A9sj7ddkXfxqsvuZtHk0Q,4NY1w_jVdXdsIGcL9DWaGQ,vhhBI2ByKaxT-gaUTn9hiw,3,No peppers for my appetizer no strawberries on my cheesecake no brownie for my sons brownie sundae. Another disappointing meal.,3.0,2709,1,0,0,0,1
DnlnHxjjsN3XcdSuCpCimg,mwxxYT-52eUe5kxeWuPeVg,wkIwr6GfkhoodGV-thcICg,1,"Thank you McDonalds! I was having trouble finding a local McDonalds to help me with hot boxed coffee, I was able to get in touch with Donna from Christian foods who took care of my boxed coffee needs! McDonalds was super friendly and had everything ready to go for me.",5.0,2051,0,0,0,0,0
X9-e3VdzKfJ0SPMknFXYGg,84j0Hny7Vmj29hR7VlJYxg,qR07ux2ffJZhCVcQ1hHvzg,18,Unproffesional employees as I already expected anyways. Place wasnt clean they are too busy talking and having fun.,3.32,2634,13,2,2,8,1
fH4tl_RsdHtLDkiyuFzaEw,FW9MDi9XLloWaHQ4hNlFmg,mKJ_WV7TvrjyDjmb_hUVsA,3,Absolutely the best Mexican food in Tri State area! A must try for anyone that likes Mexican food.,5.0,3068,0,0,0,0,0
n29nOxWw2YqOFWh_vANpqA,NPu2Ay2qz-o9la6lX_Rfng,XsWie3lnpO69zJgBVgPnaA,75,"update:  to other viewers...check out the ""filtered"" reviews... something  keeps certain businesses at the top and others at the bottom ( like this one).  in fact my review totally disappeared, that's the reason for my update.  kinda annoyed.  so i'm always sure to check out filtered reviews for every listing",4.35,5230,56,16,8,0,0
pyGd2vvv62KbhJprAaFKYw,TTeo7ly-VzxbTZDKhp9aFA,Stn_8puwaL0upl0nHgyOFg,15,"Staff great, helpful. Answers question right away. Can't beat the quality of the apartments for the price and includes gym membership. Wow!!!",4.4,4798,7,1,4,0,0
4zNbQsNscTtjjJKXotZbqw,5X0Ut30E4WkOSrcEwNRe7A,GTjOyc4NVHgDJXnMdL_TTg,4,OMG the food was amazing it was nothing short of spectacular. I will give it 5 stars and the service was top notch,5.0,3904,5,0,0,0,0
TBkTlxtJXgwk-sd6SU2W4w,tI9zQRQ4qWyUEAyVErfOBQ,t9vrAYNiFfd2cBZ6gjEAyg,22,Hands down one of the best places/BYOB ever!! Not only is the service amazing but the food is to die for! The cook is fantastic and super sweet! I had my rehearsal dinner there and they went out of there way to make it beyond special! I can't give enough stars to this place!,3.82,5038,49,9,4,1,0
KYTv9ONZw5asm1u4iCZPXg,usqHGWBX_cj3Q-moOjusrw,KD20H4BiOqSaw-0n5LsV1A,21,"I go to all of the locations, because I am all over the city some days. This is a great location.  The employees are friendly, fast, and the order is never wrong. I only use the drive-up, but it is always fast. There are Starbuck's in the area that could learn a lot from them-some are really bad.",3.65,4151,16,0,1,0,0
MBMaCJXAURHf-dfFWF9n7g,jbHlSuSVb-Cn2HDseWXr-w,FSOXvZndZEh851JiWhc7VQ,1,False   Advertiseing      Theis  guys  suck     Told  me  all day yeserday  on ph they would have me a car   For a decent price   And  pic  me  up a few blicks away         When i was ready    They  neither  could pic me uo nor  had  any cars     Thanx fir nothin   Enterpbrise renta car   Meridian idaho,1.0,2771,0,0,0,0,0
_tJHLtFXHWmnA-EGe2pogg,I7gjv_fyRQrpCKcZz1jlww,yoS-4wkVn6StLiK3RL1bSw,13,"Mediocre pasta for high prices. Their pasta was $24 (parpadelli) for barely any meat, lots of onions and lots of pasta. There is also lack of consistency, sometimes raviolis are dry, sometimes good. I think I've given this place enough chances for their food to taste better.",4.36,2398,3,0,0,0,0
3QibKVKe5ulvO2cKV4R88A,lkuUwfhRtnTJkpEqsTMO7A,c7dC_fiXquGaWXyLcENyaw,37,"Trying to be understandable with covid and staff shortages. But we honestly think they forgot about us. 

It took forever to get out drinks out and a table that sat down much later got their food before us 

Our waiter was friendly when she came to the table ...  food was great but not worth the wait",3.95,2713,4,0,1,0,0
C2Y50FqvGO1stZmivJy15g,TSNCbFX9s_F9NFtA8hSMrg,VL2NzPGxngHxvy335KvJHw,2,I must say that thus was a good stay when it started. The manager the second day after approaching her with an issue was very rude n tried to claim that we had too be charged more for smoking. I have a 5 6 9 and 14 yr old so who was somking. I do not amoke nor does my wife. All this because the room was not cleanes,1.0,3677,1,0,0,0,1
Gg_s0o4Ztzsc675uV8E4QA,L3K2mcpgddWKR9NH5PF_tA,WLiqfxv_GhFFA5sm878a2w,3,This place is just as good as the first time we tried it 12 year's ago. Mongolian beef super good,3.67,2289,3,2,1,0,1
d_ATN9r7soGwUe_Y5-qdZw,8d4CH_pszqpq6T646O7GVA,bnyT03UR23AWNGN9EJFrAQ,22,"We went to Giovanni's Kitchen on a Thursday night for dinner!! Everything about this place was AMAZING!! Appetizer, Salad, Entrées, Dessert and Service was top notch!! Our server, Adrian, was super friendly and knowledgeable. He gave awesome recommendations and was very attentive!! We will be back!! HIGHLY RECOMMENDED!!",3.82,4038,27,0,1,0,0
jx0Ue5efx-skKwNFCHOnZA,WVfSch9MJ48ZUY69AWO09w,rvF-BwyaCHeb30u3Xf7FbQ,44,Beautiful venue. New Orleans friends recommended this place and it did not dissapoint.  Selection is limited but everyone enjoyed their meal. Food is not cajun but it is diverse. We had the gnocchi and the chicken and these are flavors we had never had. We sat in the garden and enjoyed the view of the stained glass windows.,4.09,5304,13,3,3,0,1
W0cOL4s0wX-rcdKx9Nus6Q,mP-9vERQG7dR0bnVZ1w0IA,jpE28Ox4KGEgNW22_mlSnQ,93,"Great place! I went here for the first time recently and will definitely be back. The staff was knowledgable, friendly, and I was seen within 10 minutes of arriving. They had researched my insurance options for me and made sure I understood what glasses offered me the biggest price savings. Great place!",4.27,4676,97,7,40,4,1
Uy6t1QCY5LAVictzlWdoEQ,Tx6PJgsbqD54Q9rm1P1img,3lQsvHIvKFXa85WCt_p0GQ,22,Worlds Greatest Burger!  And I only took a bite of a friends!  You will not be disappointed.,4.05,5347,45,4,7,0,0
1zU-pYlXtuuaBnWAVig3hg,iHB75LCfFkIC1Oj86CqT1A,va6Z43FSCxr_zcKZjBDc-Q,600,Got lucky after having breakfast at Truckee Bagel.  I was able to walk in and be seated immediately for my haircut.  Janet Urbina was the woman who took care of me.  I was in and out with an excellent haircut in under 15 minutes.  I'll be returning in four weeks for another.  Thanks Janet!,3.96,6124,1569,248,972,41,1
Evev7B6MUTrDmIwME8b4cw,BXJJXru168_J_zSGWIG_jA,wjY_4JELRCXgiWC4V7nnGg,80,"What can isay. Basic place, frozen drinks with generoue booze. Simple idea they execute fantastically. Start the day witha 151 octane nurš  your buzx all day. Bougjt the convenient sealed plastic cup. Refills ate are cheap er. Great attitude adjustment to start the day. Reliably good product",3.73,3443,27,10,6,1,0
1zwKL67t1cP0z7hQeIPkDw,GbU3t-CT0vw_qxn0hpeVMA,RCvzFRJoc4RZPwUSey1MeA,4,"Not tasty, overpriced food. I would give 1 star, but the server was excellent and attentive.",2.0,1788,2,0,1,0,1
_zk4reJeXyUjQ0zafOEvCg,CfX4sTIFFNaRchNswqhVfg,RW9kgSc3ijbmnayAlVHzGA,1405,A very good local donut shop featuring a lot of exotic items to meet any taste. I cam in hungry for my favorite chocolate covered cake and settled for a plain cake and it was good. I don't get into exotic donuts much outside of District but if thats your thing than this is your place for the many choices you have.,3.74,5274,4150,1125,2133,114,1
t1v9FNltcieWNY8IAodz5w,xW90KukVetvMBHY460EAEg,7h-gAKxe_KqA5EDGCT4C2A,1,This hotel has horrible climate and the rooms are usually dirty. Gym equipment is always broken and management is rude. Stay elsewhere!,1.0,3705,0,0,0,0,0
DG1Uu03HgNLfzbnQZ8fHaA,oFu4bk5thEenHiZDwSahgA,WZm72JqVRfpw2Pu3vag9gw,5,You really can't beat their amazing sushi happy hour. That definitely do not skimp out on the fish.,4.4,3708,3,3,1,0,1
BKpJ2b8M1-uumqcs6CyCJA,vAAhUji_Bh_kthwDoH6AXA,1RvuoAkB4vwa_s659zfU1w,1,"This place is amazing! Scrumptious food and don't get me started on the drinks. The End of Summer Blues-Tini is my favorite.  The staff is always right there to check on you. Some of my favorite things to eat is the Texas Burger, Kentucky Club, Chicken Fejitas and the NOLA ShrimpPlate!! I eat there so often that they know me there.",5.0,2176,0,0,0,0,0
RCO8PqEmnTGbtujSTIGGzw,cBqqvSH9Dl20IcD6y_fqCg,PA62oF3b0KZ2Qrs8AzU3Fg,4,"Best subway in the area for sure! Sandwiches are always made with some love.m, Never dissatisfied with my meal. Keep it up guys",3.0,2180,0,0,0,0,0
tMWrF09caXc34mBVwnTTNg,Er9EWyrkXjLy0fp0npyIrA,crYe8CUn5wCY6R4IHzzLPQ,2,Really enjoyed my haircut here. Nice atmosphere and the owner/stylist (Robbie?) of the shop is very friendly and I haven't been disappointed. Fair price and an enjoyable experience. Def recommend it for a guy's haircut around 30 bucks. I usually call for an appt but I think they take walk ins as well.,4.0,5773,0,0,0,0,1
nQ-CXXYER7mxMfTMBnicPw,edZ6kTxithgtctw1crIkBA,uIZwBkvWicqyWraXvYOipw,402,"Gruyere Popovers w/ Truffle Butter.
Foie Gras Soup.

Capicola Mousse.
Beef Tartare.
(Both on Toast)

Spaghetti w/ King Crab.
Saffron Risotto.

Octopus.

Carrot Cake w/ Chai Ice Cream.
Chocolate Mousse w/ Pumpkin Ice Cream.

Everything was Superb.
Delicious Food.
Very Enjoyable Dining Experience.",4.44,6602,178,36,81,3,1
iC8nzpvUKugI152tTQf1NA,-9QwkJgL4qCOc0g52RtpUA,q0VrO4ocyWc3DnBFneABRA,5,Out standing service great workmanship. Been gone here for years no problem. Like I said in above sentence .,1.4,2462,7,0,0,0,0
7OhhpPPAVhZAyMSEwdm7aw,WVonbV0EnlvQutDCWRi2Cw,N4IFNpTn7kKfK9akJkerwQ,13,Food was good. Not great. Service was okay. This place is really loud.  Almost too loud.,3.25,3484,13,0,3,0,1
uhYNpkmtkc6CeT0C8g1_wA,jsvkv1yxpUVVm8osHS09UQ,CejoKfjo6U4_wzhwWQerWg,27,Fries were fresh and crispy on a Saturday!! That gets you 3 stars by default! The drive thru service was also quick and friendly.,4.11,4319,29,2,5,1,0
OrJtbldzCi_AU6bc4bXBMg,-H5SRVvjpzGMH0DedVdeoQ,YgjPnJZjbJpB12jhwFslBw,8,"The front office staff is rude and unprofessional, especially Kim. I assume the manager must not be any better considering she lets her staff speak to tenants/guests so rudely. They are uninformed and have no understanding of tenants laws. I'm not sure how this place isn't swamped with lawsuits.",2.13,4759,12,2,1,0,1
6AA3pCM8lFc2lfoub86c_g,YiHrdcfN-2RBnxhd23l-cA,KabN4d4St6gxsVIA1KzS7A,26,"Great gym. Makes you feel at home, great equipment,  and awesome owner and staff. It is a great gym and I recommend it to any type of lifter.",3.58,3723,20,0,4,0,0
gHGBBB4nv4SYYy37qZDmyw,ul56LmKL4fvenAEQxWh7NA,DcejXAJp_MbhvdTTiPjMvg,7,"GREAT NEW JAPANESE RESTAUTANT  The food was excellent-- wonderful Sushi and Hibachi dishes. The management and staff are extremely friendly, the service was very good. The surroundings are tasteful and extremely clean. I highly recommend this place. Plus, the prices are VERY reasonable. DONT MISS THIS GEM!!!",2.38,5028,11,0,0,0,0
CUsmhpz_lyNFKucjOIXUsQ,V1w8F-qZkxiF7XN5GK217A,h8h1QvEQruTkBI50NlWsyA,1,"I so wanted to like this place, but it's a dump.  Food is under seasoned, over sauced, and over priced.  Yet another NOLA legend down the toilet.",1.0,1798,0,1,0,0,0
dY3NeQpZb3QVSXuxG-2B_A,fJhr0G2JBNkfqpbIwkEQHg,Mp0rF67b3fKyNRiVPAlPwQ,122,"Wonderful cleaning service, with a great staff. I have been using this cleaner for over 2 years and I have had no complaints.",3.93,4520,136,17,49,7,1
fpBQe78ZKSMQQgJoFeluKQ,UhN9RrW19vz7vFWgWVLn_w,1s8WJM2zbUScgZ-7HlMXuA,356,"Still love the food, but don't really like the seating at the new place.
Not a fan of the European seating, where you are seating on top of the people next to you, and they can hear you whole conversation.
Not really sure why they moved, place looks no bigger than the old restaurant. Guess we will have to get my food to go.",3.17,5236,343,91,54,6,1
HNdQ_zfAhAOwI_IGdPfV5A,RXSs1eMJiiC5rpAu4YzV0Q,X9e_btDPux6JGqqw8UF_Pg,30,"Highly recommended Sushi & hibachi spot.
Ive been going here since open. Everything is great. My favorite sushi roll is the Dancing Crab Roll. The hibachi experience is fun for everyone and the grill flavor is great. I personally also enjoy the yum yum sauce and the Mongolian beef a lot.
Everyone dont waste & dont eat too much.",3.03,2913,4,0,1,0,1
BulJh66Z_xuMXgIN5sBv1w,d7hhYyCLsikdUgJGI9uC1Q,2gje_2HfY0gxFZM9omhX0A,7,"I recently moved to Pelican Bay. It took me a while to move out of my moms house because I couldn't find anywhere I thought was safe enough. I like that there is a gate so not just anyone can come on to the property. Also, there is a lot of storage in the apartments. I highly recommend this 1st lake complex.",4.14,4014,0,0,0,0,1
ZHjNae4YAxV2koGiAR8f0Q,8lzecdqz_SHHz9vlWTXDng,oF3QPsczR9ZiXPK89tdJaA,9,Best Chinese in Tampa! Not processed or frozen tasting! Get Chinese broccoli and anything sweet n sour!,4.67,4848,0,0,0,0,1
mgbCsKJkicyfJlWFw5Ri5w,qhxBdcrs-edD26mnOS1Xzg,FonAdA9atQ7dqCkM0IF-AA,2,"The food here is very good. I really like their slices and wings. The customer service is ok could be better but, the food here is great!",2.5,2771,1,0,0,0,1
rVIS6qZiNkGbI2aud8e8VA,HQEVYPAwxje6BUNfWpZxOw,ETeCX8_Ow0Nm0W8EHrXSyw,2,"I see a lot of negative reviews but I've never had a problem at this place. The atmosphere is great. I love the decorations. The servers are very nice. They can sometimes be slow to get refills, but not a big deal. The food is phenomenal. I highly recommend the cheese dip. This is definitely a quality Mexican restaurant!",2.67,2614,1,0,0,0,0
JH16jpbdHCb7WglrKE-r1w,8F40CcWfYuIh_vaP0Ca4cw,gjE8AH0DuNcv7PkI7O6DIw,154,"So you will charge $15-20 to do the nails of my 3yr old but you can't get one of these teenyboppers that work there to dust the vents in the bathroom?  Nasty af.  When you call ""pull off the dust like it's monkey bread"", you haven't cleaned it in far too long...",2.82,4998,452,180,109,9,1
9GhqX0dGCs9GHD8lUu8wgg,rvMXM1XUfGEev34Ycrblog,9RUWvFzb-LKOdsohi4kfWA,10,Seems like a very nice laundry with very nice staff. But contrary to an earlier review is NOT a dry cleaner.  I'm leaving the 5* rating because I have no reason to downgrade them.  I just wanted to correct the record so that someone else doesn't go there seeking a dry cleaner.,3.9,5272,35,5,6,0,1
tA5raPuWXxectWM9mAL4_g,MHcqxERZ7Ji8ay78--ErqA,V9pSmHb0c-9SSqx5GJbYPg,1,Excellent experience! Delicious food.  Especially enjoyed the seafood soup. Definitely recommend this place!,5.0,3151,0,0,0,0,0
P65sOsZ_9lHaD0WP0ogQPA,rN5xmLzsLnRKAbYPJOQe7Q,A2a3KieSiR6CqcdTfboN6w,2,"Great Barbershop, professional team. Great customer service, they took great care of me. Amazing haircut and nice prices!!",5.0,2529,0,0,0,0,0
LjLGP0UdH1myGfUrLtgFzA,m9Pqvo7_YhXR0zfAUObl2A,F-PAVUz3goZWYSbsuW8z4g,12,Great place to stay. Everyone was very friendly!! We even stayed an extra night!! Rooms are clean and comfortable!!,3.92,3178,3,0,0,0,1
6E1UhZ4cfoZMjDtyLorXPw,9KIGi1B_iLtaqDHpsB1qyA,nZXGs-lbWlHl2CRpYssR4A,16,"These guys are great!  Their service was prompt, fairly-priced, and pleasant. While the facility may not be the most fancy, their prices reflect the lower overhead.  

I will definitely return when needed. A strong reccommend for honest, competent & fair-priced service.",3.31,4841,32,7,8,1,1
4MwWXiXB33JpmlagAJHUzA,IeWxPlgV915Z99GqiLKuVA,OxUvXOJpOqw0mhnebluITg,10,My boyfriend and I come here all the time. It's never crowded and the staff is really nice. It looks very clean in the gym & the locker rooms!,2.58,3487,2,1,0,0,0
JWhjQOvS6-uiA9LFWgDjQw,sL_r9L_1N4DKcAYJHHhhfA,hQEiHNZWpqCsbQ0sKCodSg,56,"The taste is OK but not memorable. There was nothing wow about it. In fact, we took the Supreme pizza home, fresh right out of their over. 10 minutes later, I tried the pizza and it was soggy and cold. It's definitely not NY style to me. Save your money and go elsewhere, even Pizza Hut or Dominoes.",3.08,3640,40,10,8,0,0
yJj7QBc7hWmbrZyOVttXXA,RKGTfi-PkNQYNJvw2nRlzQ,hVRebPv7EKMUGVV2m5IKaQ,45,"Oh the memories
The birthday parties and merry go round
Now the food is mixed
Chicken nuggets yea
Mcrib yea yea
Cleanliness is very good",4.35,5479,102,24,19,3,0
3NbMSk8_aCB73cK7hxcJ_g,_WPkP4pTd_oyqmSh9xnnsg,kWxZoWO-Nw9V_xBgUYrRgQ,37,Ah Dunkin... I didn't know how much I missed you. Don't leave me cold again. I need you Dunkin. If you stay we could be happy together forever.,4.47,6282,59,14,23,1,0
IDvtXrP4hA387T8FEYwv8A,vBoBleq-Zk4pNLGjwP4yZg,RUXWCVeTj-v7Lqp7EWfYnA,74,"Excellent food at a reasonable price.  I've had the cheesesteak which was not the best ever, but decent, and a calzone which was truly 5 stars.  Dinners and pizza look delicious!  Can't wait to return.  I took off one star because the location is very inadequate; not nearly enough parking (no lot).",2.49,3885,21,3,3,1,1
Ypt5Na9GQVIfM3jQOlt7Hw,KAiTu9ODWRxZ3XbYiDBbDg,mYLDeVTtmyxPErxPzIUDQA,1,Best sushi in the area!! This is a can't miss!! Food is amazing and staff make you feel like family!!,5.0,5133,1,0,0,0,0
6A-Spm_kO2vRqC_Z4irNXg,h9CC0vN_58Dz70LYEGFV8g,UsS9c7XnxwYFI8hVMDdiYw,49,"I have visited several meineke locations and I can't say this about every location but this location I definitely can. AWESOME! So polite and accommodating. They were efficient, fair in prices and stayed in contact with me through it all. Thanks guys for giving me a new convenient auto shop!",2.59,4655,102,15,12,1,0
PsXX-8uvQwU09y6Wj6Rc-g,HbW_rxw7oiCcBP3oi60NQQ,dHYGLQkSxp8nFyzydmgeVw,137,Drive thru usually pretty congested & slow but staff is ALWAYS friendly:). Buy one get one free salted caramel mochas today!,3.91,3945,207,76,60,16,1
CT1SKFhN4F6N3k8DeiP3cQ,odYnYZPYymbW27I3Zxq8Dw,ZqTx8mLynWWm8F2PPCPmAA,3,"Cristy really knows this city.  She is fun, enthusiastic and optimistic.  I'm so glad I found the Philly Apartment Company.",3.67,3763,1,1,1,0,0
VqgrUTh5B3-pA3zdFfnaCQ,VgzCOpy6fQLiQHY0VbBIvA,vVLLNrqhvrkVXfIIW9Etag,27,"Far and away, the best bar on the Wilmington riverfront.  Kelly was one of the coolest bartenders we ever met.  Honestly, the other guys were really salcking, but Kelly more than made up for it.  Highly recommend.  No pretentious nonsense, just good deals and good times.",2.94,5079,35,15,6,0,1
AGGjgYqFVFaLB-4h7_ST6w,beowzHMX76OAKO_1GlkyZA,68tT-waXYijVH4WGiFyQMw,12,"Great people, great food, Batman approves! Creme delight with an egg and chee on everything is the way to go!",4.15,3022,1,2,0,0,0
x5hOO-5OYPECQ4c72uzOqw,aeuZtTUZcQtIpwDaZ1ZDbQ,64edlJc8so-YHdoEEya7Hw,8,I had an amazing experience. Quick and fast. The staff were amazing ! the doctor was very thorough and he put my contacts in to actually check the fit. Which I have never had done before . It was a cool experience.  The staff helped me pick The perfect pair of glasses for me I will always come back here.,4.5,2754,2,1,0,0,0
U32R30kllHoEu2gp7sFDmg,TaWEEPwglQoxgflwUoHf7g,sn6twUyav80381_EiHGs1Q,1,"I am leaving a negative review for one reason..... Youfit.com popup ads have taken over my phone. I have never searched for the gym our contracted them in any way, yet I have received several dozen ads from them in the past 8 hours. If I had even a thought of signing up, this blew it. GET OFF MY PHONE.",1.0,2586,0,0,0,0,1
Lf_BkIherMs1zgBS1hVRCQ,_kq9t9najTTZw-eT0VNBgw,2GUTsH6BHqasxtBEcXwNzQ,421,"Free coffee for the week in posting this (across McDonald's Canada) and happy staff with interesting takells to tell gives me a happy moment.

Three-star quality food, hyper-consistent but soulless, is what it is.

At least there's the free coffee, while it lasts, and the happy staff and their tales.",3.74,6223,555,199,253,18,0
yM_ICKFB5SmFZ9icHrfW1g,3YSm003GKfE_li_Sc5h9Nw,-32hOCwsuKd04WO-HQyYFg,397,"My dad and I stopped here for a quick cheesesteak -- I did not try the pizza.  The cheesesteak was good, a little more bland than some other places and less dripping with grease, which arguably makes it better but sometimes when you order a cheesesteak you WANT the salt and grease.  :)",4.0,5945,391,57,100,13,1
-GLL6t1Ri_pFoqi_DJ7tCA,2HUcDptZ-iuy7KM6CdFUHQ,nXJ1dAI-UGbXfeaI_b1abA,2,"I wish there was a 0 star rating , guy in the drive thru was so rude , I couldn't hear him thru the speaker , then I said hi! He replied I TOLD  YOU TO WAIT!  I just left I should share this location in my social media so people never go there I'm sure 500k followers will want to know about it!",1.0,2583,2,0,0,0,0
izJ1AO3sxby-DOw0iNokOw,v7TICmzqrvxRGZsjqSEP9A,nbvLzNk7wpIKG591yGE48Q,2,"Wow this place is great!!! Everything tastes delicious!
The tacos were sooo good and the flan is the best around.",5.0,3619,0,0,0,0,0
VSnOg0cLqmAPysk15v2DQA,xb2NGJtNiBrO4FK92ODhpw,4lm1dUvP7GPgyJqUlLxcYg,30,"Tacos are good for St louis. Service is terrible. I waited for about 5 minutes for a menu. Then about 10 before the waitress came back. Also i realized that the some of the servers actually finish preparing the food behind the counter. Not good! 

- Horchata is amazing! 
- tongue tacos are delicious",2.65,6282,20,13,4,0,0
TVQL8LPETYkl9Xm8WNMYjw,T0jyExQjXHIPNO3xXqIW9w,RP8JKUeQHwz_aRYjmipokw,101,Look delicious... minus the fly. The other day I saw a fly pee on my curtain and watched it absorb into about an inch of a wet spot. That fly has been on that donut for going on 4mins and counting. Donuts look so good but I'm afraid I'm not brave enough like my friend who ordered two and enjoyed them.,2.72,4585,180,29,16,2,0
8DSYXJMc2tz4VcyL6t3Neg,cpRpaJk7AKTV5a3y1V5c8w,NQ6v9hMwtfS5mn2a0vQr1Q,1,Unbelievable tortillas. Great Horchata. Try the Huevos Rancheros... you'll swear you've been shot in the face and sent straight to heaven.,5.0,4602,0,0,0,0,0
3Gw83NybMmsU5qqbwMrSkw,t46KddDRFnI8D3fyCAINQw,wCkjZV39PSdC7iIV6urJMA,63,Best authentic Mediterranean Italian around. Service is great. Warm friendly Italian spirit shines thru. Love it whether dining in or take out,2.16,4691,73,13,5,0,0
Y5JYl4MYCCacMHNDCnbz-A,w7yWGr47IYg-fhvR9D27vA,3xJ_6qxRA0sdUm3ThCPiCw,44,"Not Italian! 
If you like pasta with your garlic you will like this joint. Overcooked pasta, defiantly not what I would call traditional Italian cuisine. I recommend they hire Italians in the kitchen. BTW Presto Pasta has better food than Gianfranco's Trattoria",4.5,5028,42,13,11,3,0
D4HLKqxXDL25WpzYpY9hqg,GSHyylQMm8ZQ1n0gjzZy5A,oiFw8lJrYUZ4zrffWwWiBg,4,"Good sushi. Everything looks and taste good, the service is great and all a good price best sushi in town. They do a lunch special which runs until 3 $7.50 for two rolls and includes a soup and salad which is fantastic I would definitely recommend this place to all",2.67,2613,0,0,0,0,0
G2qTH0y0ZNSOslhkcykIiA,9yNZmdRESAKUZlX8Mgl00A,ih7_XsrQMLi6twDB1TMUxw,2,The staff was so friendly and the food was prepared so quick and I couldn't wait to get home I literally had to pull over and dig in Lmao that was before I found out that they have FREE DELIVERY!!!!! Now I eat from the at least 3 times a week if you haven't tried their foods I highly recommend it,2.33,4770,2,0,0,0,0
SUQCgkg9MPz9XOFXzptFbg,ZNnropJf6HqZt-HunVyQUA,8Mzu_wczdzv9dU_Gr6OR8A,5,"Love coming to this place staff is very friendly sushi is always good, only compliant is a little pricy.",3.2,4167,1,0,0,0,1
dwhraB-BN-_cp4lxbPdEeg,0rACnbO2mYab66-TFWaN-g,ifEkf8JxP3RCBeszcIGLww,6,Best food in town!!! The porkette sandwich and cheesesteaks are out of this world!! And for dinner my favorite is the Sunday gravy!! Everything is so fresh and delicious! They certainly don't skimp on portion size either.  And when you go don't forget to order the butter cake!!!,5.0,3242,0,0,0,0,0
WmbKQNmwXjHLo8nYXnH-9A,c91FOXToWWXdk1NPk0IfrA,Vy9VN70aRpIe4yEo55VrWQ,55,"This is the best pizza and Italian food you will find in Delaware! (I've tried all the places around)
Yum! A nice little hidden gem in the Concord Mall.",2.98,3355,54,11,6,0,0
Q_AxddvOMfKoJirv9zWevw,jOVQqV8uWXO3CaSvuypY2A,ei5ZzCNRC828gtzrRPo07A,1,"The first plane to a restaurant here feeling very fresh sushi and other restaurants are not the same taste, and sushi dish is also very beautiful place which I have not seen before again. Services and the environment are good, I feel very comfortable coming to dinner!",5.0,3856,2,0,1,0,0
FvuFYRVme4mx9CM2_1XNig,EBNR8k6vxIJPnNXbQYC8Nw,Yj5JUGZsOeUEiSI1T9xj5A,127,"Been here a few times with my kids. The ice cream is overpriced and the lines are usually long. As the only place at Armature Works that serves dessert, these guys are making a killing. Portion sizes of the exact two ice cream bowls were not the same, which caused controversy between my kiddos. Next time, we'll probably pass...",3.78,4402,283,49,244,20,0
KA0_njFatoccNiqeWgTp3w,HcEjW_9jHFQKtUinQTh-7A,2Q1R2OhBbAQ581vK_r7NhA,24,I love this place every time we go there we always leave happy amazing customer service and delicious food,2.19,3793,9,2,0,0,0
1bAcsjsa-eDUplp49HGv0g,AVfAqpZu-s2EVYQkgO5LrQ,5MjB9464NZhyJGGwNeZuvA,26,Super nice and brand new hotel. Location is fantastic. the staff is lovely from the managers to the valet service. They are all happy to help. Walking distance to all of Clayton. Hotel has a bar downstairs and excellent work out room. Probably the best Hampton Inn I've ever been to.,2.45,4084,43,50,1,0,0
RnLDEdtI-kygPX5hh310DQ,OfQYZu5M7bv7CPCerWT6lQ,Td6s-Fakv7_6HaFfSO1tSQ,34,"I made the mistake of going to jiffy lube for an oil change, regretting it completely. My only complaint is that these gents aren't open on the weekends.",2.87,5461,31,7,6,1,0
fAnNUEIL0nAm-MicsgPieQ,1uYPW-qyBEj2QXq9LTVbkg,EZ0K94onKkoh856kcrriRg,1,"Ordered beer, got chicken. No napkins or eating utensils included. Food was medeocre.",2.0,3648,0,0,0,0,1
Lo7giXHYhgm-BJAth2d3mA,bzx9f5sFEmlb5dNyU4e7kg,n11F_ytaXT6cpaixRxsGOw,21,"Beautiful hotel, EXCELLENT staff, would come back here and stay here in a heartbeat, and I'm pretty picky :)",2.62,4153,19,0,3,1,0
dwlnguLjHGk-BLJtTA85tg,3GlWTW_byfcli9PMRbPZ9w,lYR0aZbSxBX2yaP8enIn0w,144,I love love love frozen capuchino!!!!!!!!!    I didn't get any food from this location but the last time i got food at Puccino's it was bomb,3.91,3451,74,13,54,6,0
u7R0nYYCD-5HwIvu-nBmtQ,7ohiNvcBd7oMemLNGeKlhw,q1whmG4Jdift2yL5nSJR_Q,45,"extremely average ramen! kind of bland, and they didn't even give us an egg in our ramen, which is mentioned to be included with any bowl. server was very inattentive and kind of careless. atmosphere was super weird with random new orleans jazz that went on and off randomly. lol",4.11,2915,27,2,2,3,0
X-ZJqYFKvg7Ej7tSh7C6yg,iYAvaogHhperboYi6_NbYA,nBtIu2PasIHzlZMD_v2nfg,11,"They have iPads in the waiting area along with free chargers (USB and AC) where you can order an overpriced drink and it magically appears in under 10 minutes. Perfect!

I guess they need a better way to figure out which iPad placed the order because I needed to let the waitress know the drink was mine when she came by.",5.0,5493,10,1,0,0,0
Y3vackVq5RVoTwtSEl3gRw,Dk1pxyuS4t8EJsjygxTGOw,9wxGE92uD9hoXPu-kO6twg,5,I was referred by a friend when I bought my Camry back in 2013 after a $650 quote from the dealership in repairs....I went to Toy House and have never been happier...I didn't need half the stuff I was told and the guys really go the EXTRA mile. As long as I have my car they will always get my business.,4.5,4279,0,2,0,0,1
cV7gF0ScgIoDie5Gy5zsmQ,MTeAjyah29MdoGU0UbbhxQ,bKiZJTI0-zrH7n4xM5kHcA,45,"If there is a Burger King in the world, that is worst than this one, I have yet to experience it. How are they still in business?",3.58,4956,151,21,27,1,1
9fnYoVU9FoEe066Fhksb4A,Iz3pZV8ghAukQcGZAVSkJA,ZduAY9t4GjTq5CGh5j7oqA,15,Really good happy hour deal. Close and convenient for Tulane students. Takes NOLA bucks! However the service is below par and they often act like the don't give a f***. Further I've heard rumors of food poisoning but I've yet to experience it and I eat there regularly. Fun for sake bombing with a group!,3.87,4209,2,2,1,0,0
tol5q9it9lAlSHspmjIJxA,6xNOvcg3YYzeYLsXuBj-5w,tSkKTGnKuIYRxRS067vdlQ,1,"Love the atmosphere, drinks & food.  A great addition to downtown NPR.  I have been in multiple times and have never been disappointed!  Great place to relax with friends and enjoy a great meal!  If you are going with friends for a cocktail make it a social!  Fun place.",5.0,2171,0,0,0,0,0
d28KLsrvQALYT8DxDWE04A,isDXBjVXi3RGioOfa9DT8A,bUmeVelX-ZCPkGPDpr3jzw,6,"Their food is pretty good but I just placed a $60 order online and  they still charge a 3% ""convenience fee"" for using a debit card. I can understand if it's under a certain dollar amount but for an order that big, they should be able to absorb the transaction fee.",3.38,4669,4,0,0,0,0
YEka2uncPcQfb4hXjqkkAQ,geZ0aIufw_kMF4qKaztJVA,tOqZEVu3-HMB-usS031nqw,116,"I ordered a simple rum and coke and was handed a purple ""Biff's special' ralo has been complaining about the drink for over 2 years.",3.66,5609,81,12,19,1,0
TeXxQanNEcDphe4SPA1vJw,uLVIhe4rW-s81ey5qL7Geg,8BLTQlfijNA2LSFEz-d3hg,248,WOW NICE PLACE AND I SAW DOLPHINS from my window. I also saw a whale near the pool but it later got out and laid on a lounger.,3.51,4933,253,120,67,8,0
JGwX2Q3XtaG_IEPnZW6HNw,aNxvvQ9KvKrxH7URJGApcg,AyGJNTLh9abu8R14mYPAjA,1,Just ate there and the meatloaf dinner. Absolutely f'n horrible. Diarrhea in 5 minutes. Worst dinner I've ever had. No stars.,1.0,3965,1,1,1,1,1
AWqFpgXY9GQNG6D7CbuZRQ,twwdQIRs9UcWTb0JYQil7Q,ekaEajbGvF3SMwnespdeaA,2,went back again to see how it was again after 3 months. still horrible and messed up my order making me go to the dunkin on bruce b downs,1.0,2146,0,0,0,0,1
yxK7uATiGSiDcaNmsbZAFw,VMCPMBFRFKl_4mELEodkJA,m-Bz9A4nkKsJJJSrJQ-e8A,1,The lady who did my nails spent almost an hour shaping my acrylics but when my nails were done they were very misshapen.,3.0,3428,0,0,0,0,1
GYdbvZdWU8eJxZbHkLahOQ,r8RtwXvVth6ae2k_zYksaA,SuAcLS5YE5RxM8ZvJn64fg,14,"Love it! Sometimes the people there are more worried about socializing with each other or visiting friends. Other than that, the product is great!",3.36,4511,3,1,1,1,1
oUXogwZyAknGw9zPIK5KTg,yFJdrFy3L0g0PHXg_Vu-xQ,8PjqEoQoQKhmsvSDF9dHQA,9,"Every time we come here, we play my least favorite game: ""Will they get my order right?"". Not even ordering via the app helps.",1.93,5136,9,5,0,0,1
TXo7zb5GF_4EbDLPRMhuDQ,_WadWE-NxteYa_6maOZlMg,OI_A8VRmMVxIq_ZeNaLVeg,1,Looooove this Starbucks. I go to so many and this one never fails me and actually knows how to make coffee! Woohoo,2.6,2986,0,0,0,0,0
F1mWwAeRksJmB9r6_IgqCw,NkDgH7pp7fiW9cVvfBUM5A,BVL4DYFXEXD_R3-N8rh1uQ,6,"Hands down a great place to grab dinner or a drink. Ok, we grab carry out a lot too. Onion rings are homemade - and are killer! Great salads and wraps - everything is great. We've never had anything that wasn't yummy - definitely can't go wrong eating here.",2.0,3666,16,1,2,0,0
bBZ9PVde4O_wxjA18fmuoQ,VU_iMC9xrM3PvobEAZhTHA,RgVcY0hWnkZkP76cqb5ZhQ,242,"slowest mcdonalds on the planet sat in line for over 15 mins and never even got to the window to pay. horribly slow unapologetic service. then, while youre waiting you always have to contend with crackheads and heroin addicts soliciting change from you and everyone else in the drive thru line.  avoid like the plague.",3.16,4329,316,69,73,8,1
_aIMNdWqks_iZJGulawFCQ,tYhVdUYSUKP0YcPivOkr_g,WjmczOJVjnU6zIrCvdqptA,6,Had dinner there last night as the owners closed Wild Iris. Expected it to be similar but there was no comparison. No atmosphere and very noisy. Good was sub-par for this level restaurant and the service was very poor. Would not recommend this place at all.,3.67,4550,2,2,2,0,1
GI3aLg_p4A3ENdTpt56TZg,OeukMsau_Xq6J3khfCoz1A,B_ULY8xaOEx4PZxauoSmow,3,Not a fan. Really overpriced for lower quality food. Definitely better options. Think of this as an expensive Del Taco.,1.0,1809,1,0,0,0,0
0ja0M4rHUVc9_O2TIwGxPA,swuyvpqgNVc3vPN256wFAg,B_ULY8xaOEx4PZxauoSmow,24,Some sad niño cries at night because of this place. And poor abuela is in the grave now because this place exists.,2.79,2067,2,5,1,0,0
I1eRlbCVal4z4jZjebrW_A,rdretkbF6CbN1OBTmj5eIA,qV325HCv3cZKgdgkMJObNQ,5,Best nachos in West Chester!  I go here all the time the food is always good.  The only problem I ever run into is that their beer towers are usually dirty.,3.2,5186,8,1,0,0,1
UEWsKpV0kcQv_ibLHji2FA,tPhXRymfzZ_q8g4eGp1gOg,0yGH62WGQy_W3JoR6L5Kew,19,"Thank you for having a lovely, immersive, and community oriented business. The welcome upon entering was so warm. Even though selection is small it packs a great flavor and taste for any sweet tooth!! Brought the kids along and they loved it as well. The owner is personable and engaging!! My children really appreciated it.",3.68,4354,34,5,10,5,1
vVoydBLU6kJPvsQ3tGF6mw,0pV9sbvKl8s9RdH2qo4Gfw,LlGIlNJE2Nv_PXkH7l4Wmg,1,Nasty!!! meat is very dry . Taste like it's been sitting there all day. Doesn't even deserve 1 star,1.0,2492,0,0,0,0,0
7fNijVv5PHwcmFcUo-MFow,AEOg6qha487q-RGZGEPjBQ,yK6wGC08jk-i_Cd_jCx7Ow,12,Great bunch of peeps! Called about a hour before and they got us right in! Not very much English but nice and patient! Great job!!!,4.33,3368,6,3,2,0,1
-NbvR9nQXoSf2mi-T8k4_A,dbWilj5Ek_rKhALQ1RFjbQ,r6dvcGaTEcvN4nUIeS15nA,2,"Food was delicious.
Bamboo rolls as a recommendation.
It is affordable and delicious at same time.
Service is fast.",5.0,2911,1,0,0,0,0
wpPBxhUwEiPrYQp_2xRP-w,Gvwf8x-dkk-8RtbI5SkQuA,pq-vWtG-d6bvzCnE-dKShQ,11,"Nice environment, nice service, high food quality. One of greatest Sushi bar in the center city! Been here twice!",4.82,5078,3,0,1,0,1
HOBU0X5nMLQsh_nR-6WjHA,nsyvC3zekMf_mUeEu46SuA,ji-K_58UZ4erdl4wK76iwA,3,The best authentic Mexican tacos in Indy! I come here many times a week and order the same thing. No other Mexican spot has left me as satisfied.,2.5,2755,4,0,0,0,0
Swktiaa3E2d7eiuBLhypZw,AstceDFS1OtCPnoWRsPV0A,Jw3mUNF9_ZiawPDZryUdcw,2,Best Steak EVER! I am not over exaggerating ! This place is beautiful at night on the patio outside by the beach with live inviting music .,3.0,3659,0,1,0,0,0
kWKMdtTARHvABxaMym7Tcw,VW09JaXNSmujwMSv2Azh8A,k12Zh6Mfyeq9bCcdqbAObw,2,"A roommate of mine took my spot in the apartment and I notified the ownership.  They left the place a mess and I got billed for $1,700.  I am trying to work with them but the company won't even send me pictures of the damages.  I was nothing but a solid tenant for them.",2.5,2690,0,1,0,0,1
mve1z1xbUs_R23eSPW6Obw,k-l_qJLdQl9HmQEwQrIZDw,kwIdf04VPKwlqBtcubQuNw,1,Just left ray's after my rear wheel bearings where going bad and they did a fast and professional job.   Ray not only gave a 4% discount for using cash he had parts delivered from a further distance because they were cheaper for me.   I recommend anyone go there and you'll be pleased,5.0,3889,0,0,0,0,1
yTYiIyh2LZ-bF89bxc286g,8iagRAsgHBNPfIzSX-7Jig,KFPC6O9d7ybRo9pxIw96fQ,1,do not rent here! Dog shit everywhere. It's disgusting. very rude staff too. -5 stars.,1.0,3379,2,0,0,0,1
65jsmBsL-QnrtZWQN3P-ow,NQV2Aggj0GtzOuqSY5KeLQ,WI8Oucjfr7t2AertQqbYLw,2,"The staff were wonderful today, very friendly. Good came out fast and fresh. Clean and definitely worth the stop.",4.0,2959,1,0,0,0,0
lO66nIyt140qnoUbvt3yxA,BlK0xbEreMtIedkumFpQbw,YJVXMOIKhJjQczWj9YTwrg,28,"This restaurant is amazing! Food, dessert and drinks are amazing! The best in town. 
Outdoor patio is nice, service is great.",2.36,3070,16,4,5,0,0
kHI5GU3M_YszfRsYcwQ-8Q,tbAJ-054UpCY4Gr1MZPLrA,ZJrQcWT6qeFu7XX8Ow2V5g,81,"ad a great experience at Uptown. The eye exam was through and the fitting was was the same. The staff is super friendly and the doctor was as well. By the time I left, I think I had met everyone. Was told my glasses should be ready around 7 to 8 business days...Thanks Uptown Eyecare.",4.38,5812,184,58,99,10,1
SocRydoJuFFfrkI6TbAqCA,OwsY3Fu3ZwkQQ5hTdgf62A,hCol7jCN_u1JEHfGwvDtSg,166,Best planet in the area! Quality machines (even got the ropes and monkey bars too) very spacious and staff is extremely friendly and always eager to help anyone. Such a positive vibe every time I come here. So happy they opened. Lots of people willing to train newcomers as well.,3.69,2604,90,13,17,1,1
3ViEbg-Eeqj-MAiu5bXzWw,nM32Z9-GhrmooxkwWIl6FA,2WqDjTxf9IoeVU52XnLZaw,1,"Great tasting donuts! The different types of donuts they have were amazing! Dino sprinkles! Fruity pebble sprinkles, bacon donuts! Prices were great and the staff were all so sweet and patient with us while our toddlers picked out their donuts they wanted!",5.0,2455,0,0,0,0,0
DCNtzW--IjhIssTYBRiOTw,m7uK2EyABr5IPIAuq9CcgQ,xUNJF8XiObiqkHWnJlJRug,13,Very nice ladies that work here. They are patient and you can tell they actually care. I love my new glasses!,4.86,1756,0,0,0,0,1
Lofhe6PyzqolvJBdIDNm7Q,cfFns6AOc3cly1xUgIMxSQ,s39v9Gs2d5GFrMQvZjke5Q,3,Best place on the beach to get a cut. Joey always takes care of me. The place is clean and in a great spot. Great prices. Good people working there.,5.0,3950,0,0,1,0,1
OfPBYber_ZkFmBITZA745g,KYnMepSlQdna1DxF3Tj_hw,3wRG_Rpe_clXo67Nit5HUg,26,"Clean. Good massages. Decent color selection. Very nice staff. They also have great loyalty card. This is definitely my go to place. 
There's also a parking lot!
Updated review to 5 stars as I am now a loyal client who has always been so so happy with my experiences here. Love Elisa & her work!",3.84,5461,48,4,9,6,1
97YCpGtPhMZzJBoO9eE1eg,ufL3WnBjYbznPrWoTmHwmA,XbZImSM5jFXiJYnCAhJwGA,69,I special ordered 8 cases of Grolsch 15.2 flip tops and got for 7.99 a 4 pack 51 cents under Win Dixie as I am a home brewer and the flip top are great but the down side is they usually sell for about 2 dollars a bottle so basically I got the beer for free,3.22,4596,46,5,6,2,1
V-hx65LgR08PY3Q9entnbg,NhLKLke-ZJ0bvecr4SokRA,7HOquuD846z4wvhdEEWhDg,15,How difficult it is to throw some ketchup and ranch into a bag ?! I know it is fast food and I don't have high expectations but god damn man. We are buying chicken rings and fries who eats them w/o condiments ffs. No need to roll eyes and get annoyed cuz I asked for couple lousy condiment.,2.5,4147,16,4,2,2,1
WlDXAHZ95rAv_ig2W-6Z8g,E0OXaRCGOfk_ATZrXGkbvg,wFpcxwqSVi16h_8sRmcyzA,45,"Everyone at Berry Farms eyecare is so professional , knowledgeable, courteous and efficient.   I never have to wait. All my questions and concerns are answered. Dr. Crim is very patient and takes the time with you to make sure you are satisfied before you leave.",4.37,5094,110,13,64,72,1
PMqxxBvOrFqskov0TQCj5g,bhAQUpPUOa-C2WwoCS0JmQ,5drbv3fz5FTvp_Z3d3aPSQ,40,"My husband years ago would come here and he said it was delicious. He recently took me here and it was bad. The service isn't great, the salsa is watered down, chips were stale, sodas are flat, alcohol doesn't taste right in whatever you order, and the food isn't great either. Taste and feels like a glorified Taco Bell.",3.24,4255,47,8,21,2,0
WCv0bS9GASzmDhLZFGdR5g,nO_9tgGCTddzBvSabysSTA,9STwVAyfD3FrheWIT3OOhg,15,"You got to try their enchiladas! Best I've ever had! Yum yum yum! I love their pork chops too! The staff is friendly and their atmosphere is casual and laid back. I enjoy going here for dinner any day I don't feel like dressing up much. Delicious, convenient, and definitely comfortable!",3.93,4642,42,11,10,1,0
lC3oAlcEIdCrV2xYFYun1w,7gV1WlkL-WiMZWryeEPrGg,yOc3BbR4pua-7El5ce8lHg,6,"Iced tea was bussin and dude at the window said ""my pleasure"" when we thanked him which was the real razzle dazzle! Love it, guys! Y'all rock",4.6,2130,0,0,0,0,0
7Q_kavIALpqn4Mt1wl_zXA,5UvxK1nyGnCbVFFYO0ZRhg,WoJcgS0d24IA2yGwW-ge0A,66,"They dont precisely measure each scoop of tuna or seafood like they did me at the Bullard location. portions are generous, but I lowered their rating because their published hours of operation don't jive with the hours they're actually open.  I went there are sat. nite when they were supposed to be open and they were closed.",2.3,3269,33,0,1,0,1
clkxrUVSD5onsUJ8Dfq9dg,0fUfUK5jochxaTPJkLyVvg,XvCGAQLC9y6lfHuf1R_L3g,38,What can I say that every other review hasn't already said?    Dr. Magnuson is the best and I will always take our dogs to him as long as he's in business.,3.53,4941,97,10,22,1,1
mmA8FZBDaLNeiMVh212Ybw,ZCc85CfjFaw5v24yoT1koA,MaTHSI-lt2xS8CHs8up7NQ,525,"Dirty...service just okay, fish cuts alright...not a place to bring a date but good for lunch time I guess.",3.66,5204,378,81,120,13,1
HaUGvHiF-J6THuaVgzle9w,_C1tVB-LsHo3L9LrEKheUQ,RUXWCVeTj-v7Lqp7EWfYnA,56,This place by far has the best food ever! There food is always fresh! And the pizza is amazing. My husband and I are hooked. Give them a try,2.82,2874,29,3,1,0,0
yGnEEXjOWqDnbr2LHSNj1A,p_2daiuEk774FFHsKrCAlg,fFj8iQ8eVZui5kcPzPVIJw,1433,"I really wish that there was a Dunkin Donuts in the Puyallup/Graham area! Sad that they got scared out of the Northwest and California when Krispy Kreame came to the area, love they're donuts! But they're advertising really annoys me saying ""America runs on Dunkin when there not in the 4 states I mention!",3.67,5753,3292,1608,1059,44,0
hCfPpKO3TLYHjHrQ1rBMrg,hLs4DprmrJFOzvC_syBODA,aOHNMIs-N591irOmxQfbFg,29,"I literally go here everyday. I love it. The staff is always nice and they are great with regulars the coffee is so rich in flavor. It's cheaper than Starbucks and it has so much flavor you will realize how bland Starbucks flavors are. I've had lattes, lafreezes, espressos, bubble teas, and lunch here. All were exceptionally good.",3.34,4471,28,10,2,1,0
arYUuuNe4EGJm4oeYqBz2g,bRjlTob-Fd6wI2jXep5M4w,N2n_nuiXb64ak0BNvIYEcQ,59,The best authentic tacos I've ever had lol. I wasnt big on tacos but I love their al pastor tacos. Soooooo freaking good.,1.92,3912,141,36,30,2,0
wJN4iMTheytmvVNM_gaNSA,P6gRp5ht1r6ox-K2eP9WJw,0FVZYtFtnysTgBXzPkS7CA,5,"Fresh made
Family owned
Find it in the lidl shopping plaza 

Sushi   Fusion and yummy desserts",3.2,3242,1,0,0,0,1
3M4yqnIirIqyMUjf3QnScw,g6fkvvB4o_eRcTsQrvdukw,eOeKgRKbs-iAsIEOmHTrYg,25,"Food is fine just the employees seem to have a attitude and lack experience slow business but waited like 10 minutes when there were like no more than 1  ahead of me and the person serving me typically threw my food at me but to make matters worse there seems to be drug addicts, but everything else is okay",3.67,2879,9,1,1,0,0
usCK3iOhEI01Y0GcboIjGA,V5z8yuZZbz3kzHDQUhXeqg,j99PtxlKTW_u5alE4jiqHQ,21,Great basic Classic Italian food in the middle of a neighborhood. I have yet to find something that I didn't like. The staff is knowledgeable and friendly. I would not go without a reservation. The place is small.  FYI don't try to find parking use the valet. It is well worth it,3.91,4948,5,1,0,0,1
JzYaKc6qpYsp6YP1ITE-7Q,9EgPmYn67NOKm1fr7-4Hyg,h7TO_IsmLCYmKKDVOOIeFw,15,"the ambiance is really great, 
dim and light music,
though the noise level is a lil high, 
the food is wonderful!",4.47,3614,2,2,2,1,1
pf4mlV64APzwh_0izuo5ZQ,qVLHUbziVv2Mit998nQoTQ,lKU_kljhbEQKIPaM1Zbqiw,33,Good food and service.  I would think twice however about sitting in the garden on a hot night.  Not enough airflow out there.,4.13,4179,26,31,7,0,1
7uO5kF7-t7H8gBW8tEUI3w,s8k7KXdY8EAcoAmngmGWfg,gOnufhhrA16T4E418Bdppw,5,Love the Fat Cat!! Great spot to go before or after a Marian game. Hospitality is awesome!! We always feel welcome!! Cant wait to get back again soon!,5.0,1788,2,0,0,0,1
tGM8Ac4z3KsECec4sjq2Eg,hbM8q7jTjGM6l2C4EL6WKg,0zWYKUPvImD7ufl1RQ1jhw,5,"Very easy, quick, and efficient for annual inspection.  Price was great too! Thanks guys!",5.0,4146,6,2,1,0,1
XiQHsBH-hxljFC0PdymBXQ,9FrxgO53BbuZt2w9dWvv_w,o8J_QeVwDZAugMYNOPAgPQ,1,Bartender was very rude and nasty as won't not let me talk to a ManagerAfter I didn't like something,1.0,2218,0,0,0,0,0
QPA4UkpfNzsAN0vTLLqtvA,8t7RdL3XHUiaO6Tydavm8Q,83ZvbJy_Hf49mO4f2C8oxA,10,Horrible experience.  I presume the  person who waited on us was the manager because he was dressed nicely.  He was very rude and seemed pissed off that he had to wait on us.  They were out of sweet and sour sauce and our chicken nuggets were cold.  Won't bother coming here again.,4.5,4973,1,0,3,0,0
NaNfsIndM_lgzhDkAr1R6Q,X_jTlcgD1241YGLPhkpuyA,6LAp-gSP9Kk4ZvxijXaxIw,2,best sushi in town for great prices! A lovely place to dine in with friends and family for a good night out,3.0,1702,0,0,0,0,0
ZynIAMQ4hOWvGm8S1EvJEQ,kaDMBMGhlbsxsTHxjK8h8A,nlSSW7rtONZ9nIjplrLQ9g,10,"My husband went to pick up an order and had to wait longer than expected. When it was finally ready, he went to pay for the pizza and saw it was the wrong size. The cashier threw in another pizza (large deluxe) free of charge for the inconvenience. Nice guys, THANK YOU! You know how to treat your customers!",3.7,3837,7,4,1,0,1
TKvlo87hrmYCrShk2Yzcaw,MuRthrBxO910DwpSXh_PwQ,KpdqwE6hnFGuXAYDmAWURQ,3,"Lol, this place is literally the worst. I would not recommended anything but the pizza and then, i would only recommend the meat lovers. 
The past is over priced and tastes like something you can get in a lunch line. Good luck. 
It also took 25 minutes to get the bread.",5.0,2578,3,1,0,0,0
j_PBg12CqmeHAQ99JEggcg,Byqdy5wnLYGRm5ulJ6MZsQ,vP6BGF8IqbXlLQiDP5n6dA,2,"The food and the experience was great! Spicy yellowtail roll was amazing and so was the chicken hibachi. One of the women taking care of our table was a little rude, but still giving it 5 stars because it was so delicious and everyone else provided excellent service. I will definitely be back!",5.0,3378,1,0,0,0,1
YHeyQClXL8_nJAAlNClHrw,iz3JgpsOufXJzMZAVBB-5w,0q_2_k2Z9asNyi3tDFjkQQ,8,This place use to be good but has gone downhill. They had a coupon in a local advertisement for $33 for spa pedicure & manicure. When I bought the coupon to pay. They say there are different type of spa pedicures & it would cost $44 but it states this NO WHERE on the coupon. This was after the lady cut my finger. Never again.,3.1,3637,10,0,4,0,1
gBTKR1SZIzZ0BID_0H_4aA,TbVAMnBeN-kiARZbwaTGQQ,AG8T1jIgBvY0T1G3gkp1Jg,32,Great food cute atmosphere Jenny was our server she was great.   Food very great tasting and nice portions.  We will definitely be returning here agin.,4.75,4395,2,2,3,0,1
yWrmz9Mkf5Ilis8VAyogRA,11Q3D1kzcI2tsaNyEa2JBg,G0MgcqZAUlV_kaCha054UQ,9,"Jim rocks 
Chris rocks too
This is the best bar !

We are superfans because they have all of the best beer, and kickass tunes, and pretzels!!!

You must come and see for yourself! 

If you love good beers - not crap beer- you will be so happy with the selection

Great atmosphere 

Clean bathrooms",4.89,4038,3,0,0,0,0
ts3qDv-mza4eABX7wDhVJQ,bZIbddJmJgrC3PL_Ox4kLg,sy9erwW0yTpjsTQ1eLtnUQ,36,Awesome atmosphere -- kind of costly -- decent coffee -- worth a return trip!,4.1,4336,10,0,3,0,1
saX4hQ5sLxlkmffpTKQHig,Mfd4LibFZ935zvoG7qvtVQ,cE_gYW3CHEducTkEyxTDdA,1,"Amazing service and an incredible atmosphere! Zach was a fantastic server, very knowledgeable and a pleasure to talk to. If I could give more than 5 stars, I absolutely would. I am beyond satisfied with my experience and look forward to coming back many more times in the future",5.0,1916,0,0,0,0,0
FFoV5XemOZEQI6dWH-j1dA,Ws425y8UgezqGwHvptGMYg,rExhzd1HNwLDQyaIjraVlQ,3,Worse services. Never going back! Simple question to asked about a mask product she told me to don't touch their product.,2.33,3696,0,2,0,0,1
OYFKwJxXwmiAxHTXykH51Q,ntG2hZfSsW49qnGzcg0tnA,SOsjW1JARmtHUFtpFlp8rw,43,"The restaurant has a fast-casual feel with rustic decor. We got the Roasted Veggie Pesto and the Margherita pizzas and both were excellent.  

I'm normally not a big soda drinker, but the selection of natural fountain drinks was delicious - loved the ginger zinger and the orange mango!",4.26,3436,32,15,31,3,1
CfKvra7qf0M3SASxwAvXxw,i0yUL-uGzatLZPOVYD2fbA,UDM7TDJwu-JT4HsCYZkOcA,6,"I loved coming here because it is child friendly, has La Calombe Coffee, and tasty scones.  I'm sad to hear it is closed due to change in ownership.",4.33,5576,2,2,1,0,1
RZMCtGPHG-JtK2TObXQwtQ,YC-27j2fxxxV-mruUlNh2w,WoJcgS0d24IA2yGwW-ge0A,11,"Perfect for a clutch meal! They were pretty fast, and the workers are very pleasant and respectful.",3.69,4724,2,0,2,0,0
t0jZo6LqiB0nwlaICcGo0Q,8UUs1Yfh2k06SmruPS0icg,2EVCpJTmmjFeYzxjQnnaeg,40,"Best restaurant in maple shade and then some. Service is excellent 80% of the time, and food is always good, delicious and hot. 

Coffee is fantastic and portions are enormous. The prices are excellent too. 

We go almost every Sunday after church, and every Sunday is great and yummy.",3.61,4914,43,8,19,0,0
RuJGuWaEpDOk-KbKn7rVfg,eW3SB3DSxxaaS-ZPdE9OZQ,W9X0556AXXHNb7f6RNMLVw,2,"Super friendly staff, good food, fast service, and always ready to help out. Good work:)",5.0,2469,0,0,0,0,0
3pcnZQ5dHPkuxvUJ8dEATA,pm2aQt54h2fS1pnnBeeSig,hHCGmb01EGFstumCsd4-VA,40,"Friendly staff, clean store and fantastic yogurt, it will make you happy (without feeling like a cow)!",4.08,3853,26,3,7,2,1
6sOf4PBOf8a8AicZcTmr2Q,b6AWRTPRYLFGqy_OKzD1fA,Azeee5WDaYOxzjKtnkURqg,7,Terrible customer service. These people have no idea how to run a hotel or how to operate there own computer systems.,3.14,5352,13,5,1,0,1
BxgXUNgEhDMpLSFmhYHoVA,_9I3wd2s0179b6LNqWATRg,M2aSXt6OQU4JusKvOLh0vg,1,These people are great here. Sooo friendly and the ice cream is out of this world. I'm going back.,5.0,4083,1,0,0,0,0
jZiRrgQKCXtSW1SQxL0gig,UkA3GqOEDhrjLi6sdFBrVg,5EHnOc5wjSTQhb__EgEg-w,8,"Honest, professional service every time. The most trustworthy tire and service place around.",4.38,4860,6,0,1,0,0
G4Dh3hHA34vx_cgHqBX9Lw,K-iwgO6LHby4KxqXGqgH3w,j92gtO0HgtCN2tzp5uP87g,2,The best barber shop in Broad Ripple hands down! Bogies is always consistent in quality and professionalism! Highly recommend!!,5.0,3318,0,4,0,0,1
ePQPRmHCbupDkMZpnIKAew,rcyp-p8di_xQi3dgQywZBA,abyhAtKhZUh8w0VT3Rn_BA,20,They are not nice. Don't tip them they never say thank you they have their own conversations. They barely look at you. Grab what you need and go. Sometimes i don't even think they listen to what u want and just plop it on the table. I REPEAT DONT TIP THEM.,3.1,3945,28,3,11,1,0
11KLaPAAGCsd8xF6FUQrIw,Pxgw9Z-J2sBoYQVMQKvODA,q3uEFx4AIthiOmTf0KFiIQ,12,"Amazing service - definitely the most thorough manicure/pedicure I have had, ever!
Thank you ladies!!!",5.0,5148,5,0,1,0,0
_zv1qkuYs3gXeSfHoKjwHA,WRiISaV3b5e_AXmsIkfeHA,7YZsJLbmUFTgy12q7ARq1A,30,This place has the best pizza. It's consistently delicious. And they have good desserts and salads are ok too.,4.06,3752,23,2,3,1,0
2Db6EoEqgAF4MonIB9CjiA,sXsmCWxYFeZukj4Mb1UxGg,oo54fNfXC7IkxwpeoPE15w,29,Friendly staff. Fast service. A little pricey. Food is mediocre at best. It's fine in a pinch but nothing special.,3.53,3459,12,1,2,0,1
FwuFFj06f658N6FVSkbMbw,iymiCcN9x9fn2QH14R78WQ,1Mf7b64jGc2pL870SqP_ZA,8,"This place was amazing. They took me last minute on the day of a Saints game which is crazy. The place is huge and has a great atmosphere. I was there to get my seriously janky hair fixed before a big party and Rachel worked wonders! 
I would recommend the place and Rachel to all of my friends!",2.82,5591,15,8,4,0,1
XosYMHMWxNQErTqxdWvzgQ,gX5SHRpGx3Z6TQF1mg-1vA,qXctAMyV6n9PSjPQuUSEpw,46,Clean and modern service was great .... I wish other locations would be up to these standers..,3.36,5128,56,12,4,0,0
kdQ6I76BL7fHODMKXVCY2A,q9Hgb_YYSO6b_4_jUMNitA,8VJIO7mqgHuvWaxIiaouoA,5,Such a great place to eat. Best frozen yogurt place I've been to! Great customer service too! The girls did great! Will come again. Worth every cent.,5.0,2088,0,0,0,0,0
RtuNNMnCK0KfvLQ3vO2Ncg,4WnpzY_vd5HnWu-bAbOfKg,AmbhpZW_Xc_9ngKgDqpbYw,9,Every time I come here I come there with excellent delight. It's so wonderful here I feel so happy inside every time I order. Because of the great customer service that they provide at this sushi spot. I'll deathly come back with the whole family next time I come.,5.0,2627,1,0,0,0,0
wvSeqXYTpN3YKkamCeiFPA,cW7EYWg10dlwmdwxLMpYCg,wyBw4qhls497idjzCCm15Q,7,"Great food, great prices and the delivery got to me when they said it would. Would definitely order again when I'm back in town.",2.0,5295,0,1,0,0,0
z55x9VXm7JZiCiSMHFU7tw,GIpam43exxkF_hUv2a1ZTQ,tkFVHNahcoerkZYZsdwmBQ,2,Shrimp pasta was delicious.. delivery was hot and prompt. Chicken tenders were worth it. We will order from there again.,4.5,2716,0,0,0,0,1
KqoiwroSpwBtb1L6s8chBw,V5_et-RWgTHyDtsl3i8NZg,KE_oM4y1GMI3YMOnnqHqRQ,1,This site it's.  really pathetic. Because the people make sandwich.  It's.  mad.  I'm mad too never come back here need mor attention at costumer service.,1.0,4495,0,0,0,0,0
IBQcg_hfixjJ98VC1P20iQ,BPkfXxpFTP1vnCdogg0J9w,O4-T_Js5RmyIcEJr2J6mWg,70,I'm just going to leave to photograph of PIZZA right here.  I don't think these a need too write much.  Photos speaks for itself.  SMH,3.86,5326,66,21,12,4,0
aOsbI0GeJB27xjsuuJaNSw,AkJd6EkGoezIilONR5L3ZA,QrFPyg3K44I_KVVLC_gCZQ,17,Great Meridian landmark.  Little higher prices but the food is good. Shakes are awesome and the serveice always comes with a smile!,3.47,4420,15,1,1,0,1
NoHVUd-2sJqwhRYznoiIFQ,CllNrV8su_qcYz8r-efnjg,5YRHE2foNVmv1n8VIJcb-A,7,"Best sushi I've ever had. Amazing fish. They give so much fish with nigiri, more than I've ever seen. They always give delicious miso soup. The seaweed salad is scrumptious and so is their seafood udon noodle soup. They have half priced rolls every day and every sushi roll tastes amazing. Friendly staff and great service.",5.0,2541,3,0,4,0,0
96VIi-7Z0nL75wHaHPFoeQ,o0wpVWQzDraRSNH5nW714A,zSSMmKQujl731_voEHStmg,1,I eat sushi often and this place is gross..The worst sushi I've ever had beware of this place,1.0,4756,1,0,0,0,0
HM6JVjkHPAp7hqHUPF2u9w,hTrPFsILyr42nOuK0J67yA,UN_rn7wVnWaQAixOatl88Q,2,The cashier overcharged me and then gave me some serious attitude when I called him on it.  He didn't want to void the transaction but said he would credit my account. When I picked up my order it was apparent that my clothes had not been cleaned at all.  I will not be back.,1.0,4270,0,0,0,0,1
B-zT_oNakHnlDPnb9U73ig,xiDzm-w5uEHk_QCA475HGA,mLrt_o9RilIWH4lFDSFENg,16,"So disheartened by this recent experience. I ordered delivery through Cuisine to Go, the Chicken Parmesan and crème brule pie. The chicken parm was so salty and soggy that I found it difficult to eat. the pie on the other hand was delicious! all in all it was just ok.",3.24,4004,3,1,0,0,1
UA9xbN4qKaqJEcJ7cnP42g,-XX2NCbJl5ssDh-hrGRaWw,ZeipYKyS88eRK2EDCycgFA,16,"This place is in the middle of the ghetto. Their beer selection is mostly colt 45 and other ""40s"". No craft beer and very little outside of colors light, bud ice, etc... I don't understand any of these reviews. Liquor selection is not that great and I did not feel welcomed in this part of town.",4.19,4709,8,1,6,0,1
texyymRcA9bpve4OdmHD1g,71b_dm_zTpHdPbiTGeay9Q,lnjYuK2sAg8qxTvvlnhNFg,1,Always takes hours to do anything very unhappy with their service. They will tell you an hour and it will be four. I think I will try a new tire store,1.0,3746,2,0,0,0,0
zcA-O2HTseKJdEVWk1608w,BvyDAanxkETFcvX819QGmQ,HAfeuAQDHknXY1jzq7HJ3A,2,"This place is one of the best! Honest, clean really super nice and totally great can't make a mistake using these guys!",5.0,6168,0,0,0,0,0
Yx87VR1D-YqKacnKITcR_A,cUB2WhICFuSe7DwXAIoo0g,tpz0iEFgkdIm4c1fxBhkGw,397,No frills liquor store. Wine prices are much cheaper than other stores. You can always find bottles for $3.99! Massive variety of nips(little liquor bottles) for a dollar or 2. Beer and liquor prices are much higher than other stores ive been to and about a $3-4 difference. 6 packs and cases available.,3.49,4225,1601,653,804,60,1
tbRWgK7cjW9IcMiaNaXbWw,LqJHdJOjiQlFV_YVHSyPVA,t1bLT6fQTKNhJnIlccVPFQ,8,This location is always super friendly and they like to make funny comments when you pull up to order. They are always speedy and don't make mistakes!,2.75,3472,5,0,1,0,0
I2QWuSY0C2I-r-khct0-tw,omqwsZeXDqPOaOen-s6hkg,9Oj3cUQuEn46-o7H6wxA-Q,8,I ordered the barbecue burger and it was absolutely horrible. When they made the onion rings that go on the burger they left the skin of the onion on and so underneath the breading was the hard part of the onion skin. The burger was anemic and not hot nor juicy. Way too much barbecue sauce. Disappointing experience,3.27,3417,7,3,1,0,0
yhMSPMnWBScwHnO32HtcZw,GW-9v5Tv71CB3duwxOkeSA,jhckIMBzOldxgS66DrV8zA,2,Always a wonderful meal. European-style service. If you're looking for fast food or quantity over quality look elsewhere.,3.0,3727,1,2,0,0,0
AaT7ePKzS790zf5EHGPg-Q,5OqiTATlsqlmfb-oahzjCQ,clwjLY7PdYJpe7IP9lrqEw,22,The best Mexican restaurant around! In walking distance to hotels friendly staff!! Cheap prices also! Walked in was seated no wait,3.39,3940,8,4,1,0,0
HD4Kp_VepIyafV5FM3TQHQ,vYWR6BPfQTDHcfywbTzLuw,T5PYyOLAsBEjbajP68CpyA,2,"Yelp says this place opens at 9AM on a Saturday. I showed up at 9:30, and... it was closed. Now, I'd blame Yelp for this, but the sign in the window on the door clearly says that the place actually opens at 8 on Saturdays, yet it still was not open. I won't be wasting any more time trying to figure out when they're actually open.",3.0,3772,1,0,0,0,1
mZmxGjZTNo6smLESIgCQ8A,s8ASIP7o46JqyvtD5hoXFA,yNgoDfpG20TwPx5U07qs3A,1,"It looks nice and cosy, but the service and staff are awful. Don't expect a smooth relaxing stay at this place. I would not recommend this hotel to anyone.",1.0,4716,0,0,0,0,0
-zHg-eP5X-B2zLNjZhzlkg,JdkI4qRXeQtp4Lt3qa6v8g,DKyJMM2209QrTgclzoCUpw,1,My favorite sushi spot in all of STL! Great and fresh food with amazing service. They've got me as their forever customer.,5.0,3855,1,0,1,0,0
VzHaUg2r_npzdDBkA8FBwA,QOjUk2EYTF_duIju7VEPqg,F0n-lzB9vqRLdH5Ihcs1Ag,7,My favorite place to go! Best manager and crew members!! Fresh food and great price!!  Highly recommend,2.5,2921,4,1,0,0,0
vUN7BpnmWcguoVwP0Nhy6w,jIhoextRSw24f7lgoxoAFA,YczHabxC8tHnlbHekjJuaA,7,Nice friendly staff been comming here last 4 years nice selection of frames as well also kind and courteous,4.43,3074,2,0,2,0,1
RrgH-IxezEDR06h_E5wdsQ,dcIMQveZpojXgPggygNDaw,nzMsAREnsFlsCHsBUwL2SQ,161,the food was good. very friendly polite service. not too crowded. (i went on a sunday evening),3.71,5434,202,40,63,9,1
9pCRbEb3WE0m16ZjK9Y7mg,jBQSNq4OEHiuPkoe3jdeMw,kK-pcrXr3CEnWP-ci7XXgw,23,"Great Italian Restaurant Busy Busy Place due to the Quality Food AND Service .. Totally worth the wait
Tell them Big Mama sent you",4.83,4014,20,5,11,1,1
qBy_jfnQrVXuK758cv3mzw,V7RiqhTFh3aEp5VZI_jq9A,7d_OgR-rNFMh0tScSqtegw,12,We have team meeting here all the time! It is quiet and relaxing! Thank you staff! Honey Real Estate Team,5.0,2438,8,3,4,0,0
3jD7uixITNLPAc4eDezjfg,Ll-K5LzXGzATlr1cHDOi6w,3NdRfVpi3-tfk9vdiJ_F7w,14,"Great location.  Amenities closed.  No bar, restaurant, or cafe open.  No discount for lack of services.",2.93,4144,5,2,1,1,1
sGkNWU7tPTKZAmtCqKAEUg,k4ofcFMQ-6djkenpxtpWtg,4coB51ePFPrWND0uic3g4w,27,Found them on Yelp. Awesome!!! Beyond fantastic. Professional. Fixed our Jeep. Inexpensive.,2.94,3004,28,4,1,0,0
rte7oGbKQ3uyB8bgjPQ-AQ,vy0IlrE3Zl44HwxbsZhh2g,mGC1Y1DSWO9Nkg1aF9sqsA,1,"Very good food, right price, not a franchise, enough said.",5.0,4836,0,0,0,0,0
DWW5uGORPQT1Wvp1CMR91A,qiBAL_VZX_Roy5QTbBVPRA,oiFw8lJrYUZ4zrffWwWiBg,46,Nice little place. Easy parking BYOB with liquor store next to it. Good menu with lots of choices. Fresh Fresh Fresh.,2.33,3505,36,10,2,0,0
Gg16KtGT2HNHw9PVDCnk-g,fgoKunnbBjSwaNg2igp47A,RUXWCVeTj-v7Lqp7EWfYnA,1,"I reckon this is the greatest restaurant on earth. Come here all the time and am never disappointed! Always a great meal, big portions, and the staff makes you feel like part of the family! And the live music is always a treat, and they're super nice guys.",5.0,2863,1,0,0,0,0
dN_DvbqsnfaQ8yxgsPFUww,xogUfZCvHRLOqAUR-1HpFw,RG7Wq0Y3bppFhxHdeYIZHw,2,Sushi bistro is great!!! My favorite sushi restaurant in St. Louis by far! Fantastic quality fish!,5.0,3613,0,0,0,0,0
i1FXqrLBvwsN0aBeP5hsqg,mRaGVoYAxL49rknlA4JRFw,lekpmrVopRSaId-ZxrNVHQ,3,"Looks crazy from the outside but seriously, BEST BURGERS IN NASHVILLE.",3.25,5372,0,1,1,0,0
qK1c3QzxIXE5agQ_tk05TQ,3haiXmpAEQZY0s2fUzxaVQ,49Gyz-LD9MxTh1yzbYiOhw,50,"Awesome, clean, open space with ample seating. Oat milk latte is smooth and delicious. Heck yeah, Menagerie Cafe! This place is fantastic!",2.52,5225,82,20,13,1,0
EVRnyJwQP7qr5qu5yILoXA,g4FUzn4imLywh4T4qT6grA,yf7iVqLh5tQ6xnQw9IA1Kw,1,"I am not usually one for writing reviews. 
 Having said that, 
Without going into great detail. 
Save yourself a headache or several and keep looking.",1.0,3686,11,1,1,0,0
KHY_Rtu9CFmgOuLW-uKxBg,T9n6TKhnkqwh7u3a70O-pQ,NJAaelH1GE9DSC03eO3miQ,48,"Had to make an appointment here because my regular eye doc still isn't seeing patients because of Covid-19. I was so well taken care of by everyone. From the doctor to the ladies running the front, I felt respected and comfortable. I would absolutely recommend them to anyone.",3.78,3834,26,1,5,0,1
tZ_KboynL7BmZX7Xs60-nw,KupOHwsh8aHAJWTAuUTClg,hUl_zNzmwMd8TD8pPL81pg,4,"I've had authentic Chicago deep dish one time in my life and I've craved it so much since. Pizza Amore has been the first time I've been able to have it since, and let me tell you -- it hit the spot! This pizza was amazing, and the customer service is awesome! I'd recommend this place to anyone and everyone.",4.0,4137,1,0,0,0,1
919HzMrbGO3QQsqzz2vujQ,zC2XD3JgkcTR62qRpaWigg,z22MXGNyk8L2rOp0213cWA,19,Very happy with the accommodations and staff. We are close enough to the attraction without the prices of being in downtown.,4.35,3898,8,0,6,0,1
KHk21AIqlhIhi83PatguYg,7dBtBteFmlcgXnqUifTSVw,f5KbR9Ty05qgJvFbMm7fjA,1,"Absolutely fantastic! The service was great, the food was delicious and well prepared. Everything felt like a fun and fresh take on brunch!",5.0,2884,0,0,0,0,0
hkN3ph5GdfedzOPbhRLbeA,ZBnVle3nHRQ3NEerVN99gQ,EXYbKA1tocvOK_1tXxZXLA,1,My Cousin who came from Shanghai told me it is so good! She asked me to rate the resturant 5 stars since she doesn't have a Yelp account!,5.0,4055,0,0,0,0,0
40pCcxYHALsbYO8n4hkbFw,u4oJta5qpuyH0P_W25naHg,dfyQswk7HE12d9GxE9XP1w,33,They allow people with domestic violence history to live here and get into fist fights. This changed over the past year. I guess they decided to loosen their requirements of who can live here and several of our new neighbors have been having domestic violence issues. I've had to call the cops four times over the past year.,3.73,2788,8,4,3,0,1
Lkd7u8KUr1U-AcmuQIIpNQ,th_t7aq87x6UxjEQLbXeOQ,SwDn4LYC7uzQMmIz8RMBBg,61,"Asparagus chicken was decent. Arnold Palmer came with a handy cup of sugar water. However, 3 of 4 of us thought the fish dishes were sad. Fish tacos were perfectly tasteless. A disgrace to Mexican food. Despite living only a couple miles away, will probably not go back.",3.62,5527,58,10,12,0,1
533erG2hd46v_UTj_HZZ6A,QjOlbVfRaQ6T5U6i-6JAOA,akcSEXJ3IDtiuLXsoBtJMA,12,"Excellent acrylic nails done by Kim herself. She was open to looking at photos I had of nails I liked a recreated a set almost perfectly ! Her technique is excellent, prices are good, the atmosphere in the building is fun, and the experience was excellent. Would recommend for anyone who loves gorgeous nails.",1.63,2558,10,5,2,0,0
0AEQ0tZAg7DN3FRj8vao2g,lRtXdriKq2BEPjn-76NGpw,h8h1QvEQruTkBI50NlWsyA,1,Fantastic local restaurant with the atmosphere to match.  A must for anyone visiting NOLA.  First class food and service.,5.0,2946,0,0,0,0,0
VNTEr4nIFHgfKcAEyodpFw,oq9yxYTs0662eBSjlajGfw,-nlRc8jUpZ-IubCyvNq8xw,15,Got the elite wash. $39. Very disappointing. Took car home abs vacuumed the many spots  they missed. Poorly cleaned cup holders and dash too.  They do a rush job that is not thorough. This is my second bad experience here. Wil not return. Just not worth the money.,3.4,2252,6,0,0,0,0
WdrgGBLuKAKxD4s0hlIRrQ,zsnOyEeNpzscqqc35Y8pcw,HQYCwGVhgp2sahAATJbnFA,44,If you really love this place then you haven't ever eaten at a real sushi restaurant.  The California roll I got (I was scared to order raw for delivery) is basically grocery store quality.  The chicken dumplings are ok but allllll I taste is ginger.  Expect what you might get at the mall if you go here.,3.17,4989,37,5,3,2,0
dRryiP-UCCiLiJPxT5oSSw,rMSPeHkKQQmzVT_o7ppo6Q,ad73iVhwnR9GVR-uVsQqSg,1,We are visiting from out of state went in there to see if he could fix my glasses the temple was loose... Besides being small and crowded people behind the counter didn't look like they cared about their job I walked out before I could even get help I figured I'd go to a bigger business .,1.0,2526,0,0,0,0,1
tEoZpMLUnrK8oxq_qZ5J7Q,vOAso8tUBpEV4bSH0XVVtw,lKU_kljhbEQKIPaM1Zbqiw,3,"SO GOOD! Good service, AMAZING food, and such a cute little romantic atmosphere!",5.0,4188,2,0,1,0,0
qrtTfElxpuPnP_BqbqwNdg,0jA878nOF2-jU5_BNaIW-Q,M72GCSiw35hvB4_2mbm5Pg,6,Such a hidden gem!!! Food and service were perfect and the atmosphere was charming and authentic! Highly recommend the Jamaica waters and the Machete!,3.67,3998,4,0,1,0,0
L1JpSef8zmam_f3kkvWQ_g,jDBzp-nTX2SBp3m8t0B59g,cVFjnwuSmDKfIudiPHmkPw,10,"Love Dunkin!!! Great coffee and the customer service was great. Very energetic, enthusiastic employees and quick service.",4.7,3147,4,0,1,1,0
tCppZbUfj8rZpx_ZrrXC2A,d1QjUXw9AjUhyLEwyhnd7w,kVhJkwQfMRAB14pUv-XfSA,3,"TERRIBLE! Don't waste your money. It's a shit hole. Dirty rooms, disgusting pool and you can't breathe due to poor ventilation. We will NEVER book Wyndham again. If you stay on the first floor, your room will smell of the curry they're cooking up in the restaurant inside the hotel.",3.67,2366,0,1,0,0,0
9F61apDj4Nn7fXhUu7EeDg,QiFXpxjt4Thak0s0JW1oaQ,9-W8_gKJ-tRPr52TFKFNWg,8,"This Burger King has got to be the worst. The WORST customer service. The WORST in the world in order correctness. The WORST!! Stay away. McDonalds ,Wendy's and Taco Bell are all up the street. Just spend the extra 5 mins to go there instead. Thank me later.",2.75,4366,2,1,0,0,0
mqx0wuipajBVkUjyp38Xfw,fBae6_pWIsv0e4lizFfYSw,z7px9R_YcgrpYejaRBSu-A,13,Basic breakfast choices. The food came out quick and hot. Prices are reasonable. I would come back.,2.44,3714,20,13,1,0,1
Qg9N703fg9DCooS0DXWXrg,gFqpgRYUSQMmFNSLyqN2lA,h7TO_IsmLCYmKKDVOOIeFw,10,"Good taste, for both food and atmosphere. Foods here have good looking, as well as fancy names.",3.09,4262,10,5,6,1,0
gM9FkHvq0xWxXSlYhs5B_w,wxuCfrgodKAKKyZgQxViLg,LrgEFIt8nfATC1BFcTT7aw,1,Never one to write reviews but this place is the best. Joe always does a good job and remembers what I get every time. Would recommend this place to anyone.,5.0,5628,0,0,0,0,1
QHJtHYBea7lESGYBp9IGuQ,Qa2NoSc6DphQArihBgY9Gg,ZCkc45yLiM93rWxroR54_Q,1030,"Sooo happy they finally opened.  They haven't exactly figured out how to whole grill my whole grilled onions, but they'll get it with time.",2.94,6570,4718,2957,3366,65,1
3CX3T1MkTgQgw68ap4fRvA,JdP8pSbfD18-7RkrhY8PUA,JLixvCikc5JYGcnvaqHoJg,3,What a cute little venue. We wandered in after hearing Mr Joe Kennedy on the piano. Drinks were fine. Clean and fun. Thank you.,5.0,2255,1,0,0,0,1
0XRPLPkaCXoyD9a2qDwnJQ,JAGD-ikemTtEu1v4YDOGng,cE_gYW3CHEducTkEyxTDdA,151,"Very popular local spot in Hyde park. This place is always busy and good for a quick bite. But typically is very busy, loud, and crowded. Service is always very average and food is overpriced for the portions. Things add up quickly for what you get at this casual spot that is hyped up far more than its worth.",3.95,2282,195,20,117,4,0
817IAWXqsKQBOjS_n2iKvg,pzHzW_UaaHjRJY22cy4W7g,ww-fKGfc4XJHOAxDH0ac5Q,9,If you want good food and excellent service come to this McDonalds. You can tell that the staff here actually cares and tries to get orders out as quickly as possible even when they are slammed. I would recommend trying their new burger the smokehouse burger.,3.0,2539,0,1,0,0,0
NxwRMk-Hmjbr0QOOGjsOtg,iwFMGl8METGGb0U8kLF5oQ,qYU_cLn5cEgqa-dsqsHbqg,1,"AMAZING!! 
My boyfriend and I got the Power Bowl and Protein Bowl I think they're called? Hands down the best food I've had in awhile. 10/10 recommend!!",5.0,2421,1,0,0,0,0
cqtDIrAaEG7_wspwv5AJKA,U0l3_ct4_r4BmNo9lwO88A,7VgOHNhhXYVd-k2oOVmVlg,169,"Not sure how this place is still in business.  Great location, but its not worth it, walk or uber off campus.  I got a gel mani and the gel was peeling off that night.  I asked for my toes to be square shaped and I do not think they could be anymore round.  This place is also kind of dirty.",3.08,3361,70,18,18,6,1
U6keJzR2i7FL6aFuhqpF-w,yTrCCCR2U23sQf7XqGq9GQ,QHOim2XPDxt_752IDXvmrA,1,Everything was fine untill we got to dessert. We ordered dougnuts and the inside was not even fully cooked ...the doughnuts were raw inside they didn't offer anything to compensate us or to speak to a manager about the concern. Highly suggest not going here!!!,1.0,3389,0,0,0,0,1
BX6_4Ro5gk0WjbNS1R-slw,xE8KmQOGcMIU0R37XbwiQA,G8JU8WDH3Ny8KLF-YVpB1w,50,I know this hotel has changed names recently. You would hope the  management would step up the customer service. I called the front desk for 20 minutes with no answer the next time I was put on hold and no one ever picked up again. This will be the last time I stay at this hotel hotel,3.53,5153,88,37,30,0,1
lRUNpra2gENAhJ14tD-nCQ,rIULvIolZ4v30SI8F4Pu9Q,4_VDvhKpKSsj7jZYdocZYA,389,"Been here quite a few times, small but it is a BYOB and most of them are tiny - its more cozy...reminds me of places I've eaten in Italy.  Food and service are good, don't like when you substitute but there dishes are really good the way they are prepared.",4.04,5350,757,249,415,41,1
_2uZvbQ35aGHhCD5RnZ-Gw,0EwL4YSlYDj3NcVdILTV5w,p-dpuP1njOW2e0MlnHJDGg,2,1up is one of the best places in Reno if you're looking to have fun they have really good bartenders and the best people there always a good vibe,5.0,3780,0,0,0,0,0
CqAUD1Rllu2tDrz7eGiuiw,9bUQQr2DZy3u2PDEpfLC_A,URp-c4MOFJPLsfES_JBmBg,32,Great pizza.  Great staff.  I drive past a half dozen other places to come here.  My favorite pizza place on the Mainline.,3.24,5117,21,2,3,0,1
1pTZdcQlPrwWSL7O0vueQQ,1OAo4d4j7pSxGGI_Y6yr-A,izTuxH4Lp0bVVDTMEUsdqQ,149,Great little car wash get the whip looking fine for just a few bucks and vacuum it out for free,4.25,4880,78,23,20,2,1
PSBp3PUSbOOrCUg7lTZIvg,TQ_y-_34MRxgapBV5deNkA,EGrTTitdQsRTglHdb5loEg,10,"If I could give them less stars I would. They have horrible staff, very rude and not helpful. The actual doctor was extremely impatient and also rude. The girls at the front desk don't seem to have been trained. NEVER GOING BACK. 
Really great and affordable places in Bellevue.",3.64,3604,5,3,0,0,0
e8vaEET4a2o-Uib_j4oo-A,Y4VgWEBopCkmBSDxxGFP0Q,iOvSTM49ffb4umPtCxb7SQ,34,"Way better than expected! Comfy bed, spacious room. Continental breakfast here we come",3.56,4882,14,3,5,4,0
d223KuJIKW8vCJT3sPxSGA,KVbMZV-XJPSH9wXEwuXIaA,RxIei9FPswrqWNbOrvvAiA,426,"Pretty good so far, does need some upgrading though and not as clean as I am used to.  It seems one other toilets are always clogged.  By biggest pet peeve is the young man who works nights parking in the handicapped space by the front door (silver VW) - doesn't seem to have a handicapped placard or plate....",2.69,5293,1495,813,589,27,1
4GhZLyOWXZMR184fBEAqAQ,WnbfHMKJu1rudcJmnp5Xrw,to6rjQskEIczYUxCSGPh6g,2,This hidden gem was such a great surprise! Everything was so tasty and it was such a cute spot. Highly recommend!!,5.0,3960,1,0,0,0,0
x2aErO34_y5Q-wtnnwRnew,ZAML372eRdIFS_XzwH40oQ,8voMje9Zf6Li_FKVha4dLg,273,We came here and really just got great food and great service. It's definitely a great place for a good Italian food and great ambience!,3.8,3949,143,27,65,7,1
UNbh3VJsCjjWH0SqePTJHg,sXHWmktQ75Seq2NW35L0cA,MUTTqe8uqyMdBl186RmNeA,1,"The hostess greeted us warmly, but the waiter treated us so cold that he completely ruined the dinner. When we ask him questioned about the rolls, he answered with unmistakable contempt, very short and quick answer, no smile, aloof. We were shocked. We won't come back.",2.0,2884,0,0,0,0,0
FbGCSXsC7Qgs7p3NddVevA,Ne4ebQ8fNVFZOX8G1UyNbQ,1UNxfibGfkq2U1rHfPV0Ng,7,Sorry wrong clinic - couldn't find place to delete,3.29,3976,10,0,0,0,1
4UDFJUoPmcOShh6IxJoIFg,srDw7cmTLX_zu_6QixuO6Q,zNkp7ummquKwGPiHi6X5Zg,2,"I have been with Seven Trails for close to 3 years and love it!  The staff is always so helpful & kind.  Maintenance is always checking in to see how things are & if I need anything.  It is in a great location.  We love being close to the park, kiddos school & activities.  It truly is a great community!",5.0,2239,0,0,0,0,0
Y8TsKIz9Ys3VrKos3RBDnA,xhNsGP1sxYiTK9FPvl7evg,AZAufb7VkqH2_08uotZMbw,39,"This is a home grown Mom & Pop shop.  However, they pick and choose who they want to give fair prices.  Quoted 80$ for the check engine computer, really? On a budget, just got a basic oil change.  They do implement their own credit system, awesome. How do you qualify as a non Hudsontrite, lol.",3.58,3338,13,10,3,0,1
8Voz8lvgkSIWbvT4_YWpGQ,VwAVktorIAvKoiF3AL2Gfg,zeAfmYy9b1gfUJLRBHm6vQ,1,"Worst, most flavorless eggplant parm, pasta & veggies we've ever had. Everybdish was worse than bad economy class airplane food. Just awful!",1.0,1720,0,0,0,0,0
FVEFReGK6eEXD01-S7du_w,aBo_xIuoMrL4VCepX3Ae8g,Hi2ADMI1_BEahkXRP4lcjg,91,Fantastic food and great service in a charming atmosphere. I can speak for the quality of the Chicken Parm and the Salmon - perfecto!,2.95,4087,54,6,2,0,0
qCVBpfbZ4ZvQgnXz8sRQSg,-kWEEsRznSOkqQkd7Inmug,uWLFplSCk3lI9rf84ZDwUw,8,We had great service here this morning. The staff was energetic and friendly. They were happy to help us and even brightened our Friday morning. The food was fresh and our order was quick and correct. Way to go McDonald's!! Way to make our breakfast a positive and peppy experience.,4.63,3638,7,3,3,0,0
kVxshIJc7hXqCmc0PMjMcA,Vjhifk35om7wbrtVHsBJIg,jLn69WQupjsDKrbPw_nlGQ,44,i want to take a bit of each topping and a bit of each flavor of yogurt and cover my entire naked body in all of it. that is how good this place is.,3.57,4929,79,105,33,4,0
X__MypZb_6EYUR32G95qMQ,Vhynf074SOdbVnjH99OPiA,mu6WYU41XocrLaPsH8y73g,118,Last visit the produce was already rotting.. this trip the produce is covered in fruit flies. Come on!!,2.75,4974,188,29,18,3,1
Cw7ANm7k-VEx6q-5UuSosg,Ob8ZfQnEXB0UxzYaDsUi8A,tbAonEfkzYL7RDcjsznTRQ,5,This Dunkin' regularly serves hot coffee that tastes like it has been cut with water. Pass this location for a better one!,1.8,4491,13,3,2,0,1
gMvJdTzSHe4o8JwdfkFUhw,FqoY8Sa-ewVc7D9wf0XEkA,aDSXWJcBh94m9KPZ0X4x4w,3,Best sushi in Indianapolis  my husband and I's new date night spot! Everything is so delicious and good! Definitely recommend for anyone who loves sushi!,5.0,3404,0,0,0,0,0
os097qtgIsxwBYYxaD1M6g,g-Sl5ZMrOwbnIWXKxT5J_A,VdNMMHEFPBx4qnAjAhiKjg,9,I love their zippy chicken sandwich with cheese fries. Whenever I buy this sandwich the roll is fresh and the hot pepper kick this sandwich up a notch.,4.6,3713,5,0,0,0,0
_oBuLJ4uT5CigiaM71WyIw,g6ekWKzZOmBl9J5aKrFURQ,zXCB28oFHB3SFNPKIDpdfw,363,"Wanted a reusable cup but they said out of them
On the upside my drink was good and I liked the sprinkles.",4.82,2879,107,20,61,17,1
Kq6emyXcZDNx_h5GAv2Ejw,e6q8qvPi3UEa-Wn9E8yuew,y5B42vKzpv2jbwRSfsH6pA,12,Best Chinese food in the whole state! Every time we visit Indy we always make sure to come here.,2.0,3127,11,2,0,0,0
NbjOMIW5pN1FZBQZ1HiQ4Q,24FWXtLaPBCe0F7OfW2Kow,wFES5bGDiPANW13hNHnXOQ,185,"This is a GREAT place, small with a cool atmosphere. I loved the chicken curry press box, will be back for more SOON.

Heads up, they do take-out but some reason don't have a take-out menu... No idea why, management if you're reading this, post a take-out menu for hungry Yelpers like myself!",4.14,5106,289,89,135,21,1
FzMT8tBEecha_VjM7NlIAQ,ejJ0L4jqC_Z8zq3Or6r9WQ,KkVxCv2tp1w9Z24vNb7mUQ,14,"Great family owned local business! The owner is an absolute doll. Their menu has food, ice cream, and pet-friendly treats!",4.5,4875,21,1,5,0,1
vY3BfoIYJCKukAnPL2xbtA,9EqwvR5wWSbUVtPSgvRnRw,WB-eQAgw88fbr15eY761CA,2,It's good to see that North Korean food has arrived in Tampa. Terrible quality food. From the microwaved noodles to the hot chocolate cappuccino.,1.0,3247,1,0,0,0,0
tMPeaNw89G3qLcU3rU8yrw,AWtpMObUIkkmJxObHelgWA,crfi3f9kQOUyqW5njfVSHw,137,"Not a bad location. Better than the stinky one on Oddie. I mainly just use the after hours drop box for deposits. The times that I've been in to get change, the tellers have been nice. Parking is a bit of a hassle if you're driving anything bigger than a Geo Metro.",3.65,4697,457,124,271,10,1
mgvW1KvEsmOaZrU4zhjj8g,Vp4BcwjknceU8Uc-3KPGWQ,z06GXcZzBZ38BDHW2LVu1w,4,Came in at midnight. Took 30 minutes to get through drive thru line. 30 minutes. C'mon.,2.25,3792,2,0,0,0,1
16u1ta0IVnCkJ9Dt0OH52A,NDgnCt4jK3Z-TGz2kKhydA,M0tKGVhgtgFWHhQeztuafw,49,"Room 107 is next to the mechanical room - very loud, odd noises coming in the middle of the night. Other than that, no complains - typical Residence Inn.",4.1,6700,28,3,11,0,1
0iEfK8sqrQQSisPhq-czCg,QJ1NvqlNJ2WCQvzFh-KVHw,j99PtxlKTW_u5alE4jiqHQ,5,Hands down the best food I have ever tasted! The overall experience was nothing short of amazing. I can not wait to go back.,5.0,3582,0,1,0,0,0
kNRsiXWY9DSBLcACOoLZ8Q,IhO8Rm8OkaUqmwyMEzumEw,eKLDuhhPhA6Cii9q8FAZcA,3,Delicious and reasonably priced. We also really appreciated the free delivery. We will definitely order from here again!,4.0,2966,3,0,0,0,1
kHuTfEl9s3vXg8Qcf-XMgw,-jJQl8lKSgT6pnpBAFhTTQ,VqBFrv6StMLgZmO_nCtk4A,50,You get a lot of food for the price.  All three of our meals were loaded with salt and not very tasty. The staff was super nice and very accommodating.,3.44,4722,51,11,15,2,1
hGt-p-yVN9umJ2Otl8F5jA,U_lASChyp-J-t-wSlUQYMw,_Ap1-i22R-Eh6vTubYA_3g,44,I drive from St Louis because Dr Baker is the best. That location is worth the trip. He also spotted holes in my retina. I had laser surgery for that.,2.9,5112,17,2,3,1,1
-f-hskldyWl-iKKmp_PKgA,btyLw5zgHB357-BG20mJww,9svAtGS29ILNTN0eYdi3UQ,17,"This has got to be one of the worst Italian meals I've had.  Also,  they do not accept credit cards.",4.33,4381,9,3,2,2,1
s0trKEnUexOd50dYUbCLyw,S40_n_h8WqJ2Zp7vgapkaQ,Jw3mUNF9_ZiawPDZryUdcw,1,"Great spot with good food and a spectacular view. Our waitress Screwzy was an absolute ""10""!",5.0,3275,0,0,0,0,0
pBak1Egi5IxE_CpcR0lgvA,lf1dHazzwF7584WZjBBdlA,-Xxbm1tA093OrErL_MIk7g,35,"Awesome, best hotel in the area. Staff was accommodating and helpful. Rooms made up nice, no major issues.",2.98,5163,105,16,21,1,0
Vbtbh52XEqP9GMIBueTB9A,kxgHftVFmfLpSSsHCq3z3w,3adRzd7opYta2SKWYyro5w,2,Wow. So yummy. Speechless at how nice the counter girls are and how amazing the food is there.,5.0,2304,0,0,0,0,0
eci6XZVzM3gZbjQl3KYF8g,SUTfWcBU0kIUZ4xKqmsd6g,JBskaetdufFORtH-onSKdQ,8,This is our favorite Mexican restaurant around! Authentic dishes! Great service and friendly staff!,3.67,3381,0,0,0,0,0
kToy4UxKIjEhtkr4-OGVrw,z6Sja99-PQsKmTxx91PTyA,WkcmS4_R6iCUdxuNEEcM-Q,1,Great food! Chicken chimi smothered in cheese sauce. Yum!! Lunch portion is only like $10 and ton of food!,5.0,2751,0,0,0,0,0
X1HpO1eLGFuyqZd42Low-g,xf5S9gZ8PVGd_Ybh9IWq-w,DTyeAYLV9YCc4mG5XTorTA,3,I've waited almost 20 minutes for one cup of French Vanilla Coffee and when i finely said something about it the manager said everybody is called in order. I've watched several people get coffee that was in line behind me. I do give props to the cashier she spoke up and said she forgot.,2.67,2891,1,0,0,0,1
Y4Dy8v9-ESMSCwCIim8_gg,l5g5Wk4Jxw3ARBNegbMEyQ,RPLPto1ejkyE8vsGOV5phg,2,"Worst fast food experience of my life. Rude. Delayed. Disorganized. Of the myriad of things that went wrong during my dine in visit to this location, the blatant rudeness and disregard for basic customer service was by far the most appalling. DO NOT EAT AT THIS LOCATION.",1.0,2853,1,0,0,0,0
Ahe6kH2ciPpX7nPsgKk74g,CURVKqNVvKmJvrEYl32m-A,gy0NuW7nzIuZNq3lLLlgzA,2,"Love this place. Great location, great service and great food. Loved our waitress Olivia!",5.0,3682,0,0,1,0,0
ZZeawcSayRAhhFsOliq2MQ,h463DWR3KspiCHVO2j25mQ,A_NePtoarX2JQUztwJoPMw,13,Best nail salon in the area. Quick and friendly service! I've gotten both gel polish and dip gel manicure and have every experience has been great.,2.2,3890,7,1,1,0,0
DcVn-22DUM7BPtbVoyBeSA,R1CP9nkNTn-uH_0QBlTicA,CEIW_zYI3OoDojGIBqMf8A,7,Second time getting lenses & frames from them & will probably be the last.  Why does it take 4 weeks+ to deliver a pair of glasses?  Tired of the excuses.,1.56,4389,4,2,1,0,1
-APe3rmZpa56-B2jnm2BnQ,URf1TPoo6w6xlI1mjJvfTw,15hcLfY9J-4rdTlIkdK0fg,10,"Meh!  No better than grocery store sushi the night we were there. The wife and I ordered the Valentine's Day special, and it was slapped together  without care. The rolls fell apart and had way too much rice and not enough fish. 

I have had good experiences at Mikado in the past, but this wasn't one of them.",4.5,4751,4,0,0,0,0
ny7CINMry1xaRFqODux3Ig,fwCZhnk9vjflpcbIfLQkSg,GPlK-03dk90VnFXbrFRNxg,6,Hidden costs! Beware! 17 dollar Groupon ended up paying 52! Would have saved money going to the dealership!,3.83,3360,1,0,0,0,1
RpNaqRcREfHgOOttp-sUgg,iZzngjpPq_QDJBElkd6-9w,f3yKZ24U-j-TeJfOKc9gIw,5,Delicious ice cream. No sprinkles but ice cream was yummy! Staff was friendly and efficient.,4.8,2933,1,0,0,0,1
Sp6wPybceRSsLKB2fkFdaA,2mTtT5OCKQB69Uf2KKDYVQ,lnwjN23RJA1kjoOX0NNKxw,78,Hogies were good but overpriced. Lots of flies trying to get our food and drinks which definitely makes enjoying a meal tough.  Service was pretty quick but then again we were the only people in there for lunch. To finish out the outing the bathroom was disgusting and didn't have any toilet paper.,3.38,5256,28,7,10,1,1
NqK4hp7KBQu7rPGJgvH8EA,adRXb9XR5vB7v7_9NpfWZQ,r-lJC2K33taUgDngE1P0_w,1,"Cool place!... except the male bartenders would rather stack glasses instead of take my order. Waited 5 minutes, very patiently for ANYONE to notice me Before I made myself noticed.  This was my second visit to this bar and the bartenders have no clue on customer service.",3.0,3526,1,0,0,0,1
no-o05XIRq3-5zrTp39Vyw,kB4PnsPef21BVdtkXohNNQ,ovTOR6ci8a43WEWm_W7MMQ,10,I spent 3.5 seconds here and receieved a solid chai latte and the barrista was a rockstar.  Plus I loved the atmosphere.  What else do you need?,2.9,3408,9,0,1,1,0
QuVZGHYROl60gEksZWsSog,f-C9FKYtZQ0gDWne1Fub3Q,yGaOmH0ZryvdZu5lnMfA8w,6,If you want to stand at the deli meat counter and be ignored while the workers attend to other stuff this is the place to go.,2.2,5729,20,2,0,0,1
oDjIDGGobL8ZCXdFf9gs-A,ecGLcYkcEPYf6FkwcW3__g,Vy_3IJGcm7LuXv4q1UvC0g,73,Doctor Thomas and her staff are wonderful. She is passionate about vision therapy. Before any surgical operation for your eyes please be sure to get a second opinion from doctor Thomas. All the therapists are knowledgable and well trained! They are great with children and have loads of patience with each individual patient.,4.09,5867,163,34,50,9,1
c7ba-lKx55x9QkFwxrMhRg,nl_Gp_KwcA3qRfosfDFbQA,-CRjqZ4GxZ6lIa_qMj7-yw,5,"On two different occasions I have ordered from them and have had to wait more than an hour (a hour & a half actually) for delievery. Mind you I live 3 blocks away. When I called to complain.. They gonna tell me that they are very busy. They magically came to deliever in 10 min later. 

This place has gone down over the last year.",2.0,5241,16,8,0,1,0
6d-XASX7U5ieEfd3dXPgDg,Q11N1s5yjDDH6YV-juF3Fw,AsYatpyVqR2jUTOvs7W2_w,3,"Bartender keith kicked us us ot for using the bathroom 
Fun until that happened for no reason sober. But buying Drinks is not enough here",3.25,2629,2,2,0,0,1
nePwRlKXk2R4b8ieEH4_Zg,5kcLlhJPLJL_GLwrAdbZAA,Vnagnur1os0ZduOpvDH27A,438,"Good solid comfort food! Spaghetti and meatballs, cheese ravioli, baked ziti, and more.It took me a while to finally come here, but I'm glad I did.",3.76,5999,753,175,325,36,1
b3NwEQHOWebnbQ8enXk1_A,elXrYP1MpTMbuZDCb1g32A,K5glQlcc6BqWy_Cjf2FpHg,3,Sandy did my pedicure and I am thrilled!  She stayed a little late and did all the extras without me asking!,5.0,4818,1,0,0,0,1
mAwBhtm2t_4gnAKDAMbYHg,XlZ_G37ATfWNtHMBgaF6WA,tgPR-ytmb8Dz8ZGumhynqw,8,"I have lived in River House for almost 4 months now, and this place is super nice. The staff is wonderful and the rooms are surprisingly spacious given their square footage. The amenities are great and all the residents have been very pleasant. I have and will continue to recommend others to live here.",3.88,3538,10,0,2,0,1
c7DDde4Sclq3UGnfdaeKmw,eLIbbJy2mmjxMPAZbI93gw,LrMVQ2TlZyS82qTkDM9mxw,3,My job order a Pizza lunch for the work from home staff and the Pizza was really great  They ordered me a small but We could of eaten a large,4.67,3448,0,2,0,0,0
xs06t0Bu7klZBGmjZ0LD-g,e89yBp9E8eigdRwWfwktgg,lKU_kljhbEQKIPaM1Zbqiw,11,You can never go wrong with their meatball dish! Would definitely order again!,2.82,5652,8,2,4,0,0
NOitlsavI74VIAu0Dcluxg,9nKOBKE_1W5Q-5LoiBPFZQ,QRfTvxfYAGA6Hba_q2zy_w,28,"Took over 90 min for a 10 min oil change. They damaged a part on our car. And put the wrong oil in another car. And didn't put enough oil in another car, had to drain again and put full amount in again. Some cars were out quick but most took about 30 min because of an error by staff",4.21,5050,10,4,0,0,0
gZnhHoSSWMLze1sDiKNz6A,J6nEMqXNLdxHH7A0D8Al0Q,PzTnZPaDVLMXkFl6EQfULw,9,It has been a year that I moved out here to Runnemede. Luigi's is the first pizza joint I tried and I am still afraid to try any other place haha!! Staff is super friendly every time I call to place an order. Super accommodating! You need to try Luigi's Pizza and Family Restaurant of Runnemede,4.0,3266,2,0,2,0,0
0INJ1kKMZ7lPxheqLNmHNQ,qfwm9Hcv-ZNwqBDHfvsJEA,-FZYb_CFhjOZIVGj1tRB4w,79,"Clean rooms, the doors were a bit confusing and they seemed to be in the way a lot for me.  The beds were comfortable, but I could not adjust the heat in my room. It wouldn't turn down and I had to turn the air on to get some relief. The hotel is very close to cypress parking too!",3.74,4888,39,7,4,0,1
lr9genI6_KkruBuQBhRoqg,pLY4l56NIyS2sFPQykkmzw,xfmXbvTrtmfGxySJQ2TRXQ,1,This is my new favorite place to get sushi! It was so fresh. The ambiance was great. Overall wonderful. I hope it stays around for good!,5.0,4268,1,0,0,0,0
e82yr894xuZPtJxJ68rg-Q,dpDX8C3LAimnDooLbmflgQ,leeqk5PxdKHJDZgh_pz90A,4,This is the best play for glasses. They know what they doing. They fit my youngest child amazing.(no one else has been able too. So so amazing. Oh and my husband has glaucoma and has many issue with glasses but they had him cover to so not only for little kids but all kids.,3.0,1556,0,0,0,0,1
kc1xjWN91Zlid6mOom-tKw,qjFy0PAwc4EO6sWXq8-ofA,EGITUFVLb87GRKapMtZg-w,6,It's been awful the past few months ask for a iced coffee with liquid sugar and I get regular sugar even though the sticker says liquid sugar or if I ask for extra cream I get a black iced coffee with a extra cram sticker hopefully they can get it together soon....until next time .,3.67,3937,5,1,1,1,0
G9SUwbq44NMGj77k3WGDYw,v7bG9u0v7L_2M4YMHfJjtw,2uTT4-ZY21p_Py4pmbrbTg,1,If you ever had good sushi (not supermarket) then you will be thoroughly devastated. We should have left when we walked in and we were hit with a bad odor. The second clue was that there were hardly any patrons. Save yourself some misery if you really like good sushi. If you like supermarket sushi it might be bearable.,1.0,3289,0,0,0,0,0
aZHu-bpe_uY22jKSMpCQRA,uCG3QD-HbVtG7fZA8Mx3Mw,mNO9pUXwxP2VgOhXIPOdgw,5,Every morning I get a Venti Vanilla Latte and one out of  three times it doesn't have any Vanilla in it.  When they make it right I enjoy it and have a pleasant experience at this location.  But I'm done getting up early to spend $4.95 on an undrinkable beverage before work.,2.8,5037,6,0,1,0,0
WSvisG1ONiDdR_xS_9tERQ,ZaV91iy443iMFWiIrLGIKQ,mRALAZduUGa_QBAyxQ89HQ,1,The wifi is shitty and beds are small waste of money hotel bar drinks are overpriced and bathroom fans do not work only good thing is the tvs are kinda nice,1.0,4757,0,0,0,0,0
yxVuYGYWGEYAwWIEkjxC7w,jA7zKgH-hy0-uJoLkY4kRA,kOSRvn8QdWcE5x4dYxSkpw,7,We had a great experience here. It was very clean and the employees were extremely nice. Restrictions and lobby were very clean as well.,4.43,2589,0,0,0,0,0
L4dzzBvviqAb8vai1mEt5g,g_-L5h0B3JRIKLWJLan_-g,eJBrB0XMqIzOaVgKNPGTww,6,"Don't go to this Wendy's if you actually want fast food. Tried several time because it's close to work but no matter what time i go, even if there's no one else in line, it takes forever. Used up my whole 30min break trying to get a burger only to have to go back to work with no burger",3.29,4415,2,0,0,1,0
QjCERmIA4v0qltwd2KovgQ,01EpQo4fVmnCKjyg9icuRw,KT0RgXR9RPNeX2a1xhv1Iw,18,"Aside from a nice neighborhood, what's then point of having a hot tub when it's cold as heck after 40 minutes of warming up...also a little frustrated with the one working treadmill, a squeaky secondary treadmill, and a dysfunctional elliptical.  Aside from that, all is well.",3.83,3505,15,7,7,0,0
OHmk11HGudPHEA9WnEtiKQ,B6cG3i52V1kaWqS2GyVZiA,nBtIu2PasIHzlZMD_v2nfg,194,"For an airport spot it hit the void. I gave it 5 because it has perfect view, charging station at every seat and the server came around often to check on me. 
It's an airport. Look for something to fill your void and know it's NOT gonna be cheap! $15 for a double cranberry vodka. But worth it for my travel!",4.09,4207,276,94,163,24,1
5iI5PcUVQ91lJWzVvlPw_w,QEDQjxeq4am2FiJlJRITpg,DKyJMM2209QrTgclzoCUpw,1,Workers are very rude and rolled eyes at costumers would not recommend eating at this restaurant CHIM-(rude),1.0,2628,0,0,0,0,0
vpzCzP-B_51ehUqx4vKzrQ,WI8lEn_CB1GhWya-bPmSvg,Ma8ea6PO4Azlx5cWy39h1A,15,"Great car wash, friendly staff and very clean truck. would recommend A+++++++++++++++++",1.67,4760,12,15,3,4,0
LXiRQqncamOZ-Iu-Kcb4hg,PkPNnQGgBMkKqDEa_Cp_7g,nbxFr2d30dYRWXy1rc0agg,2,Great service! And awesome food! It's a great places if your looking to enjoy a good meal in china town.,5.0,4779,0,0,0,0,0
5EYdnamVDnLi-5jEbBjKgQ,HpeOq_Ontz0DLfyxxlAQ8g,6P7MthfuntKbl2ZE2CCbAQ,1,"Pictures of some beautiful nail designs!
Newly renovated and a whole new side add on to the salon. Fabulous new pedicure chairs.",5.0,3041,0,0,0,0,0
qqkLO3EQPVphtbWpSqT2_w,9Y1YkloHk2MAE3hkwYdFKA,rLiG5i1Ct2q8qEbqZWwG4Q,634,"Got to love the staff and ownership!  Thoughtful and dedicated. Came here to taste a variety. Treated fabulously and served beautifully. 

Nice setting. Comfortable!  Many options. Take advantage if you can. I appreciated the dedication to provide a consistent quality product. 

Baked goods...all local!",3.65,3958,1053,187,474,47,1
QWZiBOtYWiVWoPKijwYM4A,uDMF5xl9iweAb_voUnW0Hw,oLjp9PSKDWcW0tn3_VZn9Q,1,"People here are very nice, but my friend and I just got a fungus on 2 nails each from the dip here. That's never happened to either of us before...",2.0,3057,1,0,0,0,1
qtVrn6DuyVEsG_U9C_Jwxg,qAy9Mk9OFnVNL7aKqdnI2g,LCRNYDu7Fgph8f0CnKDJgQ,1,Love there Alfredo and there salads! Great chicken Parmesan and gnocchi! The service is wonderful! Def recommend Vettures !,5.0,5644,0,0,0,0,0
jyFqYd1LejUQFiiU0Te6Kg,_9qGWXPtC-EYQulTgXImmQ,dJ8AAGs-Hodc3dC9YFj-uA,34,Convient for after work or lunch run. Small but always stocked.,3.44,4326,13,0,2,3,1
_0nwzpc69g_ZXmA50VnSfQ,cP86_UM0ZL3s5yTmC0R0zQ,MbHR-RByapVGl33VWneAAQ,121,"Yogurt is fine, typical you'd find at this type of place, but prices are insane. $40 for 4 treats, most less than 1/4 full .. I've never spent more than $20 for similar. We won't be back. 

Suggestion - get Frostys across the street at Wendy's for 1/8 the price.",3.65,6331,463,71,160,6,1
1rc46b4z3KMXVm4TWLwJSw,aRmlNtU8D0HI_5EGrVs9qg,vVLLNrqhvrkVXfIIW9Etag,52,Nice variety of food and prices are fair. Everything I tried was tasty and well made. Great service as well!,2.24,1926,214,25,12,0,0
I7i7SWD7SQ3M956B8_5x3A,GG01OLopEP-ygm2mnJnJbw,cB_9eHHfo9me96cZup-lZQ,15,"What an amazing, fun, cool, beautiful hotel. Best staff, great rooms, quiet, great location, amazing bar with a great band! People that complained in other reviews about not enough coffee cups, or lights are to dim need to stay at the best western! This is New Orleans, not Sunday school! STAY HERE!!!!!",2.41,4127,26,9,2,2,0
JGcPda4EdGYiIBuIag56_A,g2TjD9nTwY0HucKgiBO8AA,eznriqn0sKt0D594H5OCcA,6,The steak tacos are amazing but definitely pick up your order and do not use delivery systems.,1.86,2568,7,7,1,1,0
7ULSKPiv3QND8mraLd3UJw,m7Quu7fCCLsoJM_jpK8LNg,_BreSZ3-mTEJYqJ1Ot7Akg,35,"They are ok. Just aren't the same level as some of the other shops around town. And way to sweet, might as well be eating a spoon of sugar",3.68,4524,63,4,7,1,1
Wf3hKwTdt5TTEdhsetz9xg,6cXRaXSdHteO41-3bSZaYg,MQivsxEWhhdL8ARzO3jA8Q,1,Awesome homemade Italian with great service. This place needs to be packed out and kept alive through the pandemic,5.0,1576,0,0,0,0,0
cEXQu6sWVzGlZYDOwhCSBQ,3iJlR7ZD69pf6be34lDpxg,MQ5AbyTEk6IW3lG4GuLutA,415,"Good place for the money. Clean and comfortable rooms. 
Quick access to the freeway and not far from the convention center and Lucas Oil Stadium. Breakfast area very small so we ended up across the parking lot at the resturant there. 
A little confusing to navigate the hallways.",4.62,3975,293,59,191,8,1
QX_qXW5q6bA-gkpvqf84Rg,d8FwfuFM9SJA3kU_cIQ3aw,Vnagnur1os0ZduOpvDH27A,501,"THE BEST ITALIAN FOOD in the area!!! Now, after going to Italy - this is definitely where you can get your taste of authentic, Italian food without going to Italy.

I absolutely love it here. Everything is delicious. I've had their garlic bread, mussels in red sauce, spaghetti and meatballs, everything.

YUMMY!",3.76,5613,545,127,194,18,0
gqX0-kF0YhIerF-2HKXLBA,uFQcf1dGYgT0008GPvVQkg,ERuy9x26QrzqVwP1oFSObQ,2,It was good in a proper amount of size in plate and sitting outside was so awesome i cant complain but admire the service,3.0,3991,1,1,1,0,1
J40HPjIKap1_3hiEubY3aQ,VzlX5LJ7__pl6AaBWBiw9w,OjvE1Tz8AifCJOv6nx2HiA,743,"Comfortable beds, free WiFi, a decent free breakfast, and friendly service. It's what you expect out of a midprice hotel. There is also a workout room and a small pool. The rooms are recently redone and you don't have to search for an outlet to charge your stuff. The microwave and fridge are a nice touch. I would stay here again.",3.95,5958,2285,744,957,49,1
ez69a3lm1h1UtJCoeDQtMg,bs5dGtIc0LC5Xlk-j98Vgg,5kZtETKu37RuwHATrB4a5g,73,"I personally have had a good experience so far. Although there were a few problems scheduling my appointment with a personal trainer, my sister and I got a sweet deal on our membership; we got to split the cost since we live in the same household. It can be a bit busy around 5pm but that's a normal occurrence at any gym.",3.87,5381,83,21,36,3,1
USzErhRx9ZaDmEyaJC6dnA,k9DRGpEx6kZkVPJHIIcYPQ,2s1e-4t_35JfQBXAluqqzg,2,Lmao this McDonald's is bad I found a hair in my food the last time I went their lmao but the food was so goood lol lmao,3.5,1480,0,0,0,0,0
qM29zw4z2vpsyb5dPzN0kw,N2dacTY2e4Z0gOfF6GE2Fw,ZOTHFfEDQl-0y7zWoWGvKw,230,"We get take-out or delivery from here when we are visiting my in-laws. Three words for you: Orange. Peel. Beef. You can thank me later. I am also a big fan of their hot and sour soup. This place is above average for take-out Chinese food, and the staff is friendly if you feel like staying.",3.78,4467,416,165,247,14,1
I5Iou_EReJl-l8ZVzCM0Hg,dQ-BiVDeeJH2-OBFJaKMpA,3xJ_6qxRA0sdUm3ThCPiCw,1,Not good. I do not recommend this restaurant. It is very loud. The food is not good and my plate arrived cold.,1.0,2288,0,0,0,0,0
hUUwsZBvHHRzLNIKZAtAdQ,2lWUTRW-LF9TAwxXgS4fZg,Z4ERIzhdyduAew1O5KUvXw,28,"Excellent Pizza, cheese steaks, salads, etc

Nice new location.  Friendly and efficient staff. Food is always great.",2.36,3440,44,23,2,0,0
OZ2v5ZJbGu1GXhcdkDiyeQ,QfYfU37oHMdwnOYHib0ukQ,Yu8S-WSQJ0SX5oOHGE1reQ,1,"傻逼老板傻逼店
就你这种店不垮才怪
妈的你他妈全家都吃撑了

SON OF BITCH",1.0,3493,0,0,0,0,0
rHwsrAkQmUgJFQRxTeGhnQ,5_igwVXdvmfZu7PjaRT0Tg,Kk8sIQGaYCA-SQjgDZ8pBw,81,"Excellent sushi!  I loved it. Very fresh. Very kind staff. It is definitely BYOB. 

I will for sure come back. Awesome!",3.93,4526,134,21,26,5,1
3v84cEzk41STiyezHlT3vA,mtDsCM43bFuH-UBmdZNl8w,XLbh-HlT8Hgh9VTvVZJrTw,6,"This is one of Santa Barbara best locations for a complete hair saloon.  It comes highly recommended.  The folks are friendly and hair artists.  They will turn your hair into a master piece.  My hair has never looked better.  Jason is a true artist. MAKE SURE TO GIVE THEM A TRY, YOU WON'T BE DISAPPOINTED.",5.0,5706,7,0,2,0,0
M_6HJdWvM-FxS8O9ZvOHuQ,T7M7OskdIqI-Ubbb_Uwb-g,8IH09z76lZh0ij_-lu-Niw,6,"This place sucks. Apparently for you to get service in the place, you need to give them your info, and if they have availability, then they call you to come over and have your car fixed. Mind you, I booked an appointment online and the guy told that they haven't fixed that issue.",3.33,4333,2,0,0,0,1
VMyJffXDrr2QTFeQbI6MaQ,0ETWeRAnC-N7mcyyjj6aNA,RxIei9FPswrqWNbOrvvAiA,17,"Nice gym, but the day price is definetly not worth it. There are many gyms with similar traits that are for cheaper.",4.29,3039,18,11,23,1,1
l9kxp4DOkmGtTc3rXAVNdA,nn7FqAMAsnGuJQc3Lhcslw,n5i09tgSuzv9ZeIN9Qe5oQ,107,"Amazing amazing food!  Like an orgasm in my mouth!  However very very pricey!  Worth it to me but I know people who would not come here for that specific reason so just want to put it out there. I had the oysters, pork belly, and New York strip. Never thought I'd like beer humus but WOW!  I plan to come back tomorrow!",4.05,3489,62,6,28,0,0
IyEclVlLL_kK8iXX0srgTA,J2cAX54bweUgBLLbXCO4Nw,3lsE-1hRI526KHKbeytPcg,4,Never order from here... Was charged twice on a credit card statement for food that never arrived.,3.0,4133,1,0,0,0,1
wsHNVElw4VDRiwjsP4Fpwg,vvvhr74Umu4IKkXY8_Pgxw,AzseSGgDC6bVtMPEYo1CNQ,18,"The ice cream is so amazing!! It just so soft and creamy in your mouth. So delicious, perfect place for ice cream!",3.95,4183,14,8,1,0,0
5MwYL9j8DO43LK-19w1SvQ,azRRGxro_p2IOWDPeWbK2A,K6hAv8V2cTuXQtU3VHAD6w,3,We absolutely love this place!  The food- dee-licious and the delivery is always fast and friendly.  Don't hesitate to give this Bella Vista gem a try!,5.0,4727,1,0,0,0,0
IPbwxu_dV2tuN2OzSkfVQA,l3doLD0LMmOktbS_n_Up-A,GmX8VRPm6U_AUDhVYNrasQ,1,"Worse experience 
I got there and sat down and was told to sit in a chair, next thing I know the man was yelling and screaming and then he told me to move over there and he was gonna work on my bio so busy tell him I want to do that a young lady came and help me. She was nice she did OK but I will never go back there",1.0,1476,1,0,0,0,0
Ukex6hyKPOLJUwXpdiM6Eg,ZggF8avWLnytvvC6TgQmtA,F0a_Aa4MfqWUH7HHGYRtbQ,1,This place is clean and good customer service. If you go in any time thy will make good sandwich.i don't know people rated bad for this location,4.0,1931,0,0,0,0,0
WMaoBYKpbI5ZvGx79rtPgA,DHuOwQmdR3xq4YrwFeIX6w,cGOsIdt5PYmBADVkOUR6-w,3,"Food is great, portions are good, and the prices are very fair.

I'd highly recommend to anyone in the area looking for great Chinese food.",5.0,2547,0,0,0,0,0
QL3UFthMaScbRvby7XNo8Q,asF98pMpL-h0GFUqJEAWsQ,8UfgD5UJ7EdjNIsjmVGOrQ,8,"They have an app !!!  Ordering is so easy !!!!

https://play.google.com/store/apps/details?id=com.mycompany.pizzaheaven",4.0,3706,13,1,0,0,0
qPx0K5TIvhvEWPoYpCJz8A,1AQ4dlvbo3ncPCnT0RzhJg,QIu7xcoe9UnuZNsEhMDJKw,2,Great gym. People are very friendly and equipment is well maintained. Nice layout of the gym floor.,5.0,2400,0,0,1,0,0
RPryfK0R1j_GUuL16mygJw,ppyGrwNhpq_PJASM4ar5OA,vy_rin8cRkzrUSmcVpFpJg,120,"I sent my husband here for his birthday and he came back mutilated.  I was angry that he paid for his shave.  His face was literally bleeding in 7 places and more razorburn than I've ever seen.  The owner gave his service as well.  

It was absolutely unacceptable and they should have been profusely apologetic.",3.87,6668,204,45,121,18,1
oJP4ckNuoXNBi7X2O0exEA,vi6mqCFZitRwo_I85Osg5g,wvNFqRE-zEb95tMHcl4Wjw,10,This place is my fav bar in the neighborhood. The bartenders are awesome so welcoming and polite. Food is really good at perfect prices. Just a solid bar.,4.25,4174,4,1,1,0,1
Y0MWnjaahZq9qap0A31Xlg,FvBjKyPl2o1G6cVrJb1nUQ,KXzprGJnoTOzXVpRopj4MQ,3,Best ice cream shop in town! My family enjoys Maggie Moo's more than any other ice creamery.,5.0,2253,0,0,0,0,0
4ljy_Y0YOY0FUlX6QLtLGg,razUB7ciYZluvxWM6shmtw,DX3_ZHbtsl705f0CnHd82g,141,A very good example of good coffee and great wakeup wraps. Drive Thru is open 24/7 and the egg & cheese wake up wraps out of this world!,4.64,4700,64,28,14,0,0
mjYx8ZjakbJCzXohQNjsOA,mqf6mXky7pAkUVy0QCOoLQ,BDaAnSySdwNO3CE8YQSmFg,17,Just meh.  18.00 breakfast was majorly lacking.  Few options and what options they had were just meh.  I've had better breakfast at hotels with free continental breakfast.  Won't eat here again. Definitely with the trip across the bridge into CW for better breakfast.,2.89,3657,3,0,1,0,0
L4gRBdS6CrHIPXz0VRYqQQ,kXwal2rtfrZW4xmoEifPpQ,WXVb0_TPSNGjqRshykMY8Q,3,Employees are amazing!! & super welcoming all around clean for a mcdonald's.. best mcdonald's i've been to,3.67,2756,0,1,1,0,0
q0qxDNtaglrTUfne-DwJRg,yyRHTKNe00oIRLES8CMrbw,Ylc02u7HhDj0mnxeGt0y5Q,1,We have good time enjoy the fresh fish!  The service is very good! There are a lot types of fish and choices,5.0,2745,0,0,0,0,0
8SXs4q9M1qt2rYGICtKzxQ,XPyQdMD9JGnYOXV3JRjHlA,wSacmuwjiNWEgyfqtIroHg,2,"Amazing quality! Great location, and very friendly service. This spot is a hidden gem, would definitely recommend.",5.0,2909,1,0,1,0,0
B1K2cqhWYOA4EgX7dWG01g,5fuKp0xaMO5uCe2ObmyTAQ,G8JU8WDH3Ny8KLF-YVpB1w,285,"About average for a Marriott ap property. 

Restaurants here were decent, nice bar area. Omelete was a little undercooked but the buffet overall was good.  I would stay here again as the rooms are comfortable and reasonably well appointed.  Good value for the money.",3.22,5865,446,113,123,3,1
rkWOonREYW_gzV81woJsHw,dsMRD3SpC-OohD2jaFlZKw,C0j0V6dtOK2Q0OZLTs-Y3g,1,"Poor management! I would like to speak to the owners of this place! Lazy workers, always playing around!",1.0,4465,0,0,0,0,0
1um9aHJl1l6HVXNXi5iAuA,LKjYfdRx_HTKS22YWcKpsQ,Q6f1uUd6fhBTkNB42Gsbjw,4,This is a Great ice cream spot but special occasions only kids scoop almost 3 dollars I don't think so!,3.5,3397,3,2,0,0,1
SN0P8WJVMgm2w5h-WWR4hA,X1GYq_aoe42jCa4Uny_OoQ,n987t0rdBmhRbY9gYXCAjA,31,This is a great place to stay! Rooms recently renovated.  Staff are friendly and very helpful.  I come here to this area several times a year and have stayed here several times!   Always very happy with my stay!  Thank you!  Bob Evans is next door which makes getting meals quite easy for my grandson and me!,4.94,4018,16,2,5,0,0
BZgqO3hFP3RZCxhsPiMIyg,MJJkQ6bW9_x4_kh2sXvLDA,FQskkrIuNMKRCQJuokI8gQ,48,Best ice cream! Was traveling for business and came back for round 2 the next day! Amazing!,2.78,3792,42,7,7,0,0
0HBtFiss2U9fghJU3eXmNw,W8tV6aZsqXEEOQ_cLxPSZQ,SYjwqAXVSXR59mqjLEy3mg,1,"Awful selection, people, and overall service. Employees were unnecessarily rude. Would not recommend anyone shop here.",1.0,2272,0,0,0,0,0
q5q5t5KeMbmQ6wdzDapjQw,zOZR3F-fLi9oP5_PHFlqeQ,Jq65KuNzC_Uee3TJB9Xv-Q,42,"After reading all the good reviews, I went on to place an order for 1 large pizza, 10 buffalo wings, and a large fry. 

Buffalo wings was trash (undercooked), but the pizza made up for it. 

Delivery driver was disrespectful. I ordered through Yelp and tipped in advance, so I couldn't take it back.",2.63,4473,75,144,24,3,0
6fRuWxOHSm8sBPbBh7b_7g,EIrkHIH2nqWXuFTukBa4kQ,cE_gYW3CHEducTkEyxTDdA,62,"First time today! 
Awesome vegetarian options. 
The ordering service is different, but the lunch came out quickly and delicious!",4.34,3387,20,2,14,7,1
QcebOpYrAe26TN9rGKjh_w,E5fyfg_-tZ_Zsh3Kd4rjJA,QHOim2XPDxt_752IDXvmrA,14,"All I can say is food and service is PHENOMENAL!!! Popped in for a casual date night. Got some specials in appetizers and entrees. Boom. Shawn/not if the dead was great and personable. Every recommendation was on point. Will come back again and again. Shout out to chef Jeff, formerly of le bec fin. I can eat this food forever.",5.0,5356,16,1,4,1,0
xcmm3S9Lr6IgT0KQGmc5vw,LouFaSkawWa42dh3-8_yXQ,EGWv78OQgeqfi4lXThlP8A,16,"Posted on Facebook - ""Closing as of dinner on 11/23 to consider other options"". Sorry to see it close-I really enjoyed their food.",4.12,5224,12,1,0,0,1
BZg78UVfGFFBhuvk-LRHCg,OQDrBA1luyOWhtRdni11iA,7YZsJLbmUFTgy12q7ARq1A,3,Best cheesesteak wraps ‍ and wings are great.  Also the pizza and I love their salads as well,3.0,1483,0,0,0,0,0
5b6CdwBRE4A2t9zE86lDNA,Tn8iXFhLvKL3N5oxGI1Qww,42GQCdKn3HH9mesZftQHKQ,107,"New location, same great service! TV'S at every station, beverages, great atmosphere & great mens cuts.",4.73,5148,145,28,63,3,1
yVhKjJ5vHWwXwp6Ha4fXjw,sq6E65VxL7ruNcUd9OZjQg,Z2_-rlxyXQsqcGXChydhlA,55,Amazing steak tacos!! Very authentic & reasonably priced!! Can't wait to come back!! Gracias!!!!,2.6,3611,32,9,0,0,0
20fR1dZWx6DAdAmfg-3FYQ,2fWMTXLNI8me38FTjvLrdQ,fcGexL5VH5G2Xw0tRj9uOQ,63,Really good pizza.  Fresh-made tomato-y sauce.  And they reliably deliver.,2.9,5407,53,10,8,0,1
sVttmhQzY69PWf6jLLn3bA,1hRqjWJwfiWNO_4nilYOaw,3xW7Uk_12K8qSdBctcXySA,14,Who ever works the window needs to get another job. Not only was our food absolutely disgusting and inedible she was rude. The tomatoes are rotten on the salad. You can tell by the taste of the food and the color of the fries that they haven't changed out their grease for frying in a LONG time.,3.33,4798,2,0,1,2,0
F3Fh5Ht5-KyFtlL4ycp1mA,xrCMF1dqMDNl-A5kXw5ltA,2yBV8OI_blNnyfk6zZQDrA,6,"This has to be the best Chinese restaurant in the USA. The food is fresh and amazing. I feel that they make the food with love. You can tell that they love working there.  I love the chicken broccoli, general tso and egg rolls. The service staff is very friendly. They are so nice. A great fast food Chinese place.",4.5,1933,3,0,1,0,0
25t61iAJ-nK3roChqapeDQ,FGS-sEKpYoQdoH1myshD-w,Kk8sIQGaYCA-SQjgDZ8pBw,1,"Kabuki Best sushi in the area ,the food is delicious and good quality sushi  . I love that it's BYOB. the place is clean",5.0,4467,0,0,0,0,0
aoh3HVVfliicgNRCFki-cw,Gm8-nl1GlIQki2R0J_vhSA,ASO_DSdqBbLzj6er009hNg,7,This is a salt bomb!  The food was not fresh.  The wait staff were very nice.  The food terrible.,3.57,3543,2,0,0,0,1
4qMC198Hz_9rElb5OGRiWA,lHjaZV_aMcf52ZUTcMCQog,VBMa4OzfJVTywLU9fu3p2g,120,"Went in to view a double bedroom and the young lady Kiana was extremely rude and dismissive. If this is the face of your complex, no thanks.",3.71,5238,70,11,33,3,1
0-Bol5tU9FQt--_3VF0xew,SmboeoI8G0fqoSeS4pFs5A,lhsQkb5nhf-Kd5OvgB9MNg,1,"will give 0 if it is possible

food is fine
service is too bad

by the way
this place does not allow pet",1.0,4090,0,1,0,0,0
z1x1zBpVQmqCW6_IUoeLGQ,WVUpRHzD6kgjCyVca_cXBg,jRpK8oG_8QKaPGaaKiCyng,5,"Of you are alone for lunch not the place to go. No personal pizza, pizzas are $18 plus depending if you add ingredients without drinks, fairly expensive for single lunch running into mid $20s. Ended up having very small salad and cup of soup $10. Won't return.",2.2,5538,0,0,0,0,1
CkZKangX6UzERao2499qog,tj4f7dbf803UjDejrs7eiQ,5SnaNLKnPrD8caGsZbKcRg,77,"I've been coming here with my mom since I was a wee little girl. A wide variety of Asian fruits and veggies and of course tons of sauces and other random things that you may not be able to find at your local grocery store. Of course, with that said there's definitely a distinct aroma in the store but nothing that's gonna kill you.",4.08,2890,46,9,23,7,1
ayE-IOrqGAvhBK0G831HrQ,1tECKQWpgxrf2PxsApPQvQ,9dianBQPj-vqeBqvA3w24A,49,"Update to my review (thought I had updated this before!). The valet service refused to pay anything for the windshield broken while in their care. They kept saying our insurance would pay for it. Uh, not here in Texas! We were out over $225!  We will NOT be returning to this hotel!",3.92,5531,16,3,3,1,1
6E-4vqBmia9v5aZ-hspGRA,pH-Q4DrNqN9hfUhlASBTTQ,clwjLY7PdYJpe7IP9lrqEw,12,Excellent food.. great staff.. over all great place to eat. Margaritas and steak fajita quesadilla very much worth trying,2.31,2012,4,0,0,0,0
fJAg7VWurND2F6pzgIToww,-pRT_qnbZGouvqC-If_rog,ohhlDePMQN0_fxok5mtVrQ,2,"What a gem of a restaurant!  My husband and I went there today for the first time. It did not disappoint! The food was absolutely amazing! Authentic Italian food at its best! The service was equally impressive.  Cannot wait to go back and bring friends and family! 
Molto bene! Delizioso! Grazie, Mannino's!",5.0,3505,0,0,0,0,0
Qd7D0Aqbvnvwtn9t-KLFRg,-vayv8OminLN_PHiiXvOxQ,0yGH62WGQy_W3JoR6L5Kew,1,"Best ice cream in town! Loved all the flavors , but Strawberry cheesecake and peach petit four in a fresh waffle cone were so good.",5.0,5212,1,0,1,0,0
Fmx2XGZgeFZzYQbbfxc13w,e90Lt3_MsITcgK3h-ZrwgA,cVFjnwuSmDKfIudiPHmkPw,4,Brain mark and Robert are the bomb they made my coffee bangin and have the best service !,4.0,4452,1,0,0,0,0
w2J1u3phu1dFJb-htW-fGQ,raX4PpktZC1Cnb-6cUvrGw,JLixvCikc5JYGcnvaqHoJg,7,Lovely bar away from the Bourbon Street noise and chaos. Wonderful drinks and great atmosphere!,4.0,3954,4,0,1,0,1
Kwr1zlXDHrePr_0n4mb1Cg,plmXyVWxJ5rX4wZnHCJVUQ,fpOtiwTmRUClczuTVNqyQA,1,Was a great place to live! The people who work there are so helpful and friendly! Couldn't have picked a better spot while I lived in Nashville.,5.0,3421,0,0,0,0,0
iTbxDHpkOwjwwWAwO_zOgA,88GVifHe80CSaFPDeTjUPA,KRYZlZubQoZ5TXsgwB20hg,3,"Only comparatively, it's busier, but not nearly as good as China Garden, across from Home Depot.  1/3 the filling in Crab ragoons.  Less than 1/3 the meat in Hunan Beef.   Both were very bland.  A red pepper on the menu suggests spicy.  Nope!  Hunan is very gentle at both places.  As gentle as teriyaki, with less flavor.",2.0,1550,1,0,0,0,1
YCqnDPlVSOasFYuS2wb1eQ,tGcb6R-iWzd0dhgV6QA6tg,CATqJGCwqj2YBt2yp8BXHw,12,Great pizza!!!!!!! Best sauce and crust!!  The staff is very nice! They have great tuna hoagies and cheese steaks!,5.0,3214,1,0,0,0,0
CNhNeUo5e6Zk5dr3eEZpVw,iiKI4VpvC67X5TJV_4HzBw,U8TY8RR3Cz5FuJ1Sbedb-A,43,"Can get pretty busy in the mornings but that's typical for a donut place. Always eager to help you, they even make sure to have a good variety of donuts fresh in the evening. Nice local place I take my family to from time to time because I know the place is clean and consistent.",2.65,3163,24,9,5,0,1
bbRGoTmOXUYkUUY0a6xQkg,aPnPvjtCCRs6DKNfZvLeSw,hyqQrok-ZwXUASBVLGWBuQ,1,One of the best sushi place in Nashville! Love their Takoyaki and Shrimp Tempura Roll!,5.0,3710,0,0,0,0,0
AFKUDtbZ2f5TNJVPvHDVew,vzj9FLQwxNpQfy_24C8mxA,dJfkfBbJz7wi0RgW-ph_Eg,2,"Great Sushi Restaurant! Excellent Prices for Dinner and Lunch Specials!

Great Service, Staff was very helpful, Sushi Chefs were great! Everything was delicious! Would Recommend to Sushi Lovers!

I would return to this sushi restaurant the next I am in the mood for Sushi.",2.5,5949,6,0,0,0,0
FKzG3aYZ4ekPz1JsW6g9_w,qxhvbt2dmk4mz0eMoFqtNg,or0TwZY2wj2Nk_xZwgOWPw,3,"Never again will I go to a place that waits on 2 other folks in-between my time of placing a order. Don't care what the situation is you can wait on them when I'm done making my order.   Sad thing is the manager saw it and didn't do a dang thing about it. 

Next time I know to never come back and waist my time!",3.67,3980,0,1,0,0,1
KoQJuECPHvcwgP0_dbRRqg,0VVT4micIiwL9tNIGYiUnQ,AJMH4STQfS9at_hU0PGQ7g,4,"Nice resturant, friendly staff. I had the Shrimp Scampi which was good. I am interested in going back and trying some of their other dishes.",4.25,3756,0,0,1,0,1
7sn-szZFS26CnS1ylpHV7A,K6V3KA_e_g9gBSoprN3mwQ,YmF6Bh0MkjW5qci5KI6D2Q,4,The best bar in America. Literally the best food and the best bartenders that I have ever been around!! Love this place! I will be back!,4.5,5059,2,1,2,0,0
pCDBhuLCVGiCmgXgD76GCg,rS8b685ufP2YuVBbskuCDQ,4wtnllSQsAr-JVJW0N7BTQ,1,Horrible food and horrible staff. I cant believe this place is even open--everything needs alot of work,1.0,3014,2,0,0,0,0
3rB-pq7KGezwLhNppMGkrg,24tBrOb1lFSrVY8YVkV8sA,2KjXarF28RIn7_APW1b7qA,2,Hands down consistently poor service. Today I sat in drive thru and was ignored in my lane while other customers in next lane were waited on. Went inside told the female manager  who gave me a blank look and didn't' say a word or apologize. Avoid this location as it is always poor service and the food is never hot.,1.0,4535,1,1,0,0,1
fCoTl6EqHU0B6Vi_PK8vIg,W34_lZVWSnCwrVltmT0Bbg,BKdHppZ3APxm4fGiVcEdnQ,171,"This place refused to transfer my records to another optician, cursed the girl out who called for them. THEY ARE MY RECORDS !!!!",3.35,4830,438,98,51,17,1
xG9X2IV2BKOVUGHml6TUgg,rmR5NTeHo3iMuAp92Z7QwA,-r3NgzSEUuVjV9PLI-2ssQ,34,"Spider roll made. Deep fried with the taste of old oil, sushi rice hard. When requested iced green tea was told all they had was hot,suggested they bring a glass of ice on the side. Miso soup cold and served 1/4 of bowl side of rice served in chipped dinnerware.",4.0,4277,21,5,12,1,0
dxLYH619wEB6RE_ja_M1Gw,WaTQiEhMVMjNXqLxhRTZ5w,5drbv3fz5FTvp_Z3d3aPSQ,7,Love this place so delicious if you want yummy Mexican food go here,2.14,3151,11,2,0,0,0
3CSNe-Yew9HRHbQzPkg8gQ,RtnZdjfMC59-p2h0SqcO0g,KW6JoYIGpfA1cbTtuAzD-w,24,Always clean. Staff is very helpful and friendly. I had trouble with my monthly unlimited pass and they replaced on the spot. Best car wash in Camden.,3.68,3744,41,2,1,0,1
KJEeCFaCpEla0-n2YwxffA,WO2F0gmGSAaB6aN0ePZDxA,6kJXBe7cYeuGYn2k7sJqyg,10,"I sent them an email per their response and we will see if anyone responds to them waving the fee after misconstruing the like card being free when I never wanted it

Been 36 hours since I sent the email and no response back. Continuing to show poor customer service",1.21,3179,8,2,0,1,1
27RKJhzhaTa3ZQGopSeaMA,J6WxdZxIHxFrI3DxbWQfYQ,loWwfs0-r6BRgikxUN4hig,16,"Stayed there New Years Eve, 2012..the room was beautiful, however..there was no fan for white noise..not even in the bathroom.  The thermostat was broke and it was HOT.  With nothing to drown out outside noise, and the heat, we didn't sleep at all.  Also, the toilet was not clean...something brown and crusty on toilet.",3.71,4525,14,0,1,0,0
dGMHm-MvaduAgR_DoNRO9g,V8mwVtV0AO2tlLTNdmH0MQ,VOcGcN0bvGU_nzxbJgR5jQ,2,Food is good but the wait for pizza is ridiculous. I mean an hour and half for 2 pizzas? Really need to get your act together.,1.5,3572,1,1,0,0,1
jFI0RBSWcCVLD-QM3sT1_w,_ZdrsSQDaLe4Y6rIWua30w,F4Pk3sNtkPCYLColKYpuwQ,7,The drinks were good. But when you order and are charged for a venti I also expect the cup to be filled more then half way.,3.57,5339,11,3,1,0,1
GDdkZHW-dc-mX4fyNtU1Pw,acV9WaFq2jUoxtwysoQ2pg,yMLdnKqOErWTvaE8djPzDA,18,"worst starbucks , employees are rude and they mess up the orders. service is pretty slow too.",2.89,4295,10,3,4,0,1
pxRs80mb_aXwPyt3_5ZhMQ,W4VwSvSWmBCf3O4_PfIDtw,E_Yzg6j5fEBQ0ay-ZwzHKg,2,Great pizza! I would highly recommend this place. I'm alway in search of good pizza. I would consider myself a pizza connoisseur. This is the spot.,5.0,3413,0,0,0,0,0
77bSrM0QgVnAsVrqnW2JyQ,K1Oqix-_dsZjyZhlnFdu0g,_nqrmx5xKLQyrbmjhwiiuA,72,We got in off the waitlist....so there is hope even if you plan late. The food was excellent as was the service. Definitely worth the price!  We have dined at several 2-3 Michelin star restaurants and found ourselves comparing catbird to them. Just book it - you won't regret it.,3.99,4589,55,5,18,1,1
PtalTkBJIl0apiqYmimi4g,vQZodjaMP53jDVEvZhOh1A,VOcGcN0bvGU_nzxbJgR5jQ,1,Awesome! Best pizza in Santa Barbara and all of their other dishes that we tried were delicious. Apparently the owner used to make pizza at a famous Brooklyn pizzeria. He must be the Yoda of gluten because the bread and focaccia they also make in house beats every bakery in town. Go check it out!,5.0,2551,1,0,1,0,0
cPS-8eSwFrTNH8w6Qc6upg,K-vrlYvbW4hXX4e1tQfzyw,WXVb0_TPSNGjqRshykMY8Q,123,This place has slowly degraded over time. Disorganization and very slow service. Not a good McDonald's. Management fail.,4.04,4663,88,15,25,0,1
xi3vZmjZwOzR0jtTYtokMg,xLpVwPe0zvWghFPzM9-LRg,RfeNJDEt0AV9gPab9-A17Q,16,"Ordered on uber eats, stir fried udon noodles and some pieces of eel and salmon roe sushi. The sushi was fine, the noodles lacked flavor and overly salty. I ended up throwing most of it out unfortunately. I historically had great experiences here, I'm hoping it was a once off.",4.53,5080,9,2,4,1,1
YzWS-uRnsBrMpYHq77BpGA,_RkdX6UdooJEcZ4aTpktOg,6rzuiMOivqs6Qc3VS1ugGg,32,Stopped in for a coffee and burger.  Excellent manager on duty.  My coffee needed to brew and she kept me updated on when it would be ready.  I have been to many fast food chains and McDonald's usually never disappoints.  Would have been five stars but my McDouble's bun was a little over toasted!  Keep up the good work!,1.74,2463,10,0,0,1,0
rjF5QwDeShudieQmUA3zsQ,zQpWNadXSxPb9sxCTQVj5w,t1bLT6fQTKNhJnIlccVPFQ,3,"The staff seemed very inexperienced, and the wait was very long. The donuts were dry and tasted stale.",2.33,2588,0,0,0,0,1
MM7cXOK2OI35RYSNqAzU_w,VJ6Zu4OjUuAPc7hrEdhxeQ,9F9RxnKQ_oi0nr1ImLAZMQ,4,Highly recommend the Veal Reale. Very tender and served hot. Wait staff was helpful and prompt.,4.0,3437,0,0,0,0,1
eWNGFU29Dv_-6X3edDA8LQ,UiUs_D1nvSlqThqIkSpdAg,y98y26WYSZqYCLXH-uQRLA,25,"Good for what I usually get. (Grilled chicken breast on 6' whole wheat flatbread with tomatoes, black olives, onions, and baby spinach). Usually a little dirty/disheveled, and the workers aren't the friendliest. It's what you'd expect from a fast food restaurant.",3.29,3836,34,5,8,2,1
hCvHueP7zGh_aSTI6AnYww,Acl8y3tcQ-ha7K-BRVGnKg,bphzh1v0d23p53MROgxFKA,13,"they took me as a walk-in, contact and glasses exam, done in under 40 minutes.  decent glasses selection and mine were ready the next day.  only criticisms would be the generally chaotic situation at the front desk and how run-down the exam room was.  but all in all a good experience.",2.69,5469,6,1,1,0,1
Q3ZPzICCorGF4rxnO0S_pg,13ki4l-BgdrMv833zFHFrg,GEuzwtdp2DX9c9HyhOT9KQ,8,Really a very pleasant surprise. Each of our luncheon dishes was delicious . Certainly would return .,5.0,5353,0,0,0,0,0
A5FQ358xdmTAJFhe7PyNLw,9KQSiJi6kWjZKh72hFCaVA,TWc-JsAnv8fssj3nJz_oRw,33,Donuts are fine but the service here is very subpar.  The employees are slow and not well trained.  We ordered chocolate frosted long john donuts and they threw it into a bag which caused the chocolate to be smeared all over the place. They need to hire people with common sense.,3.51,2817,19,3,6,1,1
HJlSh8njXZPnOLcdDonydg,yNvH1uL3eBi1Pzrv_l8lzA,zEun4V7It5MWTIvqZmIlpA,19,"While on vacation we celebrated our 38th wedding anniversary, at our table of 6 friends food was anywhere between good to average. Food presentation was great.  
Service could of been a bit more attentive to our table, I was a little disappointed, maybe this is a regulars place but you need to be attentive to everyone.",4.63,4823,5,1,0,0,1
Dl56BFxalBW7AGC99aGTZg,MhXWfHAdVZ5ZMYBJVJtODg,wCXJVwhCt06HdI_HjyThCA,28,I am so thankful I found Andy again. He is amaizong job. I did a full set of On my toe nail and my hands he did a full set on my hands. They both turned out so well. I love qt nails and ambiance and the massage chairs. Cleanest and professional nail shop in Reno. Please come and check it out.,4.73,3273,8,1,2,0,0
qqQz4xEOGrMnOT7VDWmpvg,RzBejxLbtbMSCBRxOyzHnw,0VQPAz7GysqVFgARfjmQrQ,2,"Fortune Cookie is AMAZING! I haven't been disappointed yet. Delicious and authentic Chinese cuisine for a great price? Yes, please! Dining in is clean and casual and delivery is fast and prompt. I suggest the Shrimp Lo Mein and Orange Chicken! Don't forget the Fried Wontons and Hot and Sour Soup! Scrumptious!",5.0,3129,3,0,1,0,0
4KzowMGcYBLVtWj8CLAi1g,OQhtUvY2Ozi_4oroQ7wNxA,36dU0rj9eoWeInt1OmwYFQ,26,"I had my wedding here in 2008.  Everyone was great and the wedding was wonderful!  On Fridays they have all you can eat prime rib and pasta bar.  The prime rib can be hit or miss, but the pasta is made right in the dining room with whatever ingredients you want.  We make reservations, but the dining room isn't usually full.",3.46,5156,45,1,3,1,1
34lgwdQmpnyIK16dZH1MzQ,E5D_lhV2X5P9Hvz1BOhKQg,uTEvgnFfZk6s-apf1j5Dnw,2,Wonderful service. Excellent food. We will return. Nothing but good things to say about the yumminess we just experienced!,5.0,2357,0,0,0,0,0
YX3iY0_Ji775eUYkF9aozg,YULdFViW-wawAX0KF4j_Gw,ipyr8nMTPpiCC-i-vDOVEw,3,"Great car wash friendly people. Go see them today!
It's always a great experience.  They make sure I always leave satisfied with a job well done.",5.0,2961,0,4,0,0,0
0D4PS5Eql-c5HAgXFJesug,JwWJm-bJg1zkueH11UoW8g,h7TO_IsmLCYmKKDVOOIeFw,21,The food here is amazing. The customer service is great very nice atmosphere.  Good prices. I would definitely go back.,2.77,3890,19,4,1,0,0
AzNGLNfZgdPfDUICwHFlsA,l5u3zch2PCu0ut9R5O4kqw,NQhyMw8SOU1HB-V9X52CTg,97,"So after writing my review a month ago, I got an email from the service manager asking me to call him for a follow-up.  (Funny, couldn't he just look up my records and call me himself..?)  Regardless, I called and left a message.  No call back.  Shockingly amazing service!",2.92,5465,174,61,49,3,1
tvmAjUJRKgYeAy4lWaNzvw,7NIjog9yJjyMPQsfHEWTJQ,gABEjWGwhojrub_tXqE2uw,1,Customer service was AWFUL! The lady was so rude and not helpful. Food sucked and was cold and wrong order. 1/10 don't recommend!,1.0,2966,0,0,0,0,0
z0OXSrxGRYT21z-di94ikA,Or8US6v-SCLkrrWwt6tGYw,gksFCDvh5QKoSVIO7_PIKQ,8,"I went to this Salon and it was wonderful!  My stylist was Lacey!.  She was a sweet girl and really knows what she is doing.  She did EXACTLY what I had envisioned and more!!!  I have not felt this good about my hair in ages!!  I highly recommend this salon and Lacey.  I will definitely be going back!  Thank you so much, Lacey!!",2.78,5119,8,2,1,0,0
h9wxA6IPwewwiDGFAv63OQ,HU3sI_cVlceRYKlD0YnzrQ,YQD_Gm999Cthin64uLdOdA,36,"Don't go here, ever. Have tried the drive thru and walk in several times - in addition to everything always taking a very long time for fast food there is high probability the order will be screwed up / missing something and several staff members extremely rude.",3.73,4798,59,5,6,0,0
h7BDSHQzDBc_3aNuEdxUnQ,uIH2j5zoywYP-Yorz256OQ,k6oj-GJj3CJRpybZord6Kw,3,"First visit to this location was two weeks ago. Had an eye exam and was fitted for glasses. Was told they'd be ready the next week. Two weeks in, I'm still waiting. Every time I call to check, I'm greeted by a rude receptionist who can't wait to hang the phone up on me. Will not be using them again.",3.67,5843,1,0,1,0,1
AUkzGJARq5F6IVNzw5QRwA,bijvXoWokMJ2iwpSbjRf0Q,924EISziV0FYIfxHnwGRyw,5,"Good customer service and nice people working there but beware that if you go to any Midas for one repair, they'll tell you that half a dozen other repairs are necessary too.  Even for something ""basic"" like an oil change or fluids check.  I don't take my vehicle to any Midas anymore",4.23,4784,3,0,2,0,1
-XNsM67OPTi4b-F1Glso1w,Iq0AVCIulsgM3PLxitLb-g,3adRzd7opYta2SKWYyro5w,9,"Pizza with pepperoni was excellent,  big & loaded with pepperoni. Have been on limited diet in rehab/nursing home for a year. Rehab is next door to Angelo's, a friend called & charged the pie for me. Price okay. Will hopefully shame another friend into getting me another pie.",4.1,4422,8,4,2,0,1
TPwuw2TQtxDdB6FpFA1TWg,0YI3p9o-ntRgRaPWpfa22Q,6g2-9mUquEDYw8y9KHJTzg,1074,Absolutely infuriating that you have to use a machine to order your meal. Are the kiosk ever sanitized. People need jobs not machines.,4.1,5591,1845,164,598,27,1
089_ss8K7T4yJICynYT4LQ,yd7eNAJ1ZLf7sx6AVhLK-w,ZsgI8lk91_x1tUgLm9S2lA,5,I came here and the bank wants to tell me they don't have 35 dollars in coins for me as a small business owner for change,1.0,2244,3,1,0,0,1
2yrxX48hlVvxqFxyt78kEw,QmHWOGiz8z86uJufuwmebg,b9d9X2yhzxSVEbz_JIY_uA,3,"Great service!
Fantastic meal!  Cocktails amazing! Halibut prepared excellent! 
All staff was very friendly!",5.0,2301,0,0,0,0,0
_6jsWLVSNNwbvpNPIA6Okg,lXYKTNphSmjJH7M4WvvnEw,ZnAr0AxYpEYK1ZHNc4fk7g,26,"Absolutely loved this place! We got a private room, which was so fun! But their sushi was DELICIous! Can't wait to go back",2.46,4558,35,14,5,0,0
buYyMILw82jJv48PgTpLLA,ZDwWeEb_m5Tcl1poG-GtAw,jH1AttbdbqczQNpHorYH3g,14,"Great place! Went for lunch and had the arugula salad. The booths were big, nice menu and a BYOB! Going back tomorrow for dinner.",1.93,5484,18,21,6,0,0
qrf1GHpPBnikeJxYAxrIVA,3UGsMchn-udwMMwRZnlLQQ,koor4lFTK3S5-igKGqHalQ,1,Spaghetti & crab is absolutely amazing.. the portion is perfect and the house salad and garlic bread are great bonus,5.0,3059,0,0,0,0,0
6Hlb9QWCu4VQCeBi2MRDzA,cEQUda5Uotdh9uj7MwcCfA,ZVaEFKOBAGsQSn86xM0_UQ,9,I absolutely love this place! Make an appointment they have so many regulars! I get my pink and white gel nails there. They are always on point. I feel so pretty with these nails and I get compliments even when they been done for 3 weeks. Sonny doesn't talk much but he is a perfectionist! I will not go anywhere else EVER!,4.67,3690,2,0,1,0,0
CMC3xhJ6MbQO8r_veUgOxQ,xW8ZK1UtMQDtdws43rCiuA,RfeNJDEt0AV9gPab9-A17Q,10,"Meh. Tasted like day old sushi. Hard rice. Slightly browning cucumber. Low-quality ingredients. It didn't even look good. 

If I were you, I'd save your money and pass. 

I'm still struggling to find a good sushi place in this area. I'd rank Sushi Land in Bryn Mawr way above this one (and I'm not even that crazy about Sushi Land).",3.17,2909,4,3,0,0,0
FDlGSTPJl9BbsuzBEPQL7w,XW1dgu7kg1NUcOHemHrYRw,00AGVWzkxNLGb-7ZrwAOIA,2,The crab ragoons are amazing. Good size and stuffed generously. The general tso's chicken is awesome! Fast delivery!,5.0,4859,0,0,0,0,0
tkflDyr5KGLCW8FXkNSP8w,2tfKGIuTSEiPakKoeTOnBA,R722fDi0r2oamiWjbnRP2Q,2,i was in line for about 2 hours nothing else reallys to be said the foods still ight tho,1.5,1694,0,0,0,0,1
_xzjSS4DAg5JIOHZYDfxNQ,kv28_HChm4dEIKe5Qi5ndQ,4jGw7JXR56sRBlCK9r6O4Q,2,After being in Louisiana for a year I have finally found a place to pick up my supplies for Korean Food!  They had everything I needed. :),5.0,4855,0,0,0,0,1
rCCI4_oqJiTf6XgkPuyu7w,tH_t4mXgQYCFh6jnULOwig,7RinFVNZHfVbXofpeO0cjA,45,"I just moved here a week ago, and am very happy with this DD location.   They are very courteous and fast.",2.71,5176,16,1,1,0,0
pSY2nbVnQpCmmjTl-5XrHw,4Xcy75e-A4QpY3Wf6-mW_Q,YZ2pjKlr_pU4Vr6J9S3EZQ,4,Great place to go and get a bite to eat or drink. Always friendly servers and nice patrons.,3.2,3877,1,0,0,0,1
y7RvCyYn9FYhNNeGcSM1LA,nFxwEPS7MVgOaTTjqqYcBA,UvSX-22jnVnrnSeVwBKsPQ,1,"Love this friendly bar just off Bourbon st  
It has a great New Orleans feel to it 
And had great music the night I was there",5.0,3839,0,0,1,0,1
hahiLea4MEAnkPPOxLAujA,sKZbDRmjzVlpr5g07lJuJw,LCRNYDu7Fgph8f0CnKDJgQ,3,"Vetture's is THE best in town!!  Not only is the food authentic and amazing, the owners and staff are so wonderful! I wish I could give more 5 stars! You really must go!!  Let them make you one of their specialty pizzas or sandwiches, you will not be disappointed!",5.0,4366,0,0,0,0,0
60k1vdhfNT1ZlGGm9KEy5A,ap6r0g9XPANOgVMtLu8shA,7UCEKJGWBqeJ-L-DHw8Y8w,20,"Been coming to this location for about 3 years now. Never have I ever been charged extra on a free drink for my birthday. It's always been free no matter what I've gotten. This time they charged me extra for almond milk. Rather go to Starbucks where my ""free"" reward drink is actually free.",2.67,3501,21,1,2,0,0
PgTCS1hZFTWz7R_nULwSsw,Z0TWYlGUJZRrsgHktPIEYw,dMICIsutjLi0FOzgduuvug,28,"Sushi was okay, very small sushi rolls with very little fish in each roll. Nothing really stood out here. Even the avocado on top of the rolls was cut super thin. Also found an eyelash in my roll. Ugh .... At least the server was very nice. I think there are many other competing sushi restaurants that are much worth it than here.",3.67,3579,45,2,19,1,0
dVGzGHR8-17fZaQbowZARw,PYJ1wdfaPMOc1Iot_aC3iQ,DqqccE7z9veLPUzlrFzyaQ,44,I see the waistlines in the Havertown and  surrounding areas swelling already.  These donuts are heavenly.,4.53,4761,37,10,8,7,1
R-fmTHZY42h6raIOJQe0EQ,CCWDxdCfu-j6TE0WE6l17g,X11YbxPgqaO5AZy0awvQow,5,Great place! Has a nice sway to it. Nice customer service. Good food. Will be a repeat customer!!,2.2,3391,4,0,0,0,0
MiWI3b5PF0LC2dl1nf9Muw,I6Voc2e-m4p354AwTap_Eg,g4WzNohp7YOYv6-MEJiZJA,1,"Awesome!
Best Japanese restaurant in mid west
This taste and flavor make me relax and refreshing.",5.0,1652,1,0,0,0,0
TIvk7tiaamFbgDpk2MK7nQ,k4MRJOkb18QAfKMu4fK6wQ,uoeorCGGYUYDV8S2A8e8EQ,5,"Guaranteed fresh! Make sure you ask for Tim, but make sure you call for an appointment.",5.0,3742,1,0,1,0,0
tR5h_B4SG178pxN3OScLqA,SmBFDWuEd7HnfWDGRlyKJg,co28Isl2nsvX4-dd33R_yw,14,"I've given this location several attempts In hopes they would improve, but the staff is disorganized and confused. My last three visits my drinks were messed up and the team doesn't seem to know what's going on. I hope y'all can get it figured out because it's in an extremely convenient location.",2.21,2144,3,1,0,0,1
mdRd9fXbheYTxT2383jhAQ,HEky9jgu6ami1wE5CF_GkA,TWNEOxVavGOnu_mpO4zc4g,5,"Very clean store to start off. Plus its of the beaten path, never crowded. You can get in and out. Employees are friendly. This is just a grocery store. Just basics. But it does meet my needs. I love this place. Told my best friend and she is hooked. Glad your here and hope you stay forever.",1.67,3833,5,0,1,0,0
0-ELFWMkP0Ycz6xaKBTzHg,SXeMGP5lNgc03z7cl9Xihg,vvTaGfZe7A0XCkUWCeY8hw,1291,"Having a break from Weiss.  larger selection of everything here but particularly hitting on the Fox Barrel Cider.  Easy to park,",3.57,5783,979,273,299,35,1
KeMHjjLPUsSyCGQkk0xwqw,04dMX-XE0wBhkkP3w_LfZA,8cH7cLo6GV4BPWK1TK37Kw,46,"I was happy to see Debbie open this! Great location and interior is lovely. But Debbie is the jewel here. Totally professional, gave me a beautiful cut. I was nervous because switching stylists is kinda' risky. But she listened carefully to what I wanted, and took a lot of care with me. Thank you, Debbie!",4.41,5385,49,8,27,2,1
VR-wXRWLMFEr3dByBCanlA,-pwvrcd7TGulm0tJeQzHRg,lNvEWCFaD6-desXf3qA4oA,101,They really need to get some gluten free bread options for pub subs. More green wise selections would be helpful also.,3.72,4268,203,17,65,4,1
LOkju7enJqjfCmld9gQQ4g,D-Obl4mvg9LDCzUpv8fxHQ,vRhu5DjqHdSIjSCHIceA0A,94,This was a lovely experience which I wasn't expecting at a drive thru automatic wash. The owner came over to help me when I dropped my card while trying to pay. He then walked around the car and asked if he could hand brush the worst areas. Of course I said yes! Will be returning here.,4.02,4766,69,10,39,0,1
9w4VptL49Uxdzk_mzEvjSw,5i8zIjeDryau1KzkqDnkaA,1MpCSA9931OUqvZ3vTqzvg,4,"Great service, order was fresh and accurate. Chicken was very succulent. Clean facility, not crowded. I would recommend.",3.25,2439,22,1,5,0,0
EA6xkvnANoG6T1a_RcSa4w,DoeTdaDzg5xFbrGpvK5rgw,oA09aW-mLWc-IN5hxtNU5w,158,"Dustin did a fantastic job cutting my hair. He was super nice and we had a good conversation. Sometimes it can be that awkward obligatory conversation with a new barber, but Dustin was super cool and easy to talk to. His cut was great and the price was right!",4.29,4239,126,41,54,4,1
1v5zL8Q1-NmwGqZWWisn9Q,gBZoKPCF6Gz85AVOSc9dZA,7eaUWey6cCuiqWBgvD8Y4Q,1,Strait fire authentic Asian food. Dank stuff brah I eat here every meal of the day. Reasonable price and so good. Thanks Asian wok,5.0,3318,0,0,0,0,0
hY-Wze8pafhwJ1Yp-SbHyg,1MbhH8mPaZ3T33fstF_NTQ,aMSfckGSCDbSr6dmvHl5uw,9,"This place is great!  I'm usually in and out in 30min or less.

The staff is friendly and helpful.  I recommend their place to anyone.",1.9,5904,10,4,2,0,0
bT8RCOn9Nm-YE9c8HK1Z8A,Gc3ScmOlo81mWYLbP9pYOw,AzseSGgDC6bVtMPEYo1CNQ,5,"I wanted a shirt with their logo on it but unfortunately they printed a quote on the back of them in a really cheesy font that doesn't match the logo.... Try the Cookie Monster flavor! This is my favorite place. Gone here for years now. Very old school, classic place to get a great treat in New Orleans that isn't commercial trash!",3.33,2556,1,1,0,0,0
aBIRWPhL3rLKrq9sQH6Mjw,xlMnGbnvWVB30xz3FFteGw,RDSHenlM3jZ58LkVw4qxng,1,"This is still the best cappuccino, caffè latte and espresso in the entire United States.",5.0,1519,1,0,0,0,0
yffcB_hGX1azeWwCGauHMQ,WevpT_K7EwKGcy1-E_FhSA,t-cT3vDv6vB0AAow_XIK8g,2,The brick and mortar itself is nice but the people there are very unfriendly and unwelcoming. Plenty of other places to go to around glassboro.,1.0,2145,1,0,0,0,1
rA1URQrsEa4kuPZW6Lb8hQ,6ksjBMLyVvQP_do-KsDAnw,Kf1_DLyhKkQKTP2aqChsBQ,5,Order out from this place. Have never been disappointed in there food. There human beef is awesome.,3.8,3684,5,9,0,0,0
K_bgLfHfsNhBdqxiQvFfsw,tGcpJc9E9Ay_PwMC6jrSfw,GxaFs9X1Z_XbS9KvahOSHg,1,"Wish I could give this 0 stars. The costumer service from the manager was absolutely horrible. Dealt with a lady Aneesh I believe is her name and yelled at my mom after she payed for her meal on the app but was refused her order! Absolutely ridiculous. The place is kept completely untidy, I saw at least 3 cockroaches inside.",1.0,2856,0,0,0,0,1
KZYdC4VBmTb-2uKDrjqbgA,4ENBFSuIT-8vfRHZysQHag,iJEkWDUE25BbNifWaYEfgw,1003,"I tried the vanilla frosted w/sprinkles and while the donut was a bit better than what DD would serve, it was by no means life changing.  My favorite local donut shop is Yum Yum in Colmar and this donut just didn't taste as fresh as the ones Yum Yum serves.  The donut should have been softer and I wish the icing tasted more unique.",3.45,5646,2194,527,901,78,1
rF1nb8SO6Txu9i7PwDjx1g,OTeVV3oqdwXpyJ9KbWIPxg,h7TO_IsmLCYmKKDVOOIeFw,13,I wish I could give fat salmon six stars. LOVEEE all of the vegetarian sushis. Favorites are the sweet meadow and old school. YUMMMM,4.15,2980,32,0,28,1,1
33oJS4dVI5FCmIqRAf-nhA,EB3pqetWAMZztmPXjIJEqw,4nCBqmuo_dUzKNzruHvRKA,16,"Patty is friendly and entertaining, and I really like the haircut she gave me. I'll return.",4.17,6000,53,4,19,1,1
0_2cLUrSSreYApZHeKnstQ,kYyaQYsrrkVLFqha7THevQ,7zKktyerG21XszoaaH_MkA,3,"Our favorite pizza place at the beach...pizza, Stromboli, and garlic cheese bread are all fantastic!",5.0,3332,1,0,0,0,1
J6oEsuC6uqeutrVwgKtGig,3xBFFH866WoySDG7uuwBSQ,MlKob6JaJf2ci6BaPWshuw,3204,I was just traveling through and stopped to workout plus take a shower. Front desk staff was really nice and checkin was a breeze. The place was clean and the equipment all worked. The showers and locker were really nice. No complaints if I was local I would join there,3.96,3156,35967,13123,31580,379,1
I0tD-lIwoGwmmk_vWf-2LQ,p3PFQc0k16hZOgFw4RcLgw,U6gikR4uhRl4zU8q3j02oA,3,The best salon!! Meghan has saved my hair and my hair color. Best colorist in Philly!,2.33,4333,2,0,0,0,0
2UjfOYo1wcH2fMpaM90hRQ,hgw6KKW3TtAYvEDSNu5pdw,GimCCy5sbSrNSNS9Esxl9g,2,We came on a Monday around 10:30 and the drive through was really busy but the man on the other side was collected and polite as could be. Our service was fast and Pete(?) (older bald gentleman) was very polite and smiling. It's nice to have good complimentary service like that!,3.25,2357,0,0,1,0,0
dvU25Qo2hZ7lqa9FpnpL7Q,rxyupQs4lVMFHHqqOfpJYA,z0rlrFJnMFji9jEhfN2ZWg,41,This place sucks... has potential though.  Maybe hire someone who doesn't spend more time popping his collar and looking like some douchebag from 'The Jersey Shore' rather making good pizza.   Just a bit of advice... pizzas should not have to be crammed and destroyed to fit in a pizza box.,4.12,5651,24,14,11,0,1
4BCo_YA2eA7jN4nhAmVevQ,u4ST7cIH5cdYPA5BCv-C8Q,2ct1rNKt7iv3PpEn9QR17A,3,The attendant here sucked. She didn't even help me. Then she ate the ice cream. Really.,2.0,3463,0,0,0,0,0
hZzdMOHJBOXEun4ZYwBbYA,UFuqe1iEK-ok8IUp3er2aA,GEuzwtdp2DX9c9HyhOT9KQ,3,"I was there last week and since I heard so much about this place, decided to try. It  has big hype for nothingl. The food didn't taste fresh. Amazing view.",3.0,1952,0,0,0,0,1
v-DsoHQZ2L2wJrrsrWCl7A,mAG8Yzzq_JY0OeBYmlhQCg,kEi05FoJJALcbz31dxmDEw,55,"Completely ridiculous, One kind of bread.  The poor kid behind the counter had no idea how to make the sandwich my mom ordered.  She had to pick something else. He was the only one working, No help!  
Hardly any toppings, People walking out!  Is there a manager around anywhere??  What a joke!",2.82,3524,44,12,13,0,0
XOs3Aj2zRsTiU0JerEVptA,Pw8iTQabCE-lqn2CnO0zkw,gKRSLjhqulJtaAj9t4IJJA,107,1 good bartender. 1 not so good bartender. Dont go here to watch the game. The 1 tv in the bar is blocked from view by all the hanging lights.,3.61,5302,132,91,26,1,1
8uRDfSzGvBfpzBs1YgHcQQ,ECYSv9z1DaimhatR6woC9Q,zSMJRrEwWPq9y7QkaA7R5Q,3,The thing I really love about this Wendy's is that they hire special people for their entire staff you might wait a little longer you might have cold fries you might not get the right thing you ordered and they might not know what tartar sauce is but they're special so that's great,2.33,1783,0,2,0,0,0
4VI-ZmaILY7k2eYyJ1XpKQ,_PrFvraLaOeZgb6CIVN08A,5JZL1KN9rfuyVtW6BxyaQw,23,Best Barber Shop in town. Took a long time to find a decent barber shop. I drive across the county to have my hair cut here. Great place and great people.,2.68,5510,30,11,1,0,0
ZjAfZGF9C-FvprACZkYSKw,jeEEr0M-yQnBjaQtcVd6gQ,0BXnGq6eJuiWR7270TipoA,117,"I ordered sashimi - salmon, tuna, and yellowtail.  All three types, bad fish.  Not spoiled, but definitely turning and slippery bordering on slimy.  I did not finish the fish, but I did pay the full tab and left without riling them.  Watch out for the fish!",3.58,3319,206,86,72,3,0
3tzkFQz6mSl8YtyzdUcxsg,4OOwwRzo4NC5-3k64toFcA,ioAcpe5KRvacB2lna-wdaw,33,"Felicias is our favorite place for Pizza. I'd avoid the Margarita (No fresh Basil) , but other than that everything on the menu is fantastic. Remember to get a salad and bring a bottle of wine to the roofdeck. I can't believe I lived near Ardmore for three years before finding Felicias. 

Wonderful!",3.86,4693,31,3,6,0,1
cqYV5HagHdWk2q9_ma7hbQ,Pz7ePZ6iVkEXYULL1YDBtw,FEFi0AmjHzgSceeLYW3Glw,12,This is really a typical McDonald's with the dollar menu and sweet tea's.,4.23,5304,8,2,3,1,0
mBIiaNdW7UIJNSsHV1gAAw,D6bjhtoLDxaUqcr1VXuuPw,FAc2Mv92KL00cbLdpAc0kQ,25,"Been coming here for oh I don't know....25 years! Never changed! Always solid product! Pizzas are always the same, anti pasta Salad on point.

All the 1, 2 Stars for bad rude service? Never have I had an issues with these fellas! People are just to sensitive these days!",4.24,4933,23,10,12,0,1
ZTiTJKIWYYwwyfCcFSKC5g,QzD6h4DDiEPb8g97Zqn1JA,mRALAZduUGa_QBAyxQ89HQ,6,"I am a platinum member staying at many Starwood hotels, I thought it was dogs allowed universal for Starwood.  Not at this sheraton four points.  They even have a 150 fine posted for having a dog.   Disappointing that sheraton four points doesn't follow all other Starwood hotels.",3.67,4736,0,0,1,0,1
eK9himHXDQPzxUu2MnF2Iw,8WzFNiQZbUJjvHoT2Jp5rg,LXtmmAiQjiMzUiZGCqYutQ,127,"oh tiny burgers,
the love that i have for you,
insurmountable.",4.01,5936,510,314,350,23,0
sva87aAggA5Twj5f_hewBQ,ckdxtRVZ2ZGVu0UYgjH_hQ,y4nAl5V6JU8tSB_IXqzvVQ,12,I can't stand bad pizza but my kids do. So that's as far as I'm going with this review. The only thing it has going for it is location to the schools. Everything comes from a frozen bag. Can't say enough how aweful it is but 12 year olds love it. So there you go.,2.77,3081,23,5,1,1,0
MqVtc1vSkTmtDnVhXBNesg,F_UY-Bal_127ZEOKS_mPOg,LVD1RY1yi3h7sqexhIv2Mw,17,Service was efficient and food was hot and fresh. Came for lunch at 1230 and all good here! Keep up the great work!,4.83,3506,7,0,4,1,0
yuHhQnysQKR7S5jtRwgQKQ,hLv-HjjvBf9iK47OvqoPKg,KBkxOdCfk5Ps--KU6I7omA,37,"Clean gym, friendly people. Always a machine available. Would recommend this gym. Plus, the rates are reasonable.",2.2,2751,54,8,4,2,0
dFzWanyNEWvtuElliVkyBg,etNKDYEcbgo36TcZ07Njzg,4XbEGvnn8ZgqzsCA-d2A6w,1,I've been to Lissa Ellison a couple times now since I moved to St. Louis and have left happy every time. On my second visit I asked for a skin fade and she got right to work and pulled me together right away.  Easy to schedule and takes her cuts seriously.,5.0,5796,0,0,0,0,1
8oKMtNuZ6mDXVYlRLf77LA,NNn9_sS8HdnSgCzKQcNFRQ,azksjpT1jYuk6mTdM2YsgA,146,"Nice people work here. 
But the whole Macaroni Grill has lost what it used to be.

We tried date night here. Bad choice.

Meat dishes aren't so good. Tried to get angel hair and marina sauce on the side. That couldn't be done.

Loved you in your hey-day but not any more. Good-bye old friend.",3.79,5072,182,27,59,6,0
a6KqYmcyYeAZUI69nAbavw,IlGYj_XAMG3v75rfmtBs_Q,ACHVRhkmpCuT7WQQjzt07Q,5434,The donuts were well stocked and still reasonably fresh at a late hour. The location is unbelievably convenient for those at Hidden River. I was satisfied.,4.2,3661,3267,904,2146,95,1
bG_pIpPH-etSKNhPvqkKkQ,MZvQmR7cUq84xOD9U7Hqgw,5kZtETKu37RuwHATrB4a5g,12,"I've been holding back, been a member for 3 years. My biggest complaint is the wifi. If there is no one in the gym it is average, more than 10 people what is wifi. Nothing in the free weight area. This is after they upgrade the equipment. I use an iPhone 6s, so this should offer more insight.",4.67,5201,2,1,2,0,1
lrYGuJIT9voeH8xJ-9Fojg,2a-J1TbyFZKcAJ1Ap5MUrw,gu7iuTiVwyPAI_S2fwVi9Q,4,The best general tso's chicken in the world. I truly believe that this is the best Chinese takeout place ever.,3.0,3607,5,1,1,0,0
6nwe8CGEjW41no7zorimBg,WSbDKzNGTdtY1Haq_X8-3g,4e9tguRcMc4S5hzBlfC62A,7,Amazing food! Their happy hour has some great deals! Definitely recommend the calamari!,2.5,3446,15,2,0,0,0
gv5AD29g4Q2cNM_VXt6mAw,dvOvNB_ZA9s5RPgj48bbog,SPHtPhYFFomje0LrJCBNrg,23,"Do yourself a favor and don't live here. They are outdated , rusty , and have mold. If the pipes burst in the winter they will try and blame you.",3.16,3823,15,2,1,1,1
-PTKCUyrTd5uwEzgDQ3frQ,61Bxlr3tbJrtxDpiPbybvg,2ecgEhppUgqD754B6d2mdw,47,Exactly what Music Row is missing!  Beautiful apartment homes with one of a kind amenities!,4.22,4237,48,6,26,2,0
Ig1xbgyX7bCqwVmsOEv1xw,HGILgPfe9f0-oZeETY1Uag,8OoLxv91ztELwzfvG26xjA,26,You can get Taste Queen Chinese food delivered through Uber Eats. Use promo code eats-3gthe to get $10 off your first order through Uber Eats.,3.93,5411,15,3,4,5,0
oDOSeb9VkzjwLC1f34IQYQ,Jcn1TGsdm6CAtCJX_bPI-w,0ERS4_k61Ea7VVunLcxlgA,16,Consistently provides excellent daily service. The employees work hard and care about their customers. Thank you for greeting me every day!,4.44,2173,7,0,4,0,0
A7hFqVgu_l0tuVrHx7Dn7w,ItSKQOJQv8BnA3xPCD5O_A,VsUVU7E3j-qrVEd0QTfeDQ,378,"Best gas station and auto mechanic anywhere! Owner is fair with prices, does great work and is honest!! Owner and all employees are really hard working friendly people. I have a brother who is a mechanic and still go here to have my cars fixed!! My whole family goes now, he's got a great reputation!!",3.68,5324,1095,337,656,31,1
RMF5ir78lBp6e0fJme8Jlg,EQbFlTOoQZmZr0JIiPx-YA,5yHr68eo0ccYUMSx1bQFcA,7,"About 10% pricier than other places for single beers, although the selection is a bit better overall.  I got the impression that the bartenders would have preferred that I didn't come in (maybe they were taking a break, or just having a bad day, but not the friendliest place).",3.43,5880,6,1,3,0,1
VNdix-XhU5FeMWcElJ_toA,ZCCKva0Yi_kbHkBFEN0C_A,NH32wQkXTkPauNAj5EFleA,1,"Had good time at Coyote Ugly and yes, there was dancing on the bar and some good banter back and forth (all in fun ).   Will return !",5.0,2869,0,0,0,0,0
2vL_KnuY7pCEKSQhGdc4gw,lv7eIuv7Ccur4NF1CqiYOA,TwDz0AUigsAHp2-zz-_1rw,9,Best Chinese food I've had! I get it every time I'm visiting from Michigan!,4.33,4514,7,1,1,0,1
NIrkjwbQIfg6QnYrjfpL9A,9ri9boq14xeROqCWmzwQ-g,9sOaaJ4L7mwvmbkc7mzYpA,5,"Needed two buttons replaced. Neither where done. 

Asked for light starch or everything. My khakis could stand themselves up. 

The sleeves of my satin shirt were wrinkled near the cuff on each sleeve. 

The staff was courteous, but they half-assed my items.",3.6,3975,4,0,1,0,1
1jmBkvjFfCymcYGOTNLD6Q,gHCRDyK5wbKfwgT9uhjhvQ,nDUL9nM3i6UAg1AGNhMpbQ,2,"Caprese Salad, Chicken Parm, Fettuccine Alfrado, Chocolate Ice Cream Truffle dessert  were all awesome!! We will definitely be going back to try more! Yum!",5.0,4942,0,0,0,0,1
EUzTJgGGSJCgK4qUEcbtrA,Y6EwtRSR8X_ODTLtlPtMWw,rLRw73bopdUf4spMxIAhIQ,97,Great lunch spot.  Interesting menu & delicious food.  The spot it tucked away in Apartment building.  Had a hard time finding it at first.,4.64,5184,44,3,27,0,1
YJp4oA-4ZVpFwpvCtqOrFg,jMZkKKforAdOmW7jTHoXpw,oF3QPsczR9ZiXPK89tdJaA,10,I'm gonna give them a couple more stars since they clearly saw my review and UPDATED their hours on Yelp to 2:30pm close (it did show 3pm),1.93,4878,24,6,7,0,1
ZTNZXnMLL6CC7Fu_X7Yn8g,svgCiSX_YU4hnTubit4Ikg,aMSfckGSCDbSr6dmvHl5uw,26,"My ""service engine soon"" light came on after an oil change here.  Went to a different place and they found that either the dip stick was not fully seated or fill cap wasn't on correctly.  They quickly fixed the issue and the light turned off after about 10 minutes of driving.",4.23,3227,11,4,5,1,0
uV1kLhbUstFL9I4-ce31qA,vXeJbvmOWK-CBVihNJNqqw,vu9I6Yzz7PzI7t5aDOt6wg,42,"The ambience is nice and the service is good, but the food lacks flavor. My best friend and I ordered Chicken Tuscany and I could have easily made this dish myself. The price is too expensive for the presentation and taste of food.  I would not waste my time eating here unless you don't mind a lackluster dinner.",3.9,3990,30,7,7,6,0
Q4cXXHbKxRpWvtmWBnFhMg,zPT8SiNRhJKbwb2M4ksuNA,Ms5xG8i4p80KSMcF3tt4ug,15,Best Italian food in N.J. chicken was cooked perfectly and so tender. Sauce is amazing. Highly recommend this place!!! Prices super reasonable too!,3.68,5191,17,0,4,0,1
C6j9GO8DTLqtm7ddtKFeJw,lHZWOhGOU7ufl_exo6Vc2w,cE_gYW3CHEducTkEyxTDdA,1,Brandon greeted us at the door and was soooo nice. It was our first time in. He let us know how everything went here and it was smooth sailing from there. But then we were graced by grace... she is absolutely an angel. She should be a manager. Hands down the best experience in Tampa.,5.0,3956,0,0,0,0,0
DAOFg9XSsMkTYhsvxF2Dxg,yU0hYWmMEls5HUGOVcfK2A,y6WLMw5_I1d_kfMbYMOexA,6,We went to get two chocolate frostys instead we got nothing and the employees thought it was a joke  and laughed in our faces,2.17,1395,1,0,0,0,1
s2GhxcOo8MMTd9CwD5q50A,QF7HBXf3Q7G0LyMx0JmFuw,Ur0T45Gpyft4E9fR8mdOXA,6,"John is absolutely the best mechanic anyone can ask for.  As a single gal, it can be hard to find a mechanic you can trust. You can trust John. He truly cares about your car (it's his patient!) and you!
I'm grateful that a friend referred me to him and that my search for someone to help me maintain my 2013 Honda Civic is over!",3.33,3974,8,2,0,2,1
pN3VDmf2_PBDScghu3oA-Q,Tqlkz8u59z45Eq-v6keodg,6qHcVgHtCcH812D1v3To_A,3,Great hole in the wall bar with wonderful mix of people and great bar staff.,4.67,4510,0,1,0,0,1
OEavm_-JUZgOZMHHUcW-0A,YaJr__NqQDVXfLgATAHLPw,tyBZqnth65uHRwSAV1EEXw,2,"If you want some cold but not too cold goodness, then this is a place you can go to while walking downtown. There were many options of ice cream and toppings to choose from. When I was there this location had excellent customer service. The ice cream here is outstanding! Hope you enjoy this as much as I did!",5.0,2031,0,0,0,0,0
zzs3UZuPyYJG8rQ1N48Dwg,FVB-cWqI2VIrhk2CWKNyCA,NEAHiZo58Dkr-0nBzs4rFA,7,"Very nice room, WIFI cheap, double under $50. For seniors, $55. Regular, pets allowed WOOHOO",4.14,5489,4,0,0,0,0
4P0m-IJ8lUzmEiaVVC4xkw,NKAzJRDp-F6msLu-jO5wJA,A2tB22Zu36zE4tY1LkuYJw,4,Very beautiful property. I'm in an older unit and not willing to pay 200.00 a month more for the much needed upgrades. Overall I enjoy living here,3.8,3262,5,1,0,0,1
i3cp1zWwEPfaU5uzk8Zrug,XSN1DKKEB3V_e4ihEf_q3g,zm0SUU6PnnYgAO0Q2mLILA,1,They take their time with each one of their clients and are very thoughtful and accurate with what they do. Troy and Trina are the nicest,5.0,1549,0,0,0,0,1
Ny0GJhqfCKUAs74TSTJ51Q,08YEj9NM5UpK7FmW-keIqw,6NWNBToJeEzgkT1ZxeFt-Q,1,Best Sushi in town there dragon balls are to die for the prices are great!! Make sure you check this place out!!!!,5.0,2774,1,0,0,0,0
MlrwpNoWIYpCbmHBKv5Y0w,KCvh7P2tjlxeZjD-Z9B5bw,w_B0phzyFXPmeiVlzQrq6A,8,"Chicken quesadillas is too tasty to resist. Probably one of the best Mexican restaurants I have been to. Enchiladas are juicy and lightly crisp, enjoyed every bite of it. Overall it's a must visit place for people who loves to taste different kinds and best of food.",2.5,3380,2,0,0,0,0
IH7Zv6t8kdxrH25OxHc8Dw,NF67ok3_mp0CauT46k8OPQ,gkwnDFgN8xnAXK8nquPGHw,1,I don't recommend this restaurant the attitude of a sushi chef makes the quality of the restaurant leave a  lot to be desired,1.0,2967,0,0,0,0,0
vA93uGxLSjp298UeYxBvKg,7loSDj78JmBvLycZPXBJtg,JvcLVPXUj8fOJ9yuLf8HjA,121,Great place!  Our Fave for Chinese food!  Great delivery time too!  Great tasting food.,4.04,3763,92,23,23,0,1
qLkch4ep1V2AW8R9s8436A,qSslDLk5La0vWILBxE512w,7PfzN9GmM-Yndv8bIjlwJw,83,Was going to stop for a quick late lunch. Was assaulted by the number of oversized political signs outside so took my money and appetite elsewhere.,4.02,5018,99,24,6,1,1
avUy_cT8Ktss6DFKT50EFQ,4xpo1s-gb9SeJg4ppSzobA,vsM7RsJNrP6ukSgy1Ew5xA,215,Quick fast service and Great food in a hurry! Great Customer service!,4.07,5551,229,49,139,19,0
aVdEY7nd7r3TxRkElHkMfQ,twDoIGAxQ9pI19JNwczBxg,i-KD2ru_CLkCCufOFWR5Mg,7,Wow  visiting Dunedin and went to dinner here....awesome food and wonderful service!!!,2.4,4071,8,2,2,0,0
YjB-4zhg6YkJa4RLc9Tj6w,mIhyBkwPmOBymkDN_zZzxw,HXx97GQNFKtgdeu0iJPNgQ,163,Best place to shop at in the city great prices great choices of food. Placed an a great area choose this store first !,3.09,3380,74,32,16,6,0
90Rcumtl0prFITDcpYRZCw,A2CjSCfLgvsDPySUWTof-w,MdqvcsCUSig-0ga4ioxn7g,1,"best authentic mexican food. better than most exquisite mexican restaurants, highly recommend their tamales!",5.0,2658,0,0,0,0,0
oiaG9aXC9cyd60GWPPgJPA,srABDsM3pQtSbBnE0TVTRg,7Ld1DxAhSlGSateku0iqbg,16,"I think this place may have been really good in the past. There was certainly a crowd of locals. The food left much to be desired unfortunately. Pasta overcooked, alfredo too creamy. Decent chicken parm. Homey and welcome atmosphere but i won't be going back for the food.",3.38,5689,25,8,2,0,0
cBRHJfnMDQOmQ5Wv8w-rCw,gBpxjo01cpY_5stvzru46Q,io4YNLvABJrFraEwtQBWqA,621,"I only stay here if everything else is booked. The service here is horrific. The rooms are shabby. Room service trays stay in the halls for hours. My ice machine was broken for five days! 

Go on hotwire DO NOT BOOK 3.5 stars in center city west!!!! you will always most likely get this joint!",3.88,5921,1280,539,603,42,1
8K2j8ftMjCVWlz2AuGL3NA,xXmhNMMnQlJ1A9twEETrvw,lCUQ9mpHAHXms53OsgSb0A,7,Stay away from these people.  They sold out and lost their general Manager as he took all their mechanics with him to Big O tire.  These people are rude with no knowledge and greedy.  I wouldn't take a tire up there.  They act like you are doing them a favor and have lost almost all their business.,1.62,3402,3,0,0,0,1
J4xM6XDei643k49B_rTxTw,43GspMoF8mK2wBImjaGdxw,VZJlZNoaQP_NJusU6PQdpg,8,"I won't shop any other store unless I'm too far away.  Full line of all beverages, and the best prices around, if not lower, for sure they won't be higher.  Quick check out, and great customer service if you're looking for a specific bottle.   Always have a positive experience here.",4.8,5354,11,0,2,1,1
UQDAF3G1O6BojbXfOT6Brg,dtqfrURhZsbhs51pAHYjVw,h8h1QvEQruTkBI50NlWsyA,1,Average... Very very average. I don't like paying for thing that I cook much better and that's exactly what happened here,2.0,4774,0,0,0,0,1
DQyjdbKrtmH4IEk1mZ1SmQ,BNpr46iAv_0cih8x2ApCgA,G3fZGozLaJjIVU08mXk5qQ,6,When we tried to go thru the drive thru the lady said it was broken.So then we went inside and we ask for 2 Oreo Hot Chocolate and they guy says the hot chocolate machine is also broken. You would think since it's cold outside that the hot chocolate machine would work or they would fix it.NOPE.,2.71,2189,0,1,0,0,1
pkvtJOyFLoMKv5jH7Iwd2w,sD1g-tMX-dyUL3xnI8Jw8Q,2-5VDzx9G7KlF8-nUngphg,21,"This restaurant underpays and overworks children... yikes. 
Have fun with those civil penalties! 

Glad to know those kids are getting compensated though. 

Hit funny, cool, or helpful if you're against this type of business operation and want to support those kids and people abused for their work and time.",1.78,3160,11,6,1,0,0
aw-CBaAaHh5vu6ma9ecQkw,S3KhmGEc3jYhJjz2cbgHIA,mu6WYU41XocrLaPsH8y73g,193,"Good prices.... mostly friendly cashiers.... major downside in  the  late evening they stock... to do that the isles are jam packed with stock. If you are mobility challenged do not even think of trying to shop late. In the plus side, great bulk foods section.",3.55,3728,224,64,110,8,1
cchtn3bbrSAQjMKz2bjWZg,chwK_CKvwmA4qZ8KCAOXTQ,j4ugd2HItIp2Zdv93CMRbQ,9,Good ice cream and candy shop. Pretty quick service. The only downside is is a cramped ordering area.,4.89,2917,0,0,0,0,1
ylxgRnAfYLHupIqjoEh7iQ,-hRowqe5ZR4ftfTFpaAWbA,oW0t4UaKmQGTlyT6F9j-hg,18,"The food amazing
The customer service amazing
To go orders amazing
Speed of togo amazing

Basically this place is amazing",2.52,3781,27,11,9,0,0
k_8fLIs3hApVtQ1RMWE-iA,uFgkS4U-gtnThsrNvTZIHQ,gKRSLjhqulJtaAj9t4IJJA,58,"There are much better places to go. This place is divey and dirty. The wine glasses are dirty. The bathrooms have never been cleaned. It's really a sad place. The service was good but my god wash the glasses you are serving. And try a spritz of Lysol every now and again. Dirty glasses, dirty bar, gross music.",4.48,4905,38,5,15,5,1
N0AmwzemQhZ3xG37sf8qCA,Jlt31LJ7cbYLth0-I_TsQw,nAY04og6UDsS2ZXK15RDVA,1,"Beautiful property that's extremely well kept. It has tons of amenities that make you not want to ever leave home, especially in a time where most of us are having to work from home. The front office is always welcoming and quick to address any issues that may occur. You can tell they really care about their residents!",5.0,2583,0,2,0,0,0
m7_BnQOMaFfjDGx3DKmesA,e63dVwGKA6Rh12AhRU7mXQ,oT-JmelJHnnOP__rQhGq2A,3,My favorite pizza place! Awesome service and management! Thanks Tia and Manny! And for the best cheesecake ever and I don't even like cheesecake!,5.0,3431,2,0,1,0,1
CxVtsp3EHNU_Tzp4eS2jEw,UJuRr2pOT18O_N5G586f9A,h6NMfoDhT_U_qaNPST9wpw,96,"Friendly staff, nice rooms, reasonable distance from food and entertainment",3.3,5100,90,20,20,5,1
q2-1ULG7c92EoERafIU71A,Fnol-0vhfQbCoo_qiQY4-Q,0Iks7qL1wlUCtEj_lytYBQ,10,Last time especially I'll be in this place. Customer service is absolutely horrible and they don't know what the hell they're doing. How can you go to a place to get something and they don't have it. Bad management for sure. Bye Dunkin the new place will open soon and you'll be under soon enough.,1.8,3631,7,0,1,0,0
snC0TgJ3w5ZI9ubXQBDduQ,MCiC5o4-1w3y5GkyFyw49w,_KSRzh-ZxwKB3YcRlZQsGA,3,"Best place in South Tampa for soft serve ice cream. Love, love that we can take the pups there too!!",2.33,3236,1,0,0,0,0
wblC8sAUEsjKyG1wxgqC5Q,23N3L2Kyo0AqA__F4bQGYg,2gje_2HfY0gxFZM9omhX0A,1,Love the layout of my 2 bed and 2 bath apartment.  I also like that the community is quite.  I would recommend this complex to others.,4.0,5031,0,0,0,0,1
Y4f-puhWKkroDpi0sw4mag,4a8_r1eKU0uWXdnjStIrxg,KabN4d4St6gxsVIA1KzS7A,28,You pay a cancel fee DURING COVID and they continue to charge you monthly until the one year is up! Do NOT join this gym,3.42,4709,22,2,2,0,1
-tS-Wp12S_-gtscKg4SyAw,rTJ3EecGoQNbfFj7mqjDmw,O_Gts6jkFy-R7xrf7a5uTQ,529,"They helped me out very quickly. Clothes were done in 48 hours. I did, however, find some spots on one of my blouses that I unpacked a few weeks later.",3.74,5911,796,189,296,37,1
SLlUsVpmiwoUevqH_aqCxQ,kc9M6J19C-45qOzUdgOtPw,tez6k-WegNFjLju6Qz9Vdw,8,"Average at best. Had the ramen, it was alright. Service was good. Will not go back though.",3.88,3948,2,0,0,0,1
TzCW3vdMpPESkLbqyxf64A,eRlGjE9j2TSUM9bd0yauNA,7Ib3c257XiwF4SdSD7GMkA,4,Simple and down to earth. Clean cut and shave with excellent work and service. Very pleased with my visit and I highly recommend. A+,2.0,2794,2,0,0,0,0
sT926GILzo0eZgYl9JWnkA,3FQX4Bb7Fed-fLywCmDC7Q,R2d7A6pIadcVOPPHCpffrw,8,"Coffee is fine and the workers are nice, but they are just very slow. Only come if you have time.",2.5,4003,1,0,0,0,1
mlcAl1xJkQ_FIBnp8PWL8A,mRnRBYexYSREagUIVtUAqQ,0WdP4Plnuxn73YYoAbam5g,16,"Honestly, this was maybe the worst fried chicken I've had from a place that was supposed to get it right.  I compared to something off the buffet line at Golden Corral.  The service was good and the staff was friendly.  Dunno, maybe an off night but I wouldn't go back.",3.5,3527,4,1,2,0,0
urQR2exES5nbMW6fET7eaw,XIYomzItBGb0x0wFMaarlg,DButBcXVv8PBlg1jGKUmRg,1,"Such an incredible Italian resturant! Steak, chicken and pasta was to die for! Recommend this place without a doubt!! AAAA!! You won't be let down.",5.0,4430,1,0,0,1,0
YpPVTD6Y8liek1S84QoePg,Su1AfY4N3RuOAtwFNBOFlA,R2d7A6pIadcVOPPHCpffrw,23,"This Starbucks will make you late for work!  I've spent as long as 20 min waiting in the drivethru.  I even tried going inside since there weren't too many people.  I walked right up and ordered and it still took 15 min.
Leave yourself plenty of time or find another Starbucks.",3.46,3988,21,9,2,3,0
HdWffdUR6e8Ev8-Z9bVkFw,Xu4OTAg8ji8WhZrlhlnAow,y36s2lDcimRho8sh73UYFg,6,"Great Mexican food. Great prices. Huge portions. Extensive menu. Fresh, clean, attractive decor. We were amazed by this new Mexican restaurant. They've been open for two weeks today. All food made from scratch fresh twice a day. We were stuffed and ate less than half of our order! We have a new favorite Mexican restaurant.",5.0,3330,0,0,0,0,0
Z7DUHuDRUYkCHB5auG6BHg,7vJYHbEWDz2sZiXMl4wjKA,3w7NRntdQ9h0KwDsksIt5Q,2,"This McDonalds sucks without relent.  Two basic rules of the franchise 1) deliver hot food and 2) have the food taste good.  These Ronald McDonalds didn't just give me food that was not hot, it was actually cold, like refrigerator cold.  Wtf.  Also their soda seems to be run through the toilet.",3.0,3493,0,0,0,0,0
wRvWhRJqGRa0J0IhmRiGSg,IllQX5TPUuIjJdiZVXG10Q,DB6Sqx34jXsJ3aNg21UkeA,1,Superb authentic Mexican food.  The atmosphere was lively with nice Mexican decor. Ole!!!,5.0,3815,0,0,0,0,0
CZwrfCJVyimC2yBsIRRUOg,ZwBtume6b2hyRvVcATt8MQ,wsCJpKKXIuHz5OZ3liIJDA,33,"The food is great, BUT THERE IS NO ENGLISH MENU and they ONLY TAKE CASH! Being a Mandarin-speaker just isn't enough, because you have to read the menu. Don't try asking the lady for the most popular dishes, cuz she'll cut you with her eyes. This hole-in-the-wall would receive a lower rating if not for the tasty food.",3.21,4701,39,17,5,0,1
6ep1JeqLHS0SL5aCEqxNvw,Qb53qKN2wfvyNypWopusfA,LlGIlNJE2Nv_PXkH7l4Wmg,4,"If you don't know about this place yet, you must be living under a rock, or have bad friends that haven't told you about it yet.",4.5,4174,2,1,0,1,0
9a5VDRaBT8fVO_wdetXedQ,kp3LENNQjPrGuGRs_XtB1w,Bda92vtAuK-FcXAw_D0Pxw,16,"My first review of this place wasn't great. Our order had  things wrong, no chopsticks, and soy sauce was spilled all over the bag and boxes. Today, no chopsticks again and my avocado roll had really brown avocado in it. I want to like this place so bad but there's always something wrong with my order. Ugh!",3.22,2390,11,2,0,0,0
YXQJ503ceyGOLJz3OkE9SA,zxh4MiUdH7U8C19iDsTf1w,GUMVStVaJfWmCIpQA4TtHg,2,"This place is the greatest. Best lunch spot for sushi in the city. Ask for KC, he will take good care of you.",2.33,4498,0,0,0,0,0
35-3XY9zkhJmiklpRmyTEw,72hFpyyG8s8R0bm5PAPxcg,Tf7Vf36M-k8ba3P1i3Ffpg,9,Great food. We had enough to have a second meal the next day!  Our waitress was super attentive and very friendly.  I had the Pasta Fagioli soup and did not like it!  It was very bland. We did sit in the new addition and I agree the floor to ceiling mirrors are a little overboard.  Not sure what kind of ambience that adds.,4.67,3626,2,0,1,0,1
74BVSJUFkRixNZUjLwbdSA,AgtvZ7i2irPtBQiuEyT7dQ,46bEtn8dh0Hbcsz5OhBniA,1,"If you look a better price for Liquor vid out taxes - this place right ! Chipper like in NY, NJ. It's true. 
The Place not easy to find, but it worth it.",4.0,3665,1,0,1,0,1
grS5RKQPYnPWHABZV9JZJQ,F525D2uSkkCdsKeasvFvPw,GeGU9bXWWhbIa41Kfs2DJQ,14,"The quality if this hotel is terrible.  The towels are so hard when I dried off I thought my skin was peeling off.  Also, the constant knocking on the door from the cleaning staff is borderline  harassment. If you plan on sleeping in, forget it.  I will not stay there again.",2.67,4438,4,0,0,0,1
yV8nXBYQQjNL7axMJ-B_2Q,06uxhMlkK5N2adyPxfwYHA,5Ey0mpTSBtywfTe3CotMgA,19,I got the buffalo chicken that was recommended. It was ok. Nothing great. I wish I didn't get the guac with it cos it made the pita a little slimy.,3.68,5403,4,0,0,0,1
fZN0dWNtTbiUoA-zbC-1jQ,c3d3wx-sZ1Bsjl36AQ7V4w,c4x06huNhVp04VI_MUiQsw,17,Every time I go to this McDonald's I'm highly disappointed. The wait time is always ridiculous. Especially in the morning. Most of the staff is rude or incompetent. 95% I receive an incorrect order. This store really needs to clean house and start all over!,3.56,3408,11,0,8,0,0
dqb3yvQYqzTKuHI7OWpkqw,ZaDO7VuGWhNFd52aWmZovQ,E5oa5ubbMvA1Ooypvis7jA,202,"Currently portion of menu Is 50 percent off.  Good deal.  No problems later, if you get my meaning.",2.86,5235,310,120,47,5,0
hio673uwwTH_FDNegaed8A,dAo1IR2Sl4t4xlRNlItNew,kK-pcrXr3CEnWP-ci7XXgw,38,Best Italian in the NW just passing thru excellent food. 4 different meals everyone delicious.,2.3,1961,15,11,2,0,0
Qj0NHIIQzhqrNXylH15EjQ,f5v2QoERZFp0GE1qCHdYAQ,9KatEMj8pRNPCMVi5U2Vdg,7,"It's closed!!! I went by and there was no sign on the door, nada, it also says it's open right now.................................",3.14,2540,1,0,0,0,1
2FthvR608ggEVIRSUm6eTg,7rosrVRx3TdYsi8V73R7Xg,uUWV5HDFKX6rfvU1SNB1-A,1,"first time meal. best italian food in 20 yrs. food awesome. chef, best. kept bringing unordered lusheness to the table thruout the meal.its a long drive, but going back. feels like lifelong friends. service was special I telling all my foodies. look out, commin back",5.0,4705,0,0,0,0,0
diPeuNVl92xq-_t5DVFs6g,ftiitD4ua2PbMsKfs43LRg,shwU_rE-turuyGBYHeolNw,128,"Yet another flawless drive-through experience today. Always pleasant, always a smile and best coffee going.",3.95,4231,328,73,179,9,0
0i29PH8ZNBrut3FtucfARA,HoNUnUFmS8-BZTSs6kiPfw,ANo9sn6kZM9OUYvDLuugbQ,3,"Ordered a hot latte, lady at the counter insisted it was cold and told me that I said I wanted it cold...?",2.0,3070,0,0,0,0,1
AA2czpnBVUYn1dAqPmkMUg,If4NcWoa7d6wh6mHFCqa9A,o05ngJ6BY1rztemFazViBw,1,"Amazing hospitality! Cold beer, great food, and the best people! This is the place will have me coming back to Louisiana!",5.0,3527,0,0,0,0,0
9wOJkdKGx1wUSbzHk0gvUA,VN2frtfOvwnu-xXSt_WTxQ,l8Y_Jxk0J8jpkzhHDvsBMQ,2,If you work a night job and normally sleep in past 8am you're screwed if you live in this place. They schedule landscaping crews from 8-10am and will have multiple people with the loudest possible leaf blowers and lawn mowers ear f****g you bright and early to ensure you never get proper sleep.,2.33,2684,1,0,0,0,1
GTakzqSuiLfIk1K1u7px6Q,oN6kInPt5UfRbjfOhWz2uQ,nDAdi_Vg54qIrnm6z6ycIg,3,Great place for families and the management here is great and professional! Its a quite area and I would recommend this property to anyone!,3.0,5013,4,2,0,0,0
rYBzOnSvCClQOwaDsTqq8Q,0-sPGfRtZ1e_UrrKohsCeQ,rLRw73bopdUf4spMxIAhIQ,6,Great place to eat with wonderful portions. Chef Vargas has such a pleasant and giving demeanor. My wife and I will certainly be back!,3.5,3244,6,2,2,0,1
wpJ2rxjqpGtp2vv7NX--Qw,z8QHyfPrcANgmm-rEGD0lw,8UTBYyaV8Iw3eaxDYMLu2g,29,"Today was my first visit at Gloss Nail Studio, and it won't be my last! Christian did a perfect job on my nails! She was so nice and friendly  The shop is beautifully decorated and very clean. I'm so happy I found this nail studio. If you're looking for a great place to have your nails done,look no further, this is the place!",2.88,4279,14,3,2,0,0
m0M3p2-AsCsb-ooUqu_6Pw,zATNYn22teTFAi5s96fI7A,jRpK8oG_8QKaPGaaKiCyng,1,"We have never been to Pi, ever
 We were ik town just for the night and we googled near me. This was absolutely the best choice!!",5.0,1755,0,0,0,0,0
lNK-O37RnPVM4muJIjeoTA,JsaHZvkhWiviod-_rYNMBQ,wFES5bGDiPANW13hNHnXOQ,36,"This place is by far the best sushi place in SB! The press boxes are all amazing. The Montecito and the mozzarella red wine eel melt boxes are great! The sauces are all original, colorful and makes the quality sushi just that much better. Highly recommended",3.33,5189,27,7,6,0,0
WNwIYoHntVuvdZYNdg4juA,nvzIAs-q40M-ov5XgbhrXA,yj6eNCkKpt_x2ixKqTWd6g,49,"I used to come here often, but it is out of the way for me now. I was nearby so I gave it a shot. The service is worse than it used to be, though not the worst I have ever had. Ultimately, all of the three stars that have come off are due to the price. Seriously, $28 for a wash? Complete rip-off. I won't be back again.",3.9,5070,38,7,5,0,0
CiyO7EJGE5Fbf3GozdnNTw,Rdcv9hwogqJ0PApV8npJgw,eHC82PofK3RKYrbXcIY0xw,7,"Ordered a salad, it was great! Great envious and decor inside the restaurant. Very nice staff",3.29,2080,0,1,0,0,0
1vX7sYdrVIwLx-4DOvAEuw,iwZw2WbsphOedWDJnDxmfQ,sYA8jpR7Op9IfjVDoI0DTw,4,"This place is the best sushi bar in town. Always fresh fish and a wonderful variety of sashimi, nigiri and rolls.",3.5,3952,2,2,2,0,0
ptOGZONSybJ54dWk80_FfA,VCrC-SsAcuikI9U9QHOBJQ,aL-G_v3R3cYkXQXjS-Kdfg,5,Delicious sandwiches and reasonable prices. Haven't ate Arby's in a long time but it tastes just as good as I remember !,3.4,2429,0,0,0,0,1
brse5MFk_ya0sah657vtwQ,ym9bjHbM06z9cY-2DDdqYQ,Em5rXI3amBD5Ekvmy0qZUA,5,I was at this location at approximately 12pm on 6/27/20 and the kid working the drive through had his mask on like a chin strap. The lack of regard for customer health will have me NEVER visiting this location again. I threw my food out because who knows what was happening where I could not see.,2.2,5206,5,0,0,0,0
URyzoSw02MTyP3XCDsIpuQ,LITIgdpaJmcjFp3SwjT7YA,qes5_YVMo1P4B8p6BbT40A,34,"This is a place to go if either you are short on funds or you have no transportation.  The food is edible, without you getting sick.",3.7,4502,22,1,7,1,1
3IIi6BH7-O2qY96agehHug,9b7ScaQRCM0BOIY3KDlc-g,nAY04og6UDsS2ZXK15RDVA,5,"Choosing an apartment can sometimes be as difficult as it is important but the difficulty ends here. Great staff from maintenance to management that really makes the building. Overall, this building beats the competition come see this place and you won't need to tour anywhere else!",5.0,2367,2,3,1,0,0
qiG6ui8Gx1vBj-pdNP3ENg,eActOACqipoT9tt0TJrQhg,pN3O6LvDKz6ki2JMWWNMOg,528,"Stayed here while in town with the family to visit Six Flags. Nice room, good service. No complaints with anything. Would stay here again if in town.",3.78,4925,666,198,261,24,1
e02r_JuA5VjKYSG-DjRKlg,dOpWAa4cHrwLnBv57vrGOg,h7TO_IsmLCYmKKDVOOIeFw,20,The food is great so is the sushi it melts in your mouth it taste so fresh and so yummy,3.32,2267,2,0,1,0,0
olBKYXLYMgS7w8eTLizw3w,mYwcjhJLgwRHlKhM6yFqpQ,A5b9nVDi1DPVvPOD24-p6w,6,For the true coffee lover. They know their stuff. This ain't no Starbucks ya hear! They make quality coffee drinks.,2.5,4297,8,4,3,0,0
A36VPJTJKgb7t9XQZ-EINQ,0spJMnNEymDhV-4XbHidpg,O_wuhNjqLiWvRcYfbHw7Ag,33,Delicious sushi anytime of the day! Get the June Roll and the chicken katsu! Amazing!!!!!,2.85,3293,26,2,3,0,0
8AMjII2kgFSf3KkAJM52Jw,5TtcUk-6zDYGpyi63G-4WA,kEpyXGjRJTNWRtrVujbsiw,9,"Horrible.....FPI MANAGEMENT bought the place jacked rents way up and implemented unfair rules....valet trash is forced on tenants and the ""upgrades"" are done very cheaply.....staff is truly rude. Used to be a nice place to live. Read other reviews it's really horrible here!",3.78,2527,7,1,1,0,1
_TqhuLad1uuWW8zupwIS-g,OwyOOH2wS7y6N9zqnd0n1w,2lKwvLM4ENjSqIUpVgvb2A,5,"Absolute best cut in town (don't use my hair as an example). 
More friends from Calabria. 
Just wish they did a face shave.",3.6,4042,3,4,2,0,0
T_xVXyD_j8fW_sitsEYeMw,E44impADZjBvqzAIT6POHw,5drbv3fz5FTvp_Z3d3aPSQ,1,It feels good to know you have a local restaurant that serves authentic Mexican food with PRIDE!! Service is on point ever time. Soul n home food has me coming back. The food served is just like the great pictures on the menu. Thank you Jalisco's for providing me a home cooked meal and SOME!!,5.0,3890,0,0,1,0,0
8OYvDUbSPp4Xvlr0oC_sbg,vlKaEFJnekaS_SndUaOdvQ,3xFe7Nfx6jj4c-4VLXRoYA,16,A lot of money with excessive fees for a mediocre complex.,4.25,3688,7,1,2,0,1
iD-0sk3BWFVf0PQ3hg0Jzw,48LqXBQhBFQ-kpQBbITdlg,bbEXAEFr4RYHLlZ-HFssTA,19,"So far this our favorite current burger place. Very good, fast service. Worth every penny!",1.82,4383,29,8,3,0,0
RVibO7CXuQRJCJAXWZWTdw,dOONO5t259KHQ75S8LYfng,ajfBGoRGUzhD0fTXLENcrw,3,Amazing food. Excellent service. Everybody go to this place. Absolute amazing restaurant,2.33,2455,1,0,0,0,0
62JteI9Liz6HCuJE8Q3dGQ,AdDE35gGswrwvlqWV2WjZg,0zWYKUPvImD7ufl1RQ1jhw,104,"Super fast service, reasonable price. Good people. Only thing you need when it comes to good auto service. There's a reason why it's 5 stars people!",3.75,4216,78,7,22,5,1
mPE5iNCh8VuLqtccuCncdg,IH0HIhwvkK7pWnz5lzUZGA,bbEXAEFr4RYHLlZ-HFssTA,9,"I went there today attempting to pick up foods. During the COVID 19 pandemic, no one, not a single person who handles foods there was wearing a mask... I left. And I will not go back. The workers didn't seem to care, nor the managers or owners. Do I trust foods from there? Sorry, no.",2.89,4319,6,2,0,0,0
v5neFMOXrwqKHoyxIX7AoQ,uxWpec9KBK6U4zmIMUMhHA,MUTTqe8uqyMdBl186RmNeA,3,Hands down best sushi in Philly! I make an effort to try places around the city and this blows them all away. Superb dining experience. Exquisite!!,3.67,3306,4,1,1,0,0
PveXAw_4s0A4u1GgnpVh9g,hVPyu7QWaSQgOlz0rppmkg,nX6UtFI-nm-MOsMQoDIKLw,542,So we did Wednesday Bucka shock and I have to say it was outstanding. We also had the fried oysters which were extremely good. And a bottle of rose which was competitively priced. So all in all a great experience. If you're looking for a good buck a shuck  place they absolutely hit the spot!,3.76,6437,999,166,411,27,1
uaLIZvRK27gzh9bVP3crpQ,5XJZjDR5J0wvzeHp3L8IlQ,ABCbPwCFwgFc77gcoLcyEQ,21,"Not a fancy place, but they do awesome fades. Parking behind the store and they are open Mondays. Oh and reasonably priced.",3.43,5069,6,1,0,0,1
DEw8OjqylgF6rDahKzEmEQ,igVhtu-L-ROausMrA59Cag,vP6BGF8IqbXlLQiDP5n6dA,3,"Service is excellent, If you're lucky enough to get a sit at the bar, the bartenders are great.",2.0,2312,1,0,0,0,0
J_TBqNBK_yQ_FbQwjdptHw,tw25Lm_FZvD9rXtxKBM2LQ,YRYIopJGcNnUJ61TZXoZHQ,7,Luv it! The staff are friendly & accommodating. Our studio King was just divine. Simply relaxing and their rates are unbeatable!,2.71,4253,7,0,2,0,0
Eqov7njFvaWJ8v40Npdz9Q,kA6YesuXfM3mbTCgVgthaw,Ylc02u7HhDj0mnxeGt0y5Q,2,Food was almost as bad the service. All of the waitresses seem angry. They give you dirty looks and snatch the menu right from your hand.,1.0,3321,0,0,0,0,0
uOBNd0HNugd-6eFCxuj5Iw,3Yt9rlnKIBOm1UBnMsb81w,X9e_btDPux6JGqqw8UF_Pg,9,Been here twice. Sushi were prepared quickly and taste above average without fancy decoration. It is quite understandable since this restaurant is very much like an all you can eat type. But it does ruin your appetite by a little when they squeeze 6 nigiri into one small tiny plate. I would pay a visit next time.,4.0,3970,2,0,0,0,1
a3E4hlJzRB7dCFcS9ppUlQ,uWp8OmqkRrpNWUU2MPj42A,iIJDIIUVmcvFUZrgnj983g,138,"Staff is always great, but car may take extra work to get clean. Vacuums are ok, but they need some TLC. No towels provided.",4.52,5378,303,52,240,4,1
K5oZAdcmcW1fbyq8l9E1wA,mRutBC0nxHQQ7VIF_rnQRg,fFj8iQ8eVZui5kcPzPVIJw,2,Very disappointed  several times I've gone in early evening and they were completely out of donuts. Still had plenty of coffee! Every time I get there cream filled donuts there's no filling in them just a little dab in the edge of the donut. I grew up on Dunk in Donuts I now how good they should be an this place ain't doing it!!!,1.5,2646,0,0,0,0,1
DWlKzWf51pgbZ0LVGzDHtg,oFM1jNzEk2X4agmXtiaHsQ,ztppjLmFE25wZOQdJKXAuA,1,"Best fast Chinese food we have found in the Tampa area. Dumplings, Rangoons, fried rice all great choices!",5.0,1268,0,0,0,0,0
aKHLgXSaUEIlE0eEFKCslg,zfT2zyYXHhIYE-0JD-9X2g,ydq75wqbB6vevRvvFgINoQ,4,"I very certified with my hair cut, Steven be my hair stylist over 10 yrs every time he cut my hair I'm happy to walk out the salon",2.5,4928,8,1,0,0,1
UN54qbiAmUaL7a_o64W_sg,JkeWP2G0y3G7WzWfLqa10Q,J5oSRmzgq74Psm7ohIX6Eg,19,"Thomas and his crew are very helpful and efficient when it comes to keeping my car it tip top condition. They always educate me on what my car needs. I rarely have to wait, even in this new ""you-always-have-to-wait-in-a-social-distance-mask-wearing"" world.",5.0,4340,16,1,3,2,1
iUbq9yRUZtQzkZOed5hH7Q,R8VnLoPTJNkElsqUvHWfwQ,JfbMRq4Wa_XMK9RBQ3lHPA,2,"Thus place is amazing.  Try the double stuffed seriously... and these fries,  everything I've tried so far is amazing!",3.0,3313,0,0,0,0,0
BxmHPqynJ-zO_d9rZ3czqg,jscVEjQUtmwyxO0LibcBcA,7PfzN9GmM-Yndv8bIjlwJw,20,"Only came here to support a singer that performs here. Was my first time eating here, I got the linguine & clams. The clams were a weird green color and the sauce was very oily, it kind of grossed me out. I only took a few bites. the chocolate cake and cappuccino is very good, however",4.5,3288,3,0,3,0,0
lyzkmABVLqESelfBcsEk4g,xufrCeCF8GLTvowamJ45sg,HaQ1gzgyWJHwTIe1eS5NFQ,1,It's my first time here with my friends. The food is delicious and the environment is not bad. Suitable for gatherings with friends and family,5.0,3436,0,0,0,0,0
WJBPnUbqhJu2PXadmO8Bzw,d-UnWjdp567MVvCyREcovQ,saJFbz12EnzanelpD8_xXQ,232,This Starbucks on big bend is honestly the worst one I have ever been to. The service is unbearably slow and I have never been to a Starbucks that basically made a hot sweet milk drink instead of a creme brûlée latte with two extra shots of espresso. Disgusting.,3.94,3395,330,72,202,19,0
-pUg-wNTP5v5zRqxZtqQKg,a6n7RFinh4Z0iDZcNVwM9w,U6gikR4uhRl4zU8q3j02oA,1,"My partner and I had a great experience here a couple of weeks ago. We were particularly impressed with the care they took in terms of keeping everyone protected from covid. The haircuts were great, too!  Things ran on time and the staff was friendly and very helpful.",5.0,3493,0,0,0,0,1
voXjTufXW1zfWnozQsIX5Q,p65JTZORrN_CcQeRrlJ_EA,dhhq9NKmFAk7BxR6nuTfvQ,7,Wow sooo bland!! I wouldn't recommend this place for good sushi. Everything tasted like nothing!! I taste more lemon because I wasn't happy and kept asking for more so I could put with my soy sauce to dip my sushi!!! if you want REAL sushi go to miyagi's or naked chopstix in north side.,2.7,5544,3,0,2,0,0
yqDY2T4M0Yb4NVFlYVCiJg,qh6PibZTthm7CvodmcN_YA,OEFLt9arhAMPgNWegGwXCw,86,"Staff was great ,short wait time Dr was super nice prices reasonable what more could you ask for",1.95,3501,120,67,15,2,0
wCxXpy9Fvr8L4qxBPm1y0w,OFxSbxm4jWg-df7wP8zsOg,zB6YGDKwRC8oiaEu3_Tieg,8,"A beautifully curated wine, liquor, and beer selection.  The best wine store in Nashville. There's nothing in this store I wouldn't drink.",3.88,3228,4,0,2,0,1
tbvIE8VfFPCPigcSO7MWRg,DKFcufMNnJtWy8ZxfDaDhQ,Z2_-rlxyXQsqcGXChydhlA,1,Excellent. We love this place. Try the chicken enchiladas and desserts. Very good. The staff are very friendly and helpful too.,4.0,3107,0,0,0,0,1
wI1xPWQkp7tbX1FqPI6KGw,3GUg8kydBrk8KEV_hPbnJg,v2Z_d9d2GWCVUTtPg5ucRw,2,"Absolutely incredible! The service is top notch. Our waiters were on top of their game, knowledgeable and could answer our questions with perfect description. The food was incredible and prepared to absolute perfection. Do yourself a favor, make reservations and do not miss out on this St. Louis jewel.",5.0,3233,0,0,0,0,0
LIwOwc3mFY2GmqfhSHNgIw,lXcc2mdDhBRYW1UFwuF4Nw,D6RHhqoMP6AaRNUbgeCiMw,90,"Meh, strawberry ice cream tasted a watered down.  No sampling allowed.  Scoops are pretty generous. Go for your supermarket, get haagen daz ice cream instead, and save money.  But for social things, ice cream flight might be fun (thus 2 stars instead of one).",3.95,5137,59,14,18,3,1
8tOg2xjY_1CEW7kPoPu1-A,pCY7vg2LgdmlkYTH7Zb_1Q,0xiViteETbE7KUUwbW0_uA,4,"I love living here! Perfect for me, quiet neighborhood, courteous neighbors.",5.0,2491,0,0,0,0,0
2_pXXGGMCZKkhPsE7jEcUw,rz58HxLGgGUGT9axoRK3Eg,D-1BoOczhXGgwhBOR5v-nQ,1,"I love this place. It's my go to for healthy, fast Mexican food. They use fresh, high quality ingredients, and super nice people work there.",5.0,5257,0,0,0,0,0
NUZix_gUToQPNUZExEF1QA,Egu-Igqx3V-M4B2sweiSPw,fKrmWy4GFsrgdOYhN9pyZA,6,"Sehr Lecker, aufjedenfall zu empfehlen",4.67,4421,7,2,0,0,1
_oiflvDKKWQ6sha_bol9zQ,I_XueZBOlBs4PB4DKP5efg,WjmczOJVjnU6zIrCvdqptA,21,Had the yellow porch burger. Not bad but not good. Went on lunch and was late getting back to work because it took a while before a server came to the table. Food was out fast and was hot and fresh. Never had chips with a burger at a restaurant but the bright colored chips were great.,3.82,4359,7,1,5,0,1
p4Y8j6uVWSKyszhfbeBxAg,DfxjZrVDGsmjLR9j1KMQqg,X24KuhEf_KN9fysi6wR8Ww,1,Awful. $12 after tax for a car wash that was about as effective as a light rain. Worst car wash I've been to in Tampa.,1.0,3681,1,0,0,0,1
Sk-Pyu5gy8Pa95XiiQnSnw,CihjhXv6sA3fjegVT6VAKQ,xuhn6Itsf--h8-epxirWGw,5,"worst sandwich I've ever had and not real nice people.  My sandwich had no mayo and tons of pepper, like that's all I tasted.",1.0,3665,10,2,2,0,1
sgQsvVku8WBU4EF4X4-hcw,EjFuEF6w59l8Q7tdbgZj-Q,XZb7V2jnPGL9am82PN6LjA,70,"My favorite for frozen yogurt! Creamy. Nice range of flavors, but I love the vanilla and chocolate swirl. Topped with kiwi and raspberries! This location just reopened, they had closed for the winter. Happy they are back, and hard to beat the price, 25 cents an ounce on Thursday.",4.23,4298,41,9,21,1,1
_gho10OzreJqmmTppvQGtg,CAUzUEpk2Ec114BmhuE8bw,GA9OAgqv9JOHzXrvKCQVOQ,18,"Can you spare the Salsa???  Omg this was the 1st latino restaurant that I ran out of Salsa 2 times before I ran out of chips. Portions are small. We went during Happy Hour so the prices were reduced. Unfortunately so are the portions. Frozen Margarita in a 10 oz water glass, Seriously?",3.5,3652,10,0,0,0,0
_vHSTvqoEIpvmOjWV7wQFw,F-L1E5WgGqt84Sy2miMlMA,Zz4bSKswq7ICtJz5zKmRGw,2,"Great food, great drinks, great service, great atmosphere! What more could you want? Awesome place for a Sunday Funday! And they get sweet bands.  This is a perfect place to come hang out with friends, we come here every week. And Mike, Ellie and Alexa rock behind the tiki bar!",5.0,4752,0,0,0,0,0
BUVgUD1zUMipeUf2HgBx2w,YPRIyVbgxJNVvK1InR6kYQ,vfD5568Nt1B_ImDC75fBIQ,109,Great customer service!  My favorite do it was sold out. They made me one!!!  Restaurant is always clean and they are super friendly to my kids.,3.87,3596,97,8,50,4,1
z95YxxOU-n5xwmnWOuQTIA,6TjP6tXhTwdIFogT07TDww,hXoepjM1gvw8kfcMtHqiyg,46,"Bartender walks out to smoke while bar is full of paying customers. Not once, or twice, but three times in an hour.  Blew my mind.",3.59,3604,11,7,3,0,1
mdbC0E1DVGkcDC1h5Gcs3w,gMJlAuMOrO0_pDiGn3dlhQ,y6HD7qhOsXt-BTnkuJLUSg,179,Typical but clean friendly location. Location very near the Wilmington Riverfront is a plus. Not much else around.,4.3,5413,90,16,21,0,1
P2fMvWYO82Y4hO7esXgHDQ,Xs59WpaEaFffkMT3VfXgDQ,clwjLY7PdYJpe7IP9lrqEw,3,"Definitely the best Mexican joint in town! Top shelf margaritas are the highlight of this place. Pretty much had everything on the menu here, never have I been unsatisfied. Prices are reasonable food is extraordinary. But back to the margaritas, they are Godly!",5.0,2691,1,0,1,0,0
anM6XbVf5w9wB4zumZdyUQ,fknmsyD7puGGX_UrC2SZDw,iotVPlD8E_ZY-XP9Fey8yg,42,Awesome folks and great prices. Right across the street is a plus! Not far to walk and will definitely come back,3.3,2355,9,0,2,0,0
wQYf_b3_RqQJicUXHA3ngw,-LMrmq5WD_-RLYRjbBz_9A,Mre7_LerIx2ioiSdpNkY3Q,1,SST is a fantastic gym. And Kyle is a incredible trainer. I promise you won't be disappointed.,5.0,3715,0,0,0,0,0
_UeL6hjxP1-iaj0UuSp3HQ,Oc-AxvsThXls0poSvjk8Kw,qOMRVHEarly8iLkXE6p-Xg,1,"Don't know why people like this store at all. Worst liquor store in the area by far. Was good before now, the place is a joke.",1.0,2672,0,0,0,0,0
G51oA_bn7JDClgOWDq6D_g,5PrHw3jrIaKYCC7moBG_4Q,syOVUoTBaa51hAYYsUnWng,47,"""Simply put...everything is DELIZIOSO!!""

This is my favorite Italian restaurant near my home. It's very difficult to find quality Italian food with decent portions at a fair price. Giovanni's gets five stars on all counts.

My personal favorite is the chicken parm.

Make it a destination if you, too, love Italian food.",3.35,3094,45,3,5,0,0
MqYO7nvUJTDr7nC9ZnTGaQ,V-h9w52c8NauMEIHk2JvHw,YlJegcnYZ4NDJfyKn0WTMg,4,"Service  was fair,  food was nothing special.  There are better places in Gretna to eat.",3.4,3427,3,1,0,0,1
t-2o35kr7Q9DSaeuKhaDuQ,oX7o1TH0PHUWp9r9ry9_vw,jLn69WQupjsDKrbPw_nlGQ,182,Never really had any issues here other than they seem to be out of wip cream all the time. Everything seems fresh to me. I'll keep going back.,3.92,5340,155,56,67,4,1
7WaDKp8L6LRO9Ab1zltiwA,Rc2rzMgTmFAeRVyGudE0AA,r9sFTXBUGSYB7orbyY0PLw,101,"They have a very solid beer selection here touting several microbrews and specialty cocktails, a big plus for this ""middle of nowhere"" bar and restaurant.  Many of the visitors to Nockamixon State Park should find this appealing if they stop in for a cocktail.",1.93,4300,49,11,3,0,0
dOEE7NkDyYiuX5S3GOMRYQ,FEUTBh4ZSlq0WjW6Bdr2KA,8bv3rsgYxXjBkhHT-dZpaQ,27,The hotel is ok. Rooms are very small. You pay for wifi but it doesn't work. The valet service is horrible since the cars are probably parked in The next state over and they charge you 35.00 a night! Hotel seems expensive for what you get. Over 1600 for 3 nights at 2 rooms.,2.28,4269,12,2,1,2,1
qe9K0x9NpMXxxom4K1RIvQ,F9_nAb_4rOy2MCu-iUluzA,1aSABPmktJY072mRN7_h6Q,48,"Was one of the best drive throughs in the area, now it's the worst.  You can't use the McDonalds app to order and the drive through system has been down the last three times I've tried.  Today, the drive through was down and they directed people inside. I got inside and the registers weren't working either.",3.94,5067,23,3,10,0,0
xtTH8jS466OPnOKsJowUfQ,0b__8Nj4uM4pj8cDxZtpaQ,ROxMr_gQm-Xk-rffBo_8mQ,9,"The worst cleaning I've ever had. Missed the hood, roof and back window. Paid for tire shine, but no shine was applied. Won't be back.",3.67,5283,1,0,0,0,1
zJYvMZX6UMRV34e_NgI6hw,Hk9_dVMjlcf-tUtM8t5jcg,e8l4qKiNMzEOqm2PH18E2A,178,"Very nice restaurant at the airport Marriott. Service is a little slow but the sandwich I ordered was delicious. American beer - 6.00 draft, 7.00 bottle, Philly cheesesteak - 18.00 (overall a little pricey but if you are staying at the airport Marriott you don't have many options!",3.86,5161,211,29,89,8,1
fMDIV39yP-CrXxN-VN8G7A,ixyVCtFEn3zCx2MGKdVWqQ,jRpK8oG_8QKaPGaaKiCyng,33,Ordered a maple wood thin crust. Gluten free dough.  Fresh basil was a nice touch. The sausage seemed dry and was not pleased with the crumbly texture.,3.36,4102,21,3,5,0,1
5dBbjwkNc9IfWK_XvkoVLw,2c_HdBd7ga-pSYfSsp1H6w,XaBOwJFCe1odBPYdIwCsPg,1,"great dunks. fast, clean, and lots of seating. the upstairs is usually quiet. and best of all it isn't a starbucks",5.0,3390,0,0,0,0,0
P8pRCjEfLhnSx6-2P840YQ,eZ8PQPFuR8yfwQOU9IANGw,1Pxg1AMf0rEn9QF__ZYoWw,289,"Its been 4 years since my last review and It deserves an update. It tastes better. 

After recently eating more sushi, I went back to Samurai. It's good. The fish tastes good. The service not at peak times is fast. I like that the place is small. 

I still went with Spicy Tuna Roll and Vandy Roll. Both still delicious!",3.79,5524,587,227,289,31,1
vYyqz-QeTS6J155SAgwV0g,r7kgbZmNvhJRWfynFCb0NQ,fc5rutst3H7FkDyfgc5prQ,3,"Awesome!. You never disappoint!
Deeee-lish pie!
We will be back again and again!
Quality cheese...flavorful crust..perfection",2.0,2893,2,1,0,0,0
9B99j6eQiy1Nh0hiHUz9Yg,ywBQNoBRVn1GJQgzynmXqA,APpjlHiumQgICzTH9h2CwQ,4,"I love the wash the property is very clean and the staff is friendly.   I love the membership, it's the best about $40 a month and I wash all I want.",5.0,5518,0,0,0,0,0
UwqdFc4ye7P43jRxvtJSFA,PlWN_4cIqYfjT8CkS6aWRg,SbhE1Ns2EQ_ROA0qsR0dfg,259,Love this little starbucks.  Great drive through.  Super friendly staff.,4.56,5062,220,88,134,8,1
lw3IfaM93uT5aUTawZ0yLA,hY0QYNIRTWLTom27ywqCGQ,szdH65mQam5lNncCfJLUwA,68,"Pizza is gross. It actually does look good. I've gone 5 times in the last 3 months, and it's bad everytime. Stay away.",3.17,5136,88,17,12,1,1
abMDSNYGcfaN--ssGjr8Ag,6QuXckT0WImSEvdn-cwE0w,eiw-WVZskBywwHn40urBKA,35,"Delicious Pizza!  The square Brooklyn is the best 5*****
service is fast and friendly
Price slightly higher than other local pizzerias 
Good place for large families or groups
Only reason for 4 stars is the weird entrances and lack of ambiance which are important choosing a restaurant to dine.",3.56,4461,44,10,11,0,1
TSzPaxf8gNJ3kuNYjVwWOw,h7Fu_x5ge2V6H2S6wuQh7Q,zJuhdsotDS-Et4IykFZXHQ,1,I love the all you can eat sashimi and sushi rolls. Everything I've tried has been really fresh.  The hibachi is also very good. The staff is very friendly.,4.0,2996,1,0,0,0,0
O_ipBW13-CMkKVaHfj7z_w,JTMgOaSJG3FPVMVvLN7_lA,MnTKfAJmcLYB1XA7L7uCsQ,50,This hotel was absolutely the best place to get a great nights sleep and wake up to fabulous grounds with the best customer service! There is a boutique hotel in Carmel that should sent its staff to this Marriott to shadow the employees to mirror the Marriott staff! Bravo Marriott!,3.25,5292,69,23,19,1,0
U8JdbO05naRnrZhBTX7eYw,dnDsYNRCFlGhYyA45VLNdQ,ySKtGxlOYko_DQ7DQlPxBA,3,I ordered and paid for wine they claimed was in stock I was notified the order had arrived for pickup drove 12 miles to find out they only had 4 of the 7 bottles I had paid for. Clerk was completely rude when I asked where the rest was.  Still waiting for the credit to hit my account.  Horrible place!,2.33,4252,1,0,0,0,1
bO8_K3WZMxb5_xdpyd9gzQ,LzqVpWTLYS8Ng_jI6elQDQ,OcWjOka2Ni3IpOSotlVDbA,11,I loved the flute playing n it really took me to another place I love ritz Carlton and felt like I was very special.,4.31,2840,11,0,0,0,1
zclysHJq08tpa3TCTz9A3g,h5-NsPUzUPd2cS4DEEIr4g,3KI0WnM1_lnY4QPRtT5O8A,638,"Ok, I went there today after visiting with a client, it was a long appt. and I was hungry!  

I got the falafel wrap which was very good, but I also got a piece of the carrot cake which was dry and actually, quite gross.  Stay away from the carrot cake.  Aside from that, our lunch was good.",3.19,6714,988,378,382,17,1
NDyuEEcUWb9fBzqfxMyipA,iSOwOxj2ToMbN7rE08Gezg,o23u9mkRVT-JZeYLiVfczw,1,"Won't go anywhere else!!!Rocket Express rocks!!!!! Vacuums are awesome, spot fee wash and friendly staff!",5.0,3226,0,0,0,0,0
dcIQ1PQQ_jWYSOviDa78vQ,fOj_VK1rWnHnHIUDntrUzA,ApMAC2k1QMoqdsQXQPUGIg,1,"I rarely use dry cleaning services but Park Cleaners was quick, affordable and did a great job with my garments!",5.0,1923,0,0,0,0,0
IzNuzBwhhN1OSTBV9-OiHw,c0IMYF8iU-qTjEMzhaIAsQ,J5oSRmzgq74Psm7ohIX6Eg,42,"Don't even know why I bother here anymore. Got here at 7:50 AM Wednesday morning for an ""early bird special."" Guy ended up taking two customers that he knew before me, then proceeded to tell me when I asked about special that I would get ""5 bucks off at best."" Nashvillians need to unite and get this place out of business!",2.11,3812,16,3,1,3,1
m3Qfwyo51L5D7VUY7b14nQ,xCPZK7roCY79i24943RGXQ,KabN4d4St6gxsVIA1KzS7A,3,Horrible experience!!!! Do not join this gym.  We went in and cancelled our membership over a year ago.  They claim they never received my cancellation and have charged me and sent me to collections for over 700.00.  Will be getting my lawyer on this one.  Stay far away!!!,3.67,2835,0,0,0,0,1
-Qj3x2ZZJX5YLTPwcpCvvw,uUtry3oVt1Fj2-g8k8_ekg,Mbr7CSl0bvDo5kFvZMPv_g,6,i forgot to take a picture but all im going to say is that those crabcakes are to die for they are delicious!!,2.0,2398,1,0,0,0,0
mutXafTkC4iYZ5FOelZqog,eCkQX_cDCJrJi27Dxk8oXQ,AzseSGgDC6bVtMPEYo1CNQ,1,My favorite ice cream was bubble gum so delicious. Their is no place like New Orleans the best foods missing my hometown.,5.0,2971,0,0,0,0,0
nMlS1h1hJRRLMOBmbv2tXg,4JaCjJb0IkxJczmSlNNTdw,oEcWJZDKjFbTXcOt4sqE1A,10,"I just a iced Carmel coffee. Delicious refreshing , made perfect. Starbucks is the best.",1.9,3585,3,2,1,0,0
JuJuW5UrKfX9RBctHMWvRA,aA58c2QEcumWGhwRJnm6MA,L0x5JdlOmcxFvyUgay6HLw,36,They lost our order & it took over an hour to get chicken wings.  When we ask to talk to a manager there wasn't one....we were informed that they don't come in till really late.  This restaurant runs just like a ship without a captain.  It's disorganized & no one knows what they are doing.,4.44,4055,26,0,5,1,1
qHEfdebisheoYQmzYS8crA,PR7XS6OA-6ylu8sLGObUsQ,wVUbUKG9cSk1ycepwZH-3g,559,"Food: 3.5
Decor: 2.5
Ambiance: 3
Service: 3
Value: 3

Their chicken cheesesteak is fantastic. Every other aspect of this place is very average.",3.59,4674,189,52,62,4,1
HUbBWjmD0OhU0z_b7jTazg,IEXCUy2aGRxgQ6hkJQYR1Q,LHRkR1Yg0Ymj1BodpB9PCA,18,I've been seeing Dr. Martin for several years now... She and her staff are fantastic! The best eyecare professionals in the area.,4.44,4415,15,3,3,0,1
I5rTmyBIkB3JvZ4D5NKCzA,bUN-sLR8fN7jKuhXoa0mvw,4_VDvhKpKSsj7jZYdocZYA,327,"Food is pretty mediocre here. Went for a friends bday party and ordered a shrimp/chicken type of thing and you can taste the shrimp must've been old or frozen...not fresh at all. 

Sweet spot for a date cause the decor is nice and they got an outside spot. 

Best part: byob.",3.91,3692,328,61,238,17,0
jYK4iYCgEr6vK1rFOKM0Kw,THj7DRKNXs3uM4jm8Fq7OA,D-1BoOczhXGgwhBOR5v-nQ,3,"ABSOLUTELY LOVED IT. There was a young man working named Alex I believe, and he was beyond welcoming, courteous, and handsome. I'm definitely coming back!",3.67,2919,1,0,0,0,0
RoHEN69RUbPhfz1ABEPUZA,reuu6Pcc2WgnVrxE-Rtmxg,vy_rin8cRkzrUSmcVpFpJg,1,"Good hair cuts at a reasonable price. The shaves are great, but a bit pricey at $35. Felt pampered. Ask for BJ, she is great.",4.0,6562,2,1,0,0,1
9xLbi4QP8wBkXttJw-8pYA,4kjVKQhMJKdlasEkn_Nkxw,r7nuOK2VR0Xw4n8vv4w8AQ,328,"So glad to have an affordable dry cleaner service with friendly workers who return my clothes nicely pressed and smelling nice and clean, unlike Broad Street Cleaners (for the last part). You do have to pay in advance for the discount price, but it's worth it!",3.92,6192,904,143,529,27,1
RSkwrkFdxBm0vx8WbLxiQg,Zn5zLzptXYtJA9muBOiNLQ,Eg0Sxbt2s-MHbGIZ550M6g,62,"I wish I could rate these folks higher! A great, professional place to get your hair cut! Also try the great line of shampoos and conditioners. Jenni is the ONLY person I trust to cut my hair and trim my beard. She really is a GREAT stylist and AWESOME person!",1.47,4785,108,36,13,2,0
BaF3RbgcVYg4nGaoTzqkRw,moSU-Aj_OVI64jXEodft8w,XlbFKW_Keun8qh1S5m3QgQ,1,"I am beyond disappointed with the service I received from this establishment. Not only was my food cold, but the hamburgers were less than half the size of regular McDonald's hamburger. They were like joke hamburgers or something. Is that what you think I am McDonald's??? A joke?????",5.0,2704,0,1,0,0,0
Pxx7fVpERVH1iqPAiaGNdg,pwn5rvvZdchh-mNdKtypSQ,zFk38MOcCRPXf8Ul94vmSQ,1,"Great pizza, garlic knots, cheese steaks, and pasta! Can't go wrong with anything on the menu!",5.0,3343,1,0,0,0,0
GmNV0kYCdM0863gek8Agrg,QI6RKLHDRRGyKtURGKWOkQ,JcP1z6eZBgTIcxWlyxSw0g,10,"We went for a 5 course pre fixe NYE special and it was delicious! All the dishes were unique, fresh and tasty. Not to mention the glorious cocktails.",3.3,5071,21,2,0,0,1
iXiY9536WtssXpW8kO1y1Q,xbjq4lKiZnr8b4_PhjPI6w,0JoB3ThhI-DS78-1Ks1EUQ,15,"I got a togo menu in the mailbox last month ago and decided to give a try.
I ordered Special Boston Roll and Rainbow Roll I have to say very Delicious!!!!
Fish is very fresh and I like how they presentation is very nice and give a big roll when they say it special roll^^",2.86,5086,46,2,6,1,0
VmuLGb_Og5bT-CWGU4Jmdg,DxNC6nROhI2wf950MYnUGA,f3yKZ24U-j-TeJfOKc9gIw,5,Ice cream was great but the service was awful.  They were not even busy yet both employees were rude and both seemed to hate being there.,1.8,3794,5,1,0,0,0
LsM7dUUktAtSPylVkHazrg,VozQJwMjZo22lR6nszzpng,E7MXV4SttBtCmcZC9mnVYw,1,Lobster Tacos were legit! Staff was pleasant & food was exceptional! When u come to TI definitely pay a visit!,5.0,3176,0,0,0,0,0
7j1QjKfQ1fjGt5YFW0IVhA,AT5NboU_OPutS5FHmxweUQ,DKyJMM2209QrTgclzoCUpw,1,Great sushi!! I have traveled several places around the world and Cafe Mochi has the best sushi.,5.0,2314,0,1,0,0,0
2RfSt91HrXGaQuKGvfvrWQ,hvvQp_UId_ygxW2CqJ2XDw,GA9OAgqv9JOHzXrvKCQVOQ,5,"Excellent good , service and atmosphere . Ceviche is delicious !!!!!!!! The music and the Lucha line decorations are just perfect !",5.0,4149,6,0,1,0,0
ThsXgc1wFnQn9mB8REkhlw,jnl9oBKQtWk9HrfSfI4G5g,Q8AUWao-MDKhhvd6ncqoxA,7,Omg!!!  That's all I have to say about this amazing place.  Each dish is individually created for each special patron.  Love it and will be back!!!,4.86,3393,8,0,3,0,0
FjS5QgW_hWvcHB50iKxM4Q,5HOflYDdWeVu1J920CQMxA,GLoP6o5UjGa3g-IP1L32JA,1,I got up very early to get my husband and kids chocolate doughnuts with sprinkling before they wakes up this what I I got,1.0,2756,1,0,0,0,0
URgdzY0vyaim1R1y3NSxcQ,79wfytvZjd1SCzjire-gCg,q65rexCPby1q3kHpKNkMwA,11,The staff was very friendly when we came in. Best visit to a McDonalds I've had in a while.,4.18,3370,8,1,4,1,0
zji2Le4rDRawNv0oS4_sfQ,nKATyUTqMxAd2K6Qt1h1mQ,TsEPJq3emhEj3flfZSbJ6Q,12,"Eye doctor was very good, thorough. Get your exam here but your glasses, frames, elsewhere!",3.15,4577,11,0,3,1,1
fXPjRZjPx9Ndkeq0K5zJ4A,ecy3cf-VRFg50FVc4nXZyQ,gFoMuC0IB99Mf2_6yR-QQg,9,"It has its shortcomings.
But finding a grocery store on the edge of the city was a blessing.
Nice people inside.",4.11,4948,2,1,1,0,1
2Nq-8xz28cPAOK-1O4xxDQ,OV-SFcgWrJwFwHKUIJiUSg,RP8JKUeQHwz_aRYjmipokw,10,Super sweet people who run this place. Good Chinese food that isn't overpriced. Highly recommend,2.36,1924,5,4,0,0,0
VeSJDFhaXgDiTZqinLFDCA,xmtUXyZGNMVghxf6BtokjA,MdqvcsCUSig-0ga4ioxn7g,1,"my absolute go to dinner spot! food slaps and prices are clutch, I'm here so often they almost know me by my name.",5.0,2442,0,0,0,0,0
JteprxDa0wwy0urC5POCMw,XBymCY9pUOGFlEskuDXmuw,AlSI8wUUE009cwaWSuh5rg,16,"More grease and MSG than one should have to ever experience, even in a cheap Americanized version of a Chinese restaurant.  Second star is for the staff, who are at least polite and do a decent job of keeping this small restaurant (there are maybe 8 or 10 tables) clean.",3.31,4518,8,3,1,0,0
C7mzOYkwA9roa3hgC4vcEg,KqBUD2AWQwIaY63seD9RAg,M2S5ELqHjz1B1booBTN1dQ,75,"I like Subway, and I like this location. But they no longer have the small pizza, which my little boy loves. Are there any Subways nearby that do?",3.95,4005,22,6,2,0,1
ydtJFPuLyzeSmJCtYw0T1A,omXa5JntDA7d7YvRiS3HMA,W5Tqqf-U7-f4RGVfIDQyxQ,1,Kevin is amazing things. You deserve a superstar. He fixed the Air-conditioning in no time on a very hot day. Great personality and very hard-working.,4.0,3284,0,0,0,0,1
Y6qqJiy656WZnGbAAa-KqA,OijowIHJd4YmziRmNjWwuQ,mLrt_o9RilIWH4lFDSFENg,18,"I have been here a number of times and have always had good experiences. For some reason, the service was really bad this time. They were not especially busy. Maybe the waiter was having a bad day or he is inexperienced.  The food was also not up to their usual standards.",4.06,2302,4,0,0,0,0
kry2PJX7agfsYJHyLwB1iA,lrjGlvDdIJzu3RgpF4-Ibg,LlGIlNJE2Nv_PXkH7l4Wmg,82,"Good, but not great. Tacos are small so get about 4 for a decent lunch. Honestly, El Sitio is much better and is just across the freeway on Calle Real.",4.0,5031,82,19,28,6,1
sU9A0zwnehSSF6s60JxUSQ,KPRf0pzVk6Jm1Mt4cCciXA,Em9xPtWJst1AYROBkDZYBg,45,There's an x-ray at all Dunkin' Donuts just make their own rules. Change the lid so you spilled coffee all over your car locked the doors unlocked the doors no bathrooms and now this one doesn't let you order anything on the inside at all because they're too busy with the Uber eats unbelievable horrible horrible service,1.6,3001,14,4,2,0,0
E44Kz87Prpd4FIa9wmu5Ig,FMBXhjehfwgBBOMlY32JyA,2-5VDzx9G7KlF8-nUngphg,4,Food was pretty good. Staff was polite and SUPER quick getting our food to us.,3.25,4669,0,0,0,0,1
mXaYBafB2N2HYBvPRPIxnQ,r1mcRdG-s5jdjWU328Mf8w,WVjiE-xpuchY7z6xwGXtaA,5,"My go to for pizza but NOT cheesesteaks. Just picked up 2 pizza steaks and they were skimpy. Knew right away, they were very light.",2.4,3336,0,0,0,0,1
eEsgQOrN4VvGMt5ln4QPWw,skMEvf31LCP1b9mytr2-bw,8jAX9NCL-JGh9WNJcTvXZg,12,If you want to spend your hard earned money on an exhaust system just for them to steal it and throw some cheap pipe in instead this place is perfect.,4.0,3278,11,4,4,0,0
kBCTN47KWvzcxSfxBh_Ehw,_UsxzzECDjByrFxEzJQqOQ,RDZJ5eoX48cm5_2JIgHnJA,47,Close proximity to French Quarters and shops on Canal Street.  Not too crazy busy. Hosts are kind and helpful.  Only issue we had was that it was very noisy facing St Charles Street and the water running throughout hotel  pipes are loud.  Otherwise great hotel.,4.19,4890,18,2,4,0,1
i3z5ScZbeqlMWxXDLLRvhg,BNX_mMCoUnHuZcXvljvcUw,LnQRfj3pPz0369stRnwUWw,1,"This place is tops. Great service good food.
Every time we have gone we are glad we went.",5.0,3464,0,0,0,0,0
-6-2bKyCdi10PfGlim4T8A,bzdKseOKgoxGudgCee4q8g,9XZWXwlySRwTjdLIQteMrg,2,My hair is always on point after getting it done.  The stylist/owner takes her time and makes sure that your hair gets the care that it needs.  There is definitely a language barrier but but despite that she knows what she's doing!!!   She'll smile while keeping your hair styled!,4.67,3936,1,0,1,0,1
3yxu3FoIVGq43My_h2zyAA,RmW2mKDvU7Ao4TUf-Opc0Q,Adk7onX_5mfD_HWmUEAhmA,1,"Prices were very high, Restaurant had a strong smell of spoiled eggs. Overall not satisfied with my first visit. Will be my last.",1.0,2469,0,0,0,0,0
QREoJ-GQWI-gBGDJOy9J6A,9N4N-H2CTnlUqhB6R8R9MQ,dsa9VHMbKESk7oaxHT6_1Q,33,"I am extremely pleased with the care and service of Luckey Eyecare. Everyone in the office is very pleasant and knowledgeable, this was the most thorough eye exam I ever had. I would recommend going here even though they can be a bit costly even with insurance coverage.",4.29,3295,3,2,1,2,1
AuUPDSq8oIj4DuJgSRCiLQ,DrOyoJPsKy49Q_A1lYayMg,nzMsAREnsFlsCHsBUwL2SQ,106,"Not the most authentic Chinese food in Chinatown, but still tasty and open late.",3.31,5434,87,9,17,5,1
4XXIT8nl4uuHXCMwuw7KHA,wPjsPfaH6U1dVEGvfeIR6g,-YkwkLJwWGh1iEnpvf-vSA,1,Great nail services! Laura does a wonderful job every time! Manicures and pedicures are great!,5.0,4116,0,0,0,0,0
cX924VSprJMs8tqmaNcRCw,RmdilIPYRvhSXI7gCEsGOA,pKONQc8eYlnF0L54YpJdQQ,5,Delicious food and large portions! Highly recommend this restaurant! We went to this restaurant during vacation in Clearwater.,1.8,4698,1,0,0,0,0
DKUUq0PI46wEF7G9v7UgpQ,7aPBZkK8pwP5EmX8XB0Ckw,K-jkw6HUZIGlBjOiYmvvsw,148,"I love this place! I love Starbucks in general. There really isn't much to say about it. My order is always right, the staff is very nice and quick. Even in the mornings, they are spot on and always smiling. The Store itself is very clean and well kept. It is a great spot to get a cup, and chill.",3.74,5419,219,57,42,12,1
c33iAMm1Bp2tB7MRCwKBmw,BEj806hBbZwOgdJVFd1AOg,vsjqbf_LS4IjrFEA4Bon9w,6,Has great food.  Love their pizzas.  I wish they had free internet in order to have lunch meetings there.,4.43,5710,12,5,9,0,1
o-Yf0zYlNSAXdRS0guv-Sg,4B8YaOyFdh3zAZgXGGyBrA,rKGZ52AboX7F9tdrugm4Cw,34,Over-hyped and over-priced in my opinion. Don't get me wrong. They have good mac and cheese in several creative variations (most of which I would never care to try) but you REALLY have to be a Mac-n-Cheese lover to appreciate paying $9 for a main meal consisting of a small skillet of mac-n-cheese.,3.97,4277,21,4,3,1,0
4ofED0uzqOjjsDeJa2K1PQ,sDEOeR5nki_MSneXHPb9fQ,JDwp5guESWuyng2MSBYEjg,3,Very good food! Great Service! Great Variety in Menu with awesome execution and at a good price! I would highly recommend and know we will be back!,2.0,3710,3,0,1,0,0
rhv9McLs9YdNUuvDSB1yiw,7c6IY_DV2uA63OOnaBit0w,iW8k60yEOJAZgSgbHaUtYQ,1,My brakes needed an emergency repair as I was only just passing through St. Louis. I called Miller brothers in the morning and they were able to fit me in later on that day! We were on the road by the next morning and now safely driving because of their great work!,5.0,1702,0,0,0,0,1
hq7SYdjUnkRsPWX0rnwQGg,7GXdghH1BuN7AQwL1SWKiw,3lsE-1hRI526KHKbeytPcg,6,"This place is a disgrace.  Rude service and fraudulent business practices, in my humble opinion.  Repeat offenders of no deliveries with no notice, refusal of refunds, etc.  I filed a complaint with grubhub and am submitting this review here in hopes others avoid getting ripped off/treated poorly by this company.",3.0,5065,6,1,1,0,0
ppZx1d9zKp3aFvpL3vlPqg,WEgJ41A3V3f81GTwMleR9Q,klmmVypIS-xJsB8h9H2K6Q,5,The calzone was amazing!!!! It was huge!!!  The cheesy bread was great as well!  For the price it was so much food!!,5.0,3709,0,0,0,0,0
8dFJDKMSdgP3zG-4WCm9MQ,qWYmMgvtgMK6wDzprFqC9w,sCRN-PqagNGX_5F6HjB3bg,260,"I had an ok experience here. To me it was just another nail salon. I've been in twice. Once to have some gel polish removed and the other to get a pedicure. 

The place wasn't anything to write home about. Service was just ok. Though both times as a walk in I was seen immediately and didn't have to wait.",4.01,4031,576,97,415,21,1
IFXAPGJnQ3KoRaFRK93FBA,MdOEvVjhmL_zGwZM-XyXrA,oGQb9Cx9Sk0Lvuns1Wf3tg,3,Every time I come here I have to ask for extra ice for my iced coffee since all they give me are a couple pieces that are melted.,1.5,2835,3,0,0,0,1
Ho03zf9NrduMWlTF0ecDog,iI5O5Aap_nuotEzOMkJ8BQ,fM8SEJJndoP2oRpJDs6NgQ,48,"Not responsive to customers, unapologetic when out of requested items. Generally cavalier attitude toward customer service- spoke on the phone and in person and just got the impression the person behind the counter didn't care. Donuts are pricey- there should be some consideration for the customer.",4.14,2448,26,5,4,3,0
aNDKeKwQG3jjW_4A4hvy0w,01FyVsAoWx1gfodaLiGrRw,efVCzhiCt7bnlWzQyQlYYw,4,"Never had a bad experience here. Great, fresh food every time, great employees with awesome customer care skills",2.0,2724,4,0,0,0,0
3W6h27hWBqAT4kjx6fq9KA,eaf6p44g7QOSsI1ib9c_Eg,5rQIUzk-rieVn0QH3AjtPw,18,"Great place for your loved ones.  Very caring ladies that know how you make your pet comfortable.  My dog came in all scared shaking and then the girls took him did something with him to make him feel comfortable like home. I was amazed. 
Great doctor and great front desk. 
Super clean and smells good. 
And the prices are good",2.68,2408,11,4,2,0,0
N2OfTa8ZjaPcSIMjbip6OQ,y79uB9SYowdZBpprlJYSTA,jNX2rxeTB2AMT9HTkA0T5A,13,I went in to get my acrylic filled. I had some fungus under one of my nails and so we decided to remove them which was fine. The down part is they removed them by picking and using a face nail to slide in between my nails. One part that she could not get off the nail tech just filed down and painted over.,4.15,4028,1,0,4,1,0
f7z3fxlYMBRqB-bRmNSqLA,UP1NZYzJ4NHHyOycuz2CWQ,-FlSjORFdUUo1WMKeh9h5Q,1,Great place. Service and ice cream are so good especially on a hot Summers Day! A must try for sure,5.0,3645,0,0,0,0,0
QywdUGlSHxK1NO0MvHYjMA,Ky9xz4QCl-3a58wo4iQ_Gg,OEeQTVPtrKq4kPqdIJLrKw,9,"Make no mistake, this is HANDS DOWN the worst McDonald's you'll ever visit, if you decide not to heed the countless warnings above and below this one. Do yourself a favor and just go to the location at 2400 W Oregon Ave., it's literally 5 minutes away and 110% better.",4.11,3217,1,2,0,0,0
ST08CcVi69fPTdJMGte1iA,7AZt-OW8apz9reEwq2ymSQ,FAc2Mv92KL00cbLdpAc0kQ,15,"The pizza here gets worse and worse every time I come back. The last 3 times it has been inedible. Undercooked dough, dripping grease, funky, salty tasting. We dined in last time. The pizza was served cold in a cardboard box. The grease literally soaked through the box.",4.0,5034,5,2,0,0,0
MUnwvaDork8mTeoJOa_7Hg,p7D9bbOwOM2lOu3ZNH1LRA,hXENwSCtd8pdBrnN8XkXyA,1,Great place to stay... Service is spot on. Immaculate. Friendly staff at every level! Will definitely be back!,5.0,3454,0,0,0,0,0
Zr8Sp0GAB4ud6CHjzrCVAQ,OfEemIbceuVOxznP8mLmAA,2ct1rNKt7iv3PpEn9QR17A,10,Awesome ice cream! We really enjoyed all the awesome flavors! If your in the Franklin area we highly recommend it!,2.6,3722,4,2,0,0,0
Z32NInYt2HCCPojKvxPFLA,4dNKRSM_MDU3Mkc3SohRHA,5sTEdQOpJBSWT_tXqneS2A,1,workers with nasty attitudes who threaten to fight kids for pulling into the parking lot to check and see if they're open.,1.0,1383,0,0,0,0,1
evjJfdjJdeqLmK7rEbksjQ,bMDsKvLEoWFoavfdLrpb-Q,oo54fNfXC7IkxwpeoPE15w,9,"BEST AUTHENTIC TACOS IN THE AREA, amazing toppings and meat is made fresh in house! You won't find a better taco ANYWHERE",4.4,4532,1,0,0,0,0
RtRqxhYhnAbDVAJ5gtqkKQ,22g30FfS3C_Oi8sAsmz49Q,to6rjQskEIczYUxCSGPh6g,1,"Mit Abstand die beste Pizza im Land, wie sie selten in den USA serviert wird. Gute und frische Zutaten, hausgemachter Teig, exzellenter Sugo. Eine Pizza, wie man sie in Italien essen würde. Negroni ist ebenfalls empfehlenswert. Auch das Ambiente überzeugt!",5.0,3996,0,0,0,0,0
IeR5L6SeCyJnrUvF_Yk7sg,IZjJfZWcliZNkNS37X9y-w,Cdt9D6XfEF7FBHRBbj-BgQ,4,"Sells 2nd hand tires an passes them off as new...beware...they are crooks. I know they do a lot of fleet cars for enterprise, Beware renting from them",2.83,5141,2,1,0,1,0
HbPifZgzvSBv395N3bsTEw,RKnc0RWfqPO8LyftOD4EWA,Y0EG7hB8aSeAk1PRvD_HpQ,144,Five star! Absolute five star! For a gym in a hotel it is 1000000 times better then anywhere out there.,3.15,4036,268,68,36,12,0
EY8jfsc0MLj3QtXht8zD0w,rWl260C3GTKkCYkPWt6kgA,vdpxxb6fxjYtJMnW_V0GZg,217,"Delicious coffee and amazing pastries! I've had fruit tarts and blueberry tarts and croissants, it's all fantastic!",3.88,5002,18,2,5,0,1
S4uSVP4I98EvKUv3ZKF-sQ,TlL_M_eLH-65uU1SaTYKCw,1BZKq1L_JM4xjgn1JdMXuQ,3,"Paid $15 for the ""second highest"" car wash, it didn't even get the bird poop of my side and back window. I feel like the ""scrubbing cloth"" didn't even really touch my car and your car goes so fast through the wash that you honestly feel like it's not even doing anything expect getting it wet.",2.67,2236,0,0,0,0,1
Dwz1BetOwo17JRtVKvwv4w,adFNDERYHRP_Fjq9ipUXqA,EFci0tbSrb7wko6tpVDnbA,8,Great customer service and coffee. Fast and reliable. Enjoy their salads as well. Was surprised by how good they are .,4.75,4805,2,0,1,0,1
VClu7AGNXQeoOOJUp54BfQ,Q6PItwisG-ZyX7TjJdvKsg,GC75ZzoLxsfeKyk7vA3pXA,4,"I love in-N-out burger, but today I was dissatisfied, my burger was under cooked and red in several areas. There was a lot of people there but that doesn't mean you have to under cook burgers to get it out faster, other than that the fries were great and the service was not too bad",4.25,2860,0,0,0,0,0
MaYvxnQdgaA5QiRI8U_8wg,oMcmerArbeL0OOEZVPMeuQ,rLRw73bopdUf4spMxIAhIQ,76,"Great brunch spot food was amazing, staff very friendly wish I could have ordered more so many good looking food going out, definitely will be returning",3.89,4875,44,12,20,2,1
AvLBzfhHqXiKWc_BMxt63Q,cOK3PHt4xGUtEynS5ITqOQ,vpAgKeDIdzEtsqdSn8yHUw,3,This location is friendly and fast. I have called for help ordering though Postmates and they were very helpful. They are busy so do tend to run out of some types of dounuts so they are not always my first choice as far as DD locations but thier drive through is fast.,4.67,3151,0,0,0,0,1
T0CgG2A04qmIu0ulV1-u5Q,EWP7UKiug1O76G9nbSuVrQ,JbxOWK2tMUkNmYPvjPBVoA,9,"My friend was under 21, and they told her that as long as she was 18, she could go in, anyway. They never ID'd her. Then, like everyone else said, they forced shots down her throat and demanded money. She ended up getting her debit card stolen. This place needs to be shut down.",1.4,3351,39,2,1,0,0
dNBPSHsRB5QE1XmtR27A5Q,1vLaFByS34UKK_F6du2MEw,Yb04s8ffQODSYWyNmrCjGw,23,"Good customer service. However, not impressed at all with the pedicure. The pedicure was short, no attention to my cuticles, and definitely didn't get the good scrub down that you would want with a pedicure. Not sure about their fills/manicures since I was so disappointed with the pedi I just cancelled my fill.",3.04,3826,12,0,0,0,1
oRq3qugv1IxLuBz-psGZWg,STLmQk1p4N4zuoe82zVLzQ,2gi23-n_4fTU11olohHxrg,15,"8/22/19 for the first time ever, smiling polite faces. Clean ! Brand new people working and they where very good at customer service.",2.25,3423,4,2,0,0,0
OVjqCeafb7E7ez_f6VxSSA,cjSY-B9SFocxNls1aPS93A,X-vh7-NhElaDLQrbtPDcmg,1,"Super bomb, just had those sweet & hot wings down there! #dopemove keep it up... The shrimp fried rice is on my next to do list of the food porn lol",5.0,2043,1,0,2,1,0
XzHayQHDukNvzdJHmQ_wjw,Pi3p2lsqMOgVJgGVD7rayw,vu9I6Yzz7PzI7t5aDOt6wg,16,Upmarket Italian fare with authentic spices and live music. Attentive staff and good vibe. Highly recommend.,4.31,3893,20,1,1,1,0
SBCddV21vFGfMFutjUOTgA,5U7xa2kWhtHIK66PdoDZjw,NeAd48Rr2monn9af9vY-KQ,7,Excellent food and very attentive staff. Our new favorite place to go eat Mexican food!! The margaritas were great too!,5.0,2875,1,0,0,0,0
4xnZKnzl9WOXiH4cjX6eWw,HM1NOAxP8ol4PpA1NVx-nQ,-gUWjjws4u95dLuulwyqGg,25,"An excellent experience from start to finish. Attentiveness of staff, selection of glasses and price were excellent.  Dr. Sabin has a great, warm personality and was happy to answer any question thoroughly and even help pick out the frames.
Highly recommend.",2.64,4792,40,6,7,1,1
fey3MV-kp4I8_J8x_SkWfw,cY15BE4DCzAWWQIN8wn1Hg,RDSHenlM3jZ58LkVw4qxng,4,"Best coffee ever!!! 100% recommended 
Prices are good, coffee's flavors are excellent, clean place and staff super friendly",3.0,3544,2,0,0,0,0
ymWjCOBEoiMtrqrVMmx3AQ,T4TaIzNK9M9H6bgvAiMhzA,gkwnDFgN8xnAXK8nquPGHw,7,"Sushi is awesome! I especially love the all you can eat option. I wish the servers came around more often, though.",4.29,2791,0,0,0,0,1
wmb5ORmFlrIS6ja7GzyQKA,zAMpV0uFt9XpqRDFNLWPrQ,ZBytyjSW6uOeKgDn7ELqhw,563,Skinny up to loud preppy preppy giant razor casual sister next door,4.36,6275,1296,751,936,44,0
cM_QImkPAExgQ_CppkUmTg,q7JsCStDjTL0eJ9OUYPnPQ,3t9vMieL_L7Mkz5WDo7Suw,20,I found this hotel to be very comfortable and the staff extremely friendly. No complaints regarding my stay here.,4.0,4742,4,4,1,0,1
v13jNtC3UUgahvwz_ffrKA,RoPQ6ExzRzmsueyB09XVmA,GPe-7Tvr_of8-JirusJ6hw,1,Had the French onion soup and the chicken Thai pieces and it was really great and the service was quick.,4.0,3333,0,0,0,0,0
HGwkYXIRBxX4NWjznl0H1w,LKYl8-SWq_ifh34jy206fg,fFj8iQ8eVZui5kcPzPVIJw,42,"Have waited in the drive-through line for at least 10 minutes and still waiting while I write this review. Came for a quick iced coffee, but sadly am going to have to stick with the Starbucks we have all around this town. This is the second time I haven't had a great experience with the time of their service. /:",4.24,3132,25,0,27,1,0
SC8_ItKv77Ot02WTnoduog,UCXxqX1TXzv-cnAG5fYiJA,acLymxN18Y83rxKbmaCm4Q,292,The bar is super nice in a retro kinda way. Didn't eat but the bar alone is worth coming in for a drink,4.08,5289,323,56,102,10,1
wwiCnJqbXURcJYuzJANh3Q,6qcrTTCJs8WGm018qfZC9A,eYXHIeKxjl9WuCvru3yZTA,13,"The hotel pleasantly surprised us upon arrival.  Though it didn't seem as welcoming from the outside the hotel was very nice.  All the amenities were in good condition and so were the rooms.

Overall, if you are looking for a good overnight or weekend stay somewhere for a descent price, look no further.",3.77,4620,8,0,2,0,1
X97Gw7Q8_s23t7y2z2bkdw,g1qMtJvbet9E48JQ17g5Eg,_mGAcxIOqKcL3muEg3LHLA,4,The manager and staff are super nice but this location is filthy and the owner will not replace the ice cream or shake machine which has been down for weeks.,1.0,2254,2,0,2,0,1
jF0W5ltVYm0aDkIPlzPt6Q,xoR8r6UKztYPjcxxU-ibpg,Zp5E02WIq70qr9LoGzrAUw,1,Came in for an oil change and tire rotation. Very friendly customer service and definitely will be back!,5.0,4550,1,0,1,0,0
LCRnghOU8U7nnd1tDuJ2gQ,maafdqfK6bUL_iFvWYKQPA,JdiS_2HdAMtBprXgX0zkqg,10,"Last time I was here,, I let my dog drink cold brew out of my mouth,, mmmm goood need more cold brew ;-)",2.9,2506,0,9,0,0,0
zCIuXFYVB8UI12N3QTRbYA,PHq2rHROch1A1J1fsryvcQ,Dt4InCzdN6THDeiTUdELUg,7,"Great prices, good service.They serve all walks ins as if you were a regular One of the rare gems in Edmonton",4.57,4618,7,0,1,1,1
C9pBDeJ7eSjunty4rrKOzw,aUbFXkfyh_Xun5ufYfreuQ,dl3haWFhioAx9XvXiL7fjQ,7,"Truly a treat Everytime I visit Saint Petersburg. The desserts are amazingly creamy, and flavors change often.  Not only are you getting to treat yourself to cost efficient deliciousness, it's low in calories too, so added bonus. The staff has always been cheerful, so again your treating yourself to a pleasant experience overall",3.57,2676,6,3,2,0,0
3cmLVh--Ayi3dxBrh-bDqw,0wPIQR2GLLfTIfYFn-E9Tw,M2ZrrqseHE5xssUrOL0Gtg,8,"I've been here a couple times. It's always great!! I had the House Omelette the last time and it was fantastic. There was a little bit of a wait, but it was hopping on a Saturday afternoon. I try to come here whenever I'm in Tampa. I recommend it to anyone who wants great food at a sensible price, and really friendly staff!!!!",4.0,3404,10,0,6,1,1
-YhU6tvuDZzJpzVYZlQ-Pw,63BLAZ0iU8k99J2RAfpnAg,y36s2lDcimRho8sh73UYFg,15,"Very good food, fair price, nice ambiance. Everything you want in a local Mexican joint.",2.48,5283,56,10,5,1,0
3Nb8qELppuHukuyGWvX7Hg,XrPQT1C7rlJtLHZFLmhojg,r31oH9nLDCLcSqsd3MdT1A,62,Slow service. Lucky if they get the order right. Order a double cheeseburger and got a spicy chicken which isn't even close.,3.87,5845,36,6,10,2,1
H6jd4bffDkcycx_eUKyl7A,frIiDayrnrLs0kZb3_kTAw,cEBZedAeceebuOoHS96RVg,214,This place is just how the name describes - OK. They have some good deals but the quality and freshness of the groceries are just OK.,3.92,3934,207,29,100,20,1
EHztnK7MuYd1fDHzzYlsvQ,u94-xPGJ_AsSJpy0lESgPQ,0gybh4M74f9g8Wxg-l8fzg,1,Just had for lunch based on the reviews. Worst food ever. Coconut chicken tasted stale. The breaded shrimp were tiny. The rice tasted fine LOL,1.0,3570,0,0,0,0,0
f0jhkOkdKGqxF411xCABCg,jMmAw_Zn71Fm2NAseHPSQA,d3dw3YihB3WuU1Sb_i74-w,3,Food was just okay. Tasted decent but overpriced.  Nice cozy atmosphere but can be very noisy when the dining room is crowded. Service was good.,1.5,5496,2,0,0,0,0
2jw-jgk-mH7CMeI3UKmvyw,n_Gs7r5PItN_XECv4TtZTg,TghwdnFD73ANXtTZFlTwHA,2,Do not use this company more willing to let people die then have their credit card on file,3.0,2324,0,0,0,0,0
zmqngWAeslgF-rEjYBXjiA,YQodahYWcgVUTiqYs0wH3g,bbEXAEFr4RYHLlZ-HFssTA,14,We saw this restaurant on buzzfeed and has to try this place out. By far one of the best burgers I've had before. Service was fast and the menu board was easy to order from. They even have a small covered outdoor area. I will definitely be coming here again on my next trip to Cali!,3.73,3915,17,5,2,0,0
Mm4_Sk5xkACHQnwEQPqhzg,GoXNUJb1TRKh7L1Tv74RLg,vGK8sqnOzTvwyivgafYsOg,164,"Nice selection of name brand frames and they always carry the season's newest. But too overpriced for eye exams. I'd normally do cough out $$$ for a pair of fashionable Chanels or Gucci frames. But get your exam elsewhere. Also catch their annual trunk show sale, plenty of great deals.",3.55,5361,412,126,154,16,1
J5zYxz5ZOIYMy0uhGCmaFQ,TAuOj3X4toOsRXYjrsavIA,PTErP2xKqaUsXFUxW9JsTg,170,"Slow service, took a while for them to take my order and another 10 minutes to deliver it. Floor was a little sticky. 
Although food was good.",3.35,4199,399,155,148,6,1
o1haHcCSqmGlPm2ChQNMTQ,Fab-cbHohCECVUBdV6NDHQ,ZyNVYgJ-SB5TLva5HydmGA,159,"We went to Chambers on a Saturday afternoon and found this place to be a notable stop when we are in the area. Their food was well made and the prices were very resonable for the area. 

The seats in the booth we had may need a slight updating as the stuffing has seen its day.",3.71,5413,197,52,25,4,1
Oll5FlpM4tFenL0PsCAT5g,k8BVBc8nKPhv4XbtOrMBfg,_BreSZ3-mTEJYqJ1Ot7Akg,34,"Another too much of a good thing. These donuts are actually more  like cakes, in texture and size. I love the creativity of the toppings but for me they would be better on a real donut, size and texture. Of course the kids love them and they are fun to look at.",2.8,4046,79,18,20,2,1
2T7GjLzA16EIIjcrfpe_-Q,lON70aFIqGfwTwihNUElyQ,LzYmlvbCtGMll-TPjwwTSQ,1,This is my favorite place! The drink specials are on point and their grilled chicken is so good! This is a staple in my life! Love me some cinco!,5.0,3210,0,0,0,0,0
4i43C2IGFivH-M0qmrOcKw,aOCbJ5wcZpKn9VNL5xFGnQ,mA_CJ6PVwf2fTCotjgg_Jw,7,"Fast, friendly service in a great location. They are not offering seating inside at the moment due to COVID but there are plenty of places to eat outside or a great area to stroll and eat.
The ice cream is delicious! Unique flavors and very creamy. The in house made waffle cones and bowls are amazing!",4.43,1468,0,0,0,0,1
E-uIpDQngiTK0YCuf-GuYA,rK_srCbcKZvPiFGYO5CGZQ,yxWp5MsGnk_QLvUyOZ5qAA,2,Great atmosphere it was super cool. They also had a wide selection so you have great options!,3.67,2039,0,0,0,0,0
4SjfLfnkJdeqUCWy1zpHvA,3390sA59chW-mczMUuAVhg,9RiIQA4M2Y0AU3TkASJn3A,1,Small portions. Expensive. And  The desert was horrible. Honestly the worst cheese cake I have ever tasted.,1.0,4962,1,0,0,0,0
gXuUag4BXdrgFH65kH1HUw,xgGpa1a0BuB9z4SbwQXyaw,U2MQKJvkK_aVYjpYCn9epg,21,Takes longer to check out than to shop. They need to train everyone in the store to run a register. Gets busy call them up. After it slows go back. Geez!,2.33,4046,24,4,2,0,1
_APO4FeiMDwidSrZMcWpvA,uCeFdtMi4Z7gUaOfBg1s-Q,TWp6At4cgx2NQRfGSoZrWg,23,"My first time purchasing glasses and I 
Was very impressed with the professionalism and service !! I bought 2 pair and couldn't be happier! I will return!",4.3,2990,6,0,7,0,1
hm5O9A074QfLn9mIpapfkQ,00Qml04B8-p_rxh6wb8AUA,7U7IgKCBvUqHDoZvmunuAA,2,"Slow as fuck. Better eat at home. The only store that runs without employees :)
Hshdjsnsnsnsnnsndndndndnddndjnsnsnsnsn",3.0,3586,0,1,0,0,0
FxXTuf8ooZy6Y1osG3ouJA,tQ6HM9ldSsYbuPugPUr-gw,Vw9kAeinutmjA1hZcm202A,630,Marines drink here RIP Jimmy Wags,4.59,4551,537,147,208,34,1
Wxho0k3Bon66c8207Ln8rA,nsFqH1XIzhnmNeSMnn2j7g,cuCa48riHFi_YYEZFrSApw,9,"I will never go back to this subway. All of the vegetables were dry, brown, and must have been sitting out for ever. The store had a strong cigarette smell coming from the back. The staff was completely unfriendly and I eventually just told them I no longer wanted a sandwich. I would not recommend this location.",1.89,3525,8,4,3,0,1
FGRQUn7_JnC5RnPzgsDEjg,8Uog857NUK2yPxuzuJhDWw,A2tB22Zu36zE4tY1LkuYJw,1,Lots of updates. Hopefully new name will mean better services considering what we pay for rent...,3.0,2974,2,0,0,0,1
9qZdGcymMcwfIedTrR7V4g,c4isVD2wMVtDA6m5CRkI5Q,MjYOcDz1QvPb9h6rRlpddQ,244,"Seafood udon 4 stars
Chicken teriyaki 2 stars chicken was over cooked and dry
Dragon rolls 3 stars
California rolls 4 stars
Prawns tempura 5 stars
Decor 4 stars
Service 2 stars

Not that impressed with our experience.
I won't drive across the city to visit again.
Yelp let me down.",3.76,5261,213,49,77,3,0
5PyYQCbMsw6NL-BnESIHew,UOL8IUNVf3jgYI7fcleS8A,HviAzkMvhZbyT8dUH9BkLQ,1,This place has the best sushi in the treasure valley hands down. We don't go anywhere else for sushi.,3.0,3988,0,0,0,1,0
IRoYP2uoQfntgOh0cvnWHQ,5k_g7SIrcVotE8tqNcQVOQ,w_B0phzyFXPmeiVlzQrq6A,181,"nice place
good date night joint",3.36,5291,123,36,14,3,1
ZrPd4gslEm7Zv8i93kgHlg,jwiP-ATG83PYZO4_2DH31Q,bt-OEHUbgnUzSSafnKj2bw,18,"Its freezing in here at all times. Ever tried doing cardio with lungs full of ice? And what kind of gym doesn't even have a scale anywhere? I'm not even going to get into the obnoxious ""lunk alarm"" constantly going off. Its clean and the staff is friendly, but this place sucks.",2.83,4749,15,10,0,0,0
aNlDsACXU9KHS_twifBj3g,GvWiK5bCnU4_pQwBdlu1eg,HJuBe5z-FdpIdKRAfGDT6g,43,Bought there groupon and went in to try and get an oil change. The guy was very rude the whole time and I tried making an appointment. Only time the do oil changes is 7:30 in the morning! Funny how they are using groupon to gain more business and then they don't treat customers nice. Guess they just don't care about their business.,3.3,3980,51,4,6,0,1
ljVqu9sOFyb2k_GYY9YNXw,9QMPOB3vXULM7EtLHvsUiw,AzseSGgDC6bVtMPEYo1CNQ,233,"We found this place through yelp actually, after looking for the nearest place to Audubon park to get something to eat after our run. Amazing ice cream! There is a huge variety of interesting flavors - like the kind you'd normally see in a gelato place. So delicious and refreshing.",3.94,6266,394,1963,75,18,1
hBXdVxb3DUY-Nm59I3LxqA,ltFP63GqIOVyhqAMCxA3lQ,eXgWA4x-yLqx2cYv56nS4Q,1,"We visited the restaurant on a saturday evening.  I asked for a quiet table. We got everything and more.  We had 11 with us and the restaurant was SUPER taking care
of our needs.  The food was SUPER and the staff is SUPER also.  Everyone was thrilled with dinner and we all will be going back real soon.",5.0,4438,0,0,0,0,0
K5WQ_yFmbst_kookIhsJog,--tfOxtY7fiRjRVKDTvwIw,pl35AweL0U7J3-agyxT8IA,6,"I hate to give bad reviews but man, my experience was awful. I came in for a manicure and I ended up picking a deluxe gel manicure. The whole experience took way too long--like almost two hours! And my nails look awful. The nail tech was slow and the massage wasn't anything special. Way overpriced. I won't be back.",3.67,3644,2,1,0,0,1
eoJQmJHy95WXTmE83nOb6Q,sfrSEKW02YHyv3wLTunTYA,a_gAQfVy9Op95AGdZ7PFXA,17,"Great place to eat! Would go there anytime! My only problem that they do not have a complete ""Dollar Menu"".",3.89,4267,4,4,2,0,0
TeiiOoDrxRCrEDNq1bwoUw,6GCYSXBGkwaVAGFBPmCigg,2VbvD2JB4XsUEjN0vOtXdw,30,"I intended to use the drive through. But they had it blocked off. I almost left but decided too get out car. The cashier Anthony was great. He was very much on point and he spoke when I arrived, and spoke just before I left. 

The inside was very clean as well. No complaints",1.61,3050,44,9,2,0,0
ckWhmL4d0ljI1SJ3WQfh-A,i8IJPWeGiO4b-cdHcdMsxw,r-lJC2K33taUgDngE1P0_w,666,"If the owner wants to know why only 2 stars they ought to contact me. 
Something is amiss in this music city honkey tonk.",3.56,5275,929,492,261,19,1
Kkgma2V4Bzdk-6RZM4bHvA,7eBHmuNrdJNCsDTTJt2zIg,2GwrhnUq7qvX08_31aRiSA,27,"Great friendly service & would recommend this Dunkin better than others while visiting PA
Coffee piping Hot Fresh, clean well maintained. 
Quick and friendly courteous service@drive thru! 
Thank God No Toxic Styrofoam cups! 
Awesome a Senior discount 10% a plus!",3.1,4193,18,5,1,0,0
mkIWN5glD9sDRQ9vetENXw,mzCOqgjT3lCmHIkMfd5nNg,KOPS5Gx5ySeFiTK7tXHWtw,8,"Love Parkway Cleaners. Always satisfied with their service. Staff is friendly and attentive, you never have to wait long to get checked in. My clothes are always ready for pick up at the stated time. I have sent rugs and comforters there as well. Nice job!",4.5,5148,13,1,1,0,0
jU5dx0Pp2PAPdU7fWudLkg,Lrk7Q6eJcu1nyDdW0SMiKw,PS00H4iI51h1_yoWuvZ3Ag,140,"A nice Pet friendly place to live. Convenient, clean and nice neighbors too.",4.23,5059,469,135,259,12,1
wZ_MAugGVMXM_cHHh5t1DA,qqjjvk9GHT55whSIoptZPA,qV325HCv3cZKgdgkMJObNQ,2,Had the Memphis Pork with Old Bay fries and it was very solid choice. The service was great and everything tasted fantastic.,3.5,3122,0,0,0,0,0
ZSua8tBOKDgA6DfsMOn5Sg,2y6D297ZJeKiZaNUqri4nA,fE0Du-p-2mHJKFp6aVch7g,1,"This location repeatedly makes people wait 15+ minutes in the drive-thru line until people start leaving; typically people need to multitask at a drive-thru, not handle one order at a time. If I were a manager or owner of this location, I'd be appalled at the number of sales that are lost due to poor service.",2.0,2063,0,0,0,0,1
dSoJ31xzNL99PA4WgUhmjw,sAyI1zEZvDn3WqBwV1R3pA,cwE9xJo6KTDSi3O30_Ntow,17,Staff is very communicative. Deal with our requests in a timely manor. Comfortable living. Decent area of town. Outside security patrolling. Park setting. Pools are kept up pretty well and opened at the beginning of the warm season ahead of most other complexes. Thank you.,4.28,3774,27,9,27,1,1
bbTBlUaQ07NYUDWdo78BLQ,XYebnhvfAEiWmsuYSVdJgA,y6HD7qhOsXt-BTnkuJLUSg,38,"Thanks for fixing the outlets at the farm table!   

Congratulations Bryan on your promotion!  

Your engagement with customers and attention to customer service will surely shine through making this one of the best *$'s in the city.

I look forward to the introduction of Nitro to your location!",2.38,4874,33,14,2,2,0
tTf_RLX80l4Ia4VQ1t7MBw,m2jEcGgnVMv_V-C-LFwmEg,9svAtGS29ILNTN0eYdi3UQ,6,This place has amazing pizza! Ordered there for the first time tonight and was not disappointed! Two thumbs up!,2.82,3490,19,0,0,0,0
ijpfN8x_9kcyqa55Vkv37g,8GT2tSvKHfV-eRenfMDYsA,e0DU7_0mfalr-lnyUafiag,6,The best olive oil in the west! This place is scrumptious! The pizzas are heavenly and the smell coming from that kitchen is to die for. I love the feeling that they are cooking right there in that authentic little kitchen just for you! And boy the food tastes like it too!,4.5,5400,12,2,4,0,0
xj7-JO5OcCQWfY-Nf5PnIg,QsbLbXJoj4saI3Ml6Qc43g,KEA0YPercPSPYh1JcpkV2A,2,"Don't visit here. Bathroom is disgusting, the cashiers didn't know what's the meaning of customer service. And the play place is unsanitary.",3.0,3297,0,0,0,0,1
7DHanlgzm-Owxw3OudhOlA,EbruH4lBUGof3P3N-5Q7WA,jshnKTsnoXLSez5XD1qo7Q,1,i hate every McDonald's in Santa Barbara Except this one ! This is the only one i will eat at Because there customer service is Really​ good . the cashier BLAKE is Super nice and does a really good job Super happy with this place  thanks for making every trip to McDonald's a good one,5.0,2836,0,0,0,0,1
iOH8_I4_R9YovoEOmBoJuQ,1cvHek57wGceg2MJr4eF4A,_JK1veKwxAwk1rp4H7z-1g,121,When you make the wrong drink admit it. A skinny cinnamon dulce is nothing like a macchiato. There is no drizzle and it's made with skim milk not whole. Thanks for wasting the time it took to stop and the money I prepaid with my app. Glad I can go back to my own neighborhood soon. Oh... and there was NO ONE in the store.,4.59,3590,481,74,379,22,0
t93Et4y27H9StsUG89oDLg,__X_lrg96ERWphFWIz-OpQ,uvtfWHc5tPuyE_78trC_6w,2,"Ordered a chicken cutlet sandwich with LTO mayo and vinegar on side. I get chicken parm sandwich with LTO TOMATO SAUCE, NO MAYO. Horrible.",1.0,3265,0,0,0,0,1
PC28cRDEVpupgh4kbPkQdQ,1CBylrAKwx4rHV8B3t5BXQ,JOeBFyoy9qH8vq6UGTfoew,369,"WOW.....$9.18 for a 10"" foot long sub, no extra meat, no extra cheese. Subway was fresh and clean inside and the food tasted all right. Just can't believe their prices have jumped that high in the years. Much better foods to get for lunch for that price, including sit down restaraunts.",4.03,3375,385,50,209,12,1
qHWY1obycW-7FauG6VOSpQ,1sxBhW-U1mHRTI2TOHv_Rw,Bda92vtAuK-FcXAw_D0Pxw,1,"Awesome food, great deal... Love this place! The all you can eat sushi has a lot of choices and is made to order. Great atmosphere, friendly staff and I really love the guava candies they give you on the way out. I've never tried the hibachi, but Im sure its just as good. This place is always reasonably busy - so you know its good!",5.0,2754,0,0,0,0,0
LnoakSSxfuVAPsLuUoAPGw,ARIo49b1EEHAz_mD8nebfQ,bbanucGYOlGocn5HMioN5A,42,"I love the front desk staff at the Packard but the elevators are a real problem. For the amount of rent we pay and the lack of accessible and safe stairways, there is no reason an elevator should be down on average once every other week and then take more than one day to fix. If they are that unreliable, replace them!",4.33,5867,43,13,13,1,1
iH0rXrAZwvQXvu9MOxhCMg,dtD54h2duZHNPdopCmi-3A,zE8kXF0_2Twh4AhcewlFGw,10,Great sushi! Best in town! Tried the Ahi Tuna with black pepper! It is the best! I wish I could come here EVERYDAY!!!,2.92,4312,24,10,5,0,0
t5OXKejhEeyjyN8Vj9hN0Q,zwNC2oTJR24g_E-XNapWNQ,_kJzi_k6LwtE3phJFxNOzA,4,I ordered a pasta online and when I came to pick it up they did not have the toppings needed for my dish. It was an okay pasta.,3.25,3924,0,0,0,0,1
vBWx0RYt8Foi1BY0wN7H_w,fp9uTSoe74XLhY6HNsjEew,j6usntbtSzFyuwx4n2mn1g,30,"Great local mexican eatery. Go for the happy hour margaritas, and stay for dinner. A lovely spot to bring your family and friends.",4.35,5005,216,79,132,7,1
cavqsOTOEUx70OPAlcsENQ,kKb10DWZNj-23KnC7pBUug,RsWsTTsz8rxrG00PfUgMzQ,2,"I needed an alignment done, mechanic snapped my bolts and tried to charge me for replacing them.",1.0,3426,1,0,0,0,1
DKfb7SKIVuFn5eblcBLJmA,kAOcWOqVTzaPQ1P2n7Wn3A,7MHOerP1DdlufJhKBSsobQ,2,"Been here for almost a year now and hate it! Have issues with holding packages, paint is peeling off bathtub and have had a leak in the piping of my toilet connected to my wall since June and now I have two giant holes in my wall from them doing the piping while I have two cats still living in this apartment.",1.0,1438,1,0,0,0,1
wyU2iEgHiH8oMz7dHxttKg,wPDWx6chcTOFmNgbBqKvxg,4JWuSA8tyXHteRgh_hU_Cw,13,"The staff is very nice and very helpful. The hotel is beautiful and quaint. The rooms are kind of small, nothing fancy, but who comes to the French Quarter to spend their time in a hotel room?! The location is GREAT 3 blocks off Bourbon St. Close enough to walk and far enough to get a quiet night sleep.",4.31,3032,0,0,1,1,1
pdHbnTnx9XRso3uDWzNN0g,q4BwmLQ3GixSMl_3t-bAvw,Zz4bSKswq7ICtJz5zKmRGw,56,"This is one of my favorite hole in the walls with killer hamburgers (my favorite is the firecracker burger).  If you're looking for an appetizer that's satisfies all tastebuds I recommend the Buffalo cauliflower.

Great place with lots of locals, cold beer, live music and a friendly outdoor Florida vibe.",4.35,4200,42,9,25,1,1
PJXEupJ3XX2EPnZFEAv2VA,e1T7iT5uXUw4D8UqUkadRQ,bbEXAEFr4RYHLlZ-HFssTA,22,What can you say? The Habit is definitely a good choice if you're craving a burger. It takes about 10 minutes for your food to be ready but quality always takes time. I would definitely choose to eat here over any other fast food chain. Their chicken club is one of my favorites and salads are always good. Fries are ok.,2.88,4997,12,16,2,0,1
1Ttjq8nkPpYEZlH5pycRqw,zDomOHYRFzE55rxNr84-Lw,FETeDc9sbYsPmHxT0qSVIg,3,Forgot our soda.  Pizza had absolutely no sauce and just did not taste good.  2 stars for prompt delivery,2.67,3637,1,1,0,0,1
rNe52l_WgGBci7hHmmGhog,a5W1JtCrDbflDXuD_K2HtA,N4IFNpTn7kKfK9akJkerwQ,12,"WOAH! :D

Amazing food to be had here! Salmon risotto with asparagus was absolutely decadent and the service is great too! Only complaint is the lack of music... where's are the tunes?
All in all a great experience from start to finish... clean bathrooms too, amen! Can't wait to try the bada bing next time!",3.46,4125,18,5,4,0,0
_HylJhQ6hNft5FEswhLyQA,77sKm6DU-r0kLC-a157dcQ,LQLTFLjPdGkenFgcILR7xA,2,"Nina was a really good person but she didn't know what she was doing, she got the price wrong twice. Not sure how you do that when it's a scale. Oh well you should give Nina a raise cause I decided to change my review from a 2 star to a 5 star. This place slaps.",5.0,2824,1,0,1,0,0
dt09uyq1jV4Amez3IoOrTQ,q4twMHnYmRmKRxdVDYakbQ,7eaUWey6cCuiqWBgvD8Y4Q,21,Awesome lunch special Monday through Sunday 11 AM to 3 PM! You will not be disappointed!,3.21,4928,24,9,3,0,0
6iIK1QvwEv_OZsxd9DOR2w,BFyfR9fYgnlR1H8pAcatFg,dM2LrfuOqlRHdRKI_FFwCg,42,"I've been going to fresh market for years. It's a wonderful place to shop. The prices are a bit steep, but I love all the specialty meats and the wine selection. The service is always really good, staff friendly. The broasted chicken is one of the best I've ever tasted.",3.58,4469,37,23,13,7,1
BX7Fz--JLsRT_8rqqG21Tw,z2sAB84jsRnOqDo95_aVPw,d-tWHTsqPKpCMDKs99mwQg,26,"If you are in fishers stop by,  several different entrees on buffet.  Very good tasting entrees for a reasonable price",3.74,4858,15,0,5,0,0
vJgPIbic7MlhMTZQeFTrGg,32RtFz1FevnUxa4JoJNjgA,8XDIA0Ro9VWF7QSOJf6InQ,7,"Lately I've been trying to purchase a vehicle, I have money in my account and on path has been declining everything, I can't even do transfers. What makes it even worse is that I've been trying to get in touch with them over a month. I'm really super pissed off. And wouldn't recommend them to anyone.",4.29,1924,2,0,1,0,1
W4_rOO3vQ_p_8O0YLO_Syg,xYitWv1LcKYgh_YdkYLkyA,JKQ9Je-TPOtpIjNYSqrkRw,10,Best Customer Service Ever!!!! Really enjoyed speaking with the rep. Very knowable of the products and services!,2.64,5460,20,16,0,0,0
3faMPx6j4jRVm5diA2sWuQ,tGFS-jEj8L1_8NWxkHTxiw,BIfo9AKEpC8oIwB60YAR_A,1,"The dirtiest Japanese food I have ever had in my hole live, I don't like it and never recommend it to anyone",1.0,2940,0,0,0,0,0
STaD44_XgmBGkyubNC_zGQ,ULAjRptIi38yujaGmL5D9A,kZtl_NJjUnlIQgzFrBhXyQ,14,"The fish is so fresh (Duh! We are in Santa Barbara!) The uni just melts in your mouth, the oysters are plump and briny, the Japanese scallops are so delicate and sweet, and the yellowtail...should call it YUMMYtail! Soft shell crab is local, fresh and spot on. Very friendly and attentive staff. LOVE THIS PLACE!!",4.14,4008,5,3,2,0,0
FFJ2_UWE8T0tc9FiHcXZLQ,gWLvaMuhzkjsmd5idD1VSQ,jshnKTsnoXLSez5XD1qo7Q,2,"Stay away, dirty! 
There is so many health code violations at this restaurant. 
They don't wear gloves, they switch places from being cashiers dealing with dirty bills to cooks with no gloves. 
I tried to report that to the management and they ignored me. Stay away!",3.0,3769,3,0,0,0,1
EJBph-unL5w7-p8gUPVoJA,WeJf4zYisn8Vx8rERYed-A,7zKktyerG21XszoaaH_MkA,5,"Meh. I've experienced better. The pictures are accurate its a greasy flat pizza, but after the beach I was hungry so it would do.",2.8,4113,2,1,0,0,1
J4DV83QvBtzdGijbh-gu1A,4lpht1sODQa4u5sbBgfz3A,zz0l4dUf28wzPAaTdGqsSw,3,"Came here thinking it would be a pleasent experience, turn out not to be, not very tasteful. I do not understand why everyone says so many good things.",3.67,4626,2,0,2,0,0
vHFSMsAAsGPiAQ4OtAzSew,wMT72Ya2R6LZzZ5y95gOxA,d9vJVJM2DifqWYN4Q4-gow,33,"Honest, hard working and always professional. Dom's has been around for a long time and there's a reason for that!",4.41,4122,57,16,12,1,1
wD3NRYGEkzfp1d1BB8S6BA,2ZJNGwaHuI33l3fwmhIPVw,s0NYfUhZ4wa5c1c0EPdlRQ,5,Trash customer service. Wish I could do 0 stars. Employee claiming to be manager was no help. Will never come to this location again,1.8,2408,2,1,0,0,1
LbP-4pfxpSy7uJpBQ0QfxA,wyORcTsz2g1ag2ewPNSB5A,FY2ISnBn8Iitem_b2hi0NA,10,"Lebanon, Mt Juliet City Guides joins Mt Juliet Love and Music City Mingle in celebrating this business friendly global luxury Hotel. It is so refreshing as a business person on the move constantly to be in an environment so engaging and enriching.  You have earned our Big Daddy 5 Stars Review! Compliments of Chaplain Oscar Smith",5.0,3567,5,0,0,0,0
_pazEDKyQKeXJAbfRmqrKA,853iD3Xu4S2VUafdaQbzLA,Ek6Rp1TOw5FQjF_VC0UhIw,4,I highly recommend these guys! They do a great job of explaining the why behind what they did and they do the little things for customers that build trust.  This goes a long way in an industry where customers feel they may get ripped off or sold things they don't need.  Excellent service!,4.17,4783,2,0,0,2,1
7BJ5ZjakGn1HkDm0VQ3a6w,maXq-FDr-Jd7XggZMi7dOQ,EKbb62ui8LgHk3B7OJMyBw,14,"One of the disappointing eating experiences in a long time. Calamari was heavily breaded and rubbery when I got thru the breading. Also had chicken noodles. The noodles were mush. The sushi rolls were average. To be fair, I had them delivered from 3 blocks away so the noodles might have gone from over cooked to mush in transit.",3.71,3177,5,0,0,0,1
6aYJqs0b37NqrrXUhIvkQA,_jN4VEptTFV-5c8tvvYakA,eYW8j9aiyao04Z16fFRzng,17,"Good sushi.  Good service.  Pricing and quality was comparable to Sushi Tatsu, just up the road.  Nicer ambiance than Sushi Tatsu.",1.65,5503,4,0,0,1,0
iFmau8nKELaQgfMjz4SWHg,Xn-Au7kB1tnTtSP1Goh6QQ,cwE9xJo6KTDSi3O30_Ntow,14,"I can't say enough about this wonderful management! Such kind people, who actually care about the people who live here. The office staff is sweet, friendly and professional!! Not to mention fast. Clean and well maintained grounds, pet friendly and great, upgraded apartments. I love it and recommend it to anyone!!",2.95,4930,63,6,8,0,0
xfNqBbuWx-moUT146om04w,MoJxFXmy8Kr86v53CFdA8g,N5ekxQd7wGHWJJK-p9qqXw,24,Super cool vibe. We came casual off a long drive. Excellent service! The food was super yummy! Must try the brussel sprouts! They are so sweet and delish. We also got the gnocchi and scallops. We would definitely recommend this place to visitors and locals!,4.29,3585,6,2,3,1,1
2PeaTDTd-SLGlN9unRhlKw,Ipeoa5olXPKcWzH9XTy5yw,0b0u6FZOW8MLO4QJqrQRYQ,6,Called this place after seeing the reviews on google and yelp to get a sport exhaust fit for my car. The person I spoke to quoted $1450 as labor charges !!!! Rip off and ridiculous pricing. I mean for god sakes get real !! The porsche dealer quoted $900 lmao this place is a joke,2.14,3351,1,1,1,0,1
XnqVbTQm9eMb8I8bDo_XJw,gCa7R09vwbYPA35d1Jasew,bRuG5UloYAqR1ojQ0VKArg,10,"Ate here once. The service was good, the food came out within five minutes of ordering but the fried rice and chicken chow mein had no flavor.",4.8,4327,1,0,0,0,1
BVRun0gRkKxs6hav8kxvTA,fpuHOhQEIb39FIs0ht6d7Q,D-1BoOczhXGgwhBOR5v-nQ,35,"Worst Mexican food ever!  Yelp failed me.  The fajita meat was boiled with no flavor.  The rice was bland, even the beans were bland.  Having grown up in South Texas may mean I have higher standards for Mexican food.  Even Chipotle is more authentic than this place.",3.67,4312,10,4,2,0,1
TckOcRR5QRPjy5IiY3Bnwg,onxNPg8Szb-5ozZQUAtvlA,6oWaOMzGPCe5fjZvINe6YQ,1,Super disappointed by terrible service by a lady. Don't wanna pay even a penny to her as a tip. I won't come back.,1.0,3431,0,0,0,0,0
UouVeWSbJtmJy7oarAVnqA,J-JcdnkWJQYEjWQsG-vheQ,wFES5bGDiPANW13hNHnXOQ,6,"I'd put this sushi restaurant against the best sushi places in the country.  The owner Nao is also the head chef.  Sakana prefers quality over quantity but even so, this place is cheap compared to LA or NYC sushi restaurants.

I hate to even recommend this place - it's already getting too hard to get in.",3.67,5324,10,2,3,0,0
9UC_dyxgsYSIfz-6xgH4FQ,_BcWyKQL16ndpBdggh2kNA,ug2sjYinbU_4N3zdjL0vvw,4274,"I am seriously not kidding when I tell you that I came here with my (now) husband when we were dating and could absolutely not get any privacy.  

We stayed for one night only - maybe 6 hours really - and found the room to be clean and comfortable.

Don't ask, don't tell.",3.69,6203,16950,5203,9759,558,1
zmdNcLoWV_DBWEA3hQ45bA,hf0eUiUKxoZBqLemtA4B7w,OqutmtWhyRttbOfOCryU6Q,4,Thick pan pizza halfway cooked.  My kids even tossed their pieces.  Not one full piece got eaten.  The time before this I waited 15 minutes for a hot and ready.  this time Hot ready pizza were fine. I enjoy their pizza but this branch must have an internal employee issue to not be able to put out a consistent product.,2.5,5252,1,1,0,0,1
QavIul4OE6_o9hzlaMqZSA,CIR5gP09VuX62wgsm7Vz4g,HsgM-CtRHolS6mTliZwL4w,13,Wonderful! Nice and clean and the massage chair is amazing.  Very good place with great prices. Very nice ladies try them out,3.62,3192,2,0,0,0,0
v6ZBikbyBNBHTknvGdjmtg,UMh9KhqlScXlkuYq8HQT4Q,FSxREGXCZdsh5wZhOcay8Q,340,Super friendly staff and very fast service. Location was very clean and organized. Highly recommended,3.77,2179,74,21,22,5,0
xDqxmNIoLotIrdt4orAVWg,fW2AlEzIRaZTinXh0HCEjA,JenLzyNp71P2MpLAFq_G6g,20,The location is great the food is awesome lots of parking space n it's next to the HWY.,3.0,3696,6,3,2,0,1
DyMyr1w3yM2YYT8G-i0lqA,NqB0yXqOxsREcSztt3qmsg,7a2gaL_UhgIs7DolzHbJ_w,1,"Great food!!!  Super nice, we did a takeout order and it was delicious!!  Will definitely go again.",5.0,5353,0,0,0,0,0
ooDwaZFI0Vw1JI-uGK58Lw,LUyddCQNz97uUkrbBYP98Q,oGQb9Cx9Sk0Lvuns1Wf3tg,1,"I only ever go to this location because I don't want to get out of the car to get Duncan from the gas station near by. Long wait almost every time, mediocre customer service and my drink tastes off 75% off the time. This place is right across the street but I may start going to wawa instead and placing my order online.",1.0,1766,1,0,0,0,1
JArLDZcyiouxWbgdTyKaAw,2n7rf3WK1J29VTmDBce1cw,uWLFplSCk3lI9rf84ZDwUw,32,Never been here but apparently they have mozzarella sticks now. Asked if they have beer and they said they don't sell beer. I thought this was America.,3.79,4822,34,18,10,0,0
fCLjtOclKFtGu273wNx_VQ,2PPUK-u-ReDs8KBh5-cWuw,CAQFxeImeXVWnlBL4BzZwQ,2,"Not only is the food excellent, the care they are taking during Covid-19 is superb. Love the people who work there, they are like family.",5.0,3600,0,0,0,0,1
jmoHhH5s9s6216ZSMbXSjw,Cy3BGL6dlMQ9JL_6gw8aQg,Eqfks4GEn5dsI4ZGiPrCVQ,15,"One of the most delicious meals. Ambience, service, and diverse menu. I will definitely return next time I am in Tucson",2.6,4407,9,5,0,0,0
KNftDNc5vYd4dIKolhticQ,n0U0aHLg0MH5XYKcTKxmlg,rvF-BwyaCHeb30u3Xf7FbQ,5,This place is really COOL. We also got a tour of the hotel and all I can say is WOW .This is a MUST SEE . We will be back ! !,3.4,2276,3,3,0,0,0
6rnapilRlaxuIArsixtu_w,7JhpYlphHU46gxWBhzeo_A,h7TO_IsmLCYmKKDVOOIeFw,192,The sushi was fresh and the rolls were delicious. Not usually a fan of sushi rolls but this place does it right. Would love to go again soon!,3.68,4809,296,38,103,7,1
uUTBnKT874BGQvXTJT7msg,T3wdKRBfHPpydOob4rESPQ,2Q1R2OhBbAQ581vK_r7NhA,11,"Oh my god they have barbecued squid have you tried barbecued squid this is a high-class little restaurant the sushi is so fresh that the octopus talk to me talk about a couple of cephalopods anyway I love hookah That's how Google spells Ooka when you talk into the phone
cowsandpigsmaketheearthwarm.com.",3.92,4992,8,2,3,2,0
s48EaDoZ5BtMoMmb4JJ8mw,RpMPdjvvWaLv_F_r_6E7YA,eMmfmxMTSxmdBsuxX2SxMQ,8,"Don't go! Worst experience ever. Staff was not knowledgable. pick up date promised 2x and dont have yet. Spoke to Manager there, RUDE. Dr. Stopped to teach tech how to work on glasses 3x during my appt. Not cheaper even with my coupon than anywhere else. I would suggest to book your appt elsewhere.",3.7,4488,14,4,5,0,1
Hz69ipenXk4biysI5QEH8Q,aJwtTXfLDUGuNjL83NLSlw,VauIhwaAbVOvtXn2HDXY_w,2,Great place to get your haircut and for a reasonable price. Make an appointment for the weekend because there is always a wait.,4.5,3582,1,0,0,0,1
Jf5oQZYuDMqsz1DbaDh-Nw,OLeCMF_HOmZRCkaBCnBLmw,cg6OXX5r_vvz5J0QjHOMtw,1,"Excellent service, great conversation. This is exactly what a good barbershop is all about.",3.0,3074,0,0,0,0,1
MxZI4d_OC01uXAphihMIAQ,Zw-UG1IOaio9sclZlBjkZg,ifEkf8JxP3RCBeszcIGLww,3,"Wow! Just Wow! Do yourself a favor and try this place, best italian food in wilmington!!!!!!",2.4,3344,4,2,1,0,0
mnfGtMQd0d3r-p31v4J58Q,9ZUdzMRLsD2UbscbmT-Gyw,i5B1Huwg7pHMiZiJGWds9Q,6,Everything is great hear you will love it. It doesn't matter of you want something sweet or salty they have it.,4.33,2092,0,0,0,0,0
bAyEYBUNwZ48UiXRxDaBOA,4zXcLQn9ckNO3_R8T1X7aw,uTEvgnFfZk6s-apf1j5Dnw,3,"Amazing family owned restaurant. Loved the food. Service was awesome. Highly
Recommended.",5.0,5486,0,0,0,0,0
Ygtu9mH8AdUEU-wSJEFIxQ,EC8kA1DJ7n3AJmMc07izdw,kWxZoWO-Nw9V_xBgUYrRgQ,22,"To be fair, the hash browns are awesome! Really, and my breakfast sandwich was decent!  However, the Donut ... it was stale, and I got there at 7AM, so what gives.  I don't understand how at 7 AM, I am served a stale dried out Donut?  Nevermind ... I wont be back!",3.04,4489,3,1,1,0,1
DIp2vkbzavg85asYnLmspg,X1lwPmz5Hz4B6yRo3tPtSQ,KG6SvIGIvAwjGAeyG_w4yQ,3,They don't commit to appointments made. Went in and told to sign in. Waited over an hour and they weren't apologetic at all.,1.33,2850,2,0,0,0,1
EE5pgRFOSKbTSxS-I-Z9tg,8n7jpoERSTCBndrRL0Yegw,pUAxkZyr5WcMYVcD7s_OvA,1,"The best barber in center city, every cut is exactly what I want, and I always look good when I leave. I don't trust anyone else with my hair!",5.0,4687,1,0,0,0,0
nTgBEWmWxjrboggplNa3KA,SIbWUnrp94vzuLN-NF8hvA,lgL2Fy0LcyVsq3LSQYyj5A,35,"We don't eat pizza very often, but when we do, we ONLY order from here.  It's pricier than other places, but the pizza is the best I've ever had and if I eat pizza, I want it right.  They get it right and their delivery is wonderful.  Thanks Mountain Mikes.",3.38,6008,118,12,14,0,0
Mz5i80IjAjbITl-LQ2kDPA,uW2OliFNYUv-Dq5egVhQTQ,wVrJOXjRrPKIfZbNnrl3ow,126,"Wowwww, this place is not good. Our table of 8 agreed on this. The pizza knots came out cold with a horrible taste. The pepperoni pizza was greasy. I didn't care for the red sauce. The pasta was okay. Long line to order. Table & a few plates were dirty. On a positive note our waitress was nice.",2.97,3808,197,101,88,6,0
TJ8Bgd1Q8gQstHZXQTKX6A,0PkCxX5PeubHdkOLnvSVaA,HYuLJ_8FXQgOykbG1dd4ew,874,"Docked our boat and went inside for some cold alcohol. This is an old shack looking type place with great prices and friendly service. Next door is the Thai and American Food hut, as the beer shack only serves drinks, ha. Good place to hang out, and you can look over the water and sit inside or outside on the shared picnic tables.",3.7,3738,14102,8409,11938,315,1
UgKJrJTzpuXrVsiy1D9g_w,Godf_FDPgRymhVyZZ4avHQ,Eqfks4GEn5dsI4ZGiPrCVQ,3,"High quality, excellent service for moderate prices. Consistently the best ""special occasion"" restaurant in Tucson.",4.0,5112,1,0,0,1,1
qA62dIS4DJMDxlu3V4BT8g,eajDRksH-VF5-0Ny5pQlZw,uvtfWHc5tPuyE_78trC_6w,4,best sweet sauce pizza with thin crust you can find!,4.75,4529,1,0,1,0,0
ynd8ar-PcxBQwPULqABzIw,0tHuu6AkV5EQNgZbmd_t_g,bbanucGYOlGocn5HMioN5A,2,"I love this building. I have lived here for many years.  The staff works very hard to keep the residents happy - from the property manager to the maintenance people to those people at the front desk. The apartments are a great size, high ceilings, large windows.  And the building is close to 95, 76 and Ben Franklin Bridge.",4.5,4369,1,0,0,0,1
7sNxbZrzvTvDRdUgqBoc6A,7-yjn_JOmK18codkQxE9hw,UTKQts2a2ctTX7E37qsMpg,94,"Very dirty , outdated equipment, not kept up at all and looks nothing like other AF gyms. This is by far the worse AF I've been in and that's saying a lot.",4.31,4845,51,8,15,0,1
ydmReul2LYKdmTjIWfnh9Q,C9GdajNaZYfV-LBXLc_aqA,AgRp84lRUlo_DoT_kOawCA,17,Idiots can't get an order right..it is their job to receive an order..when you ask for ..no this and no that..make it..and they fail right there..haven't been back since..i also may add I took the matter up with the night manager and realized I was just venting to an anal canal..,3.26,3547,9,7,1,0,0
1qbFG0QEbxSas1dxZevYog,unbnskkG2R6ILSVc8gMGqg,ehDMKoJUvrkU_y_2eSSiHg,21,So good!!  Everything is delicious. But our go to's are Chips and Guacamole. Shrimp Tacos. Sopes with Al Pastor. Nom nom nom,5.0,4911,20,2,3,0,0
RaPlJhAHOpr97NiX9HIfsg,OEFSqrrLOZ-Pv3xBqsm0BQ,UglPQH9cej01pfSj_Ibz1g,678,The room was clean and the beds were very comfy. The front desk staff were polite at check in. I won't stay here again because although they have a freebie type hotel breakfast sat up it doesn't come with the room it's an additional $12.99 per person and coffee is $3.22 per cup,3.82,4828,3523,922,2258,76,1
MQ3646frEUix-WepNLTT8g,RIoB9GTg7oJatbpwp-2wVA,jci-jrsso9Ucn7r_kMsYAA,2,This place is so good and dangerously close to my place! Dangerous because I'm going to stop by there all of the time!,5.0,2338,0,0,0,0,0
DEER1zgzHF2McHCgdiauVw,PBZ-SfjN8QGrTnloi-2aaw,7ADfnOJnK7ysbAo-kBEmuQ,3,"I placed my order from the drive up, went to pay and had to pull up to wait for my order. after waiting 15 minutes my order had not showed up yet. so I backed up to the window and told them I was still waiting. when they handed me my order the 10 Krystal's were cold.  How does that happen. Plus only 2 employees working.",3.0,5737,0,0,0,0,1
ZPP3Jd-uQXLWLc6XNHW1eQ,ZxX2Pz183pvRqOhJr3GVtQ,pXEzNp9xiyK62UuIxy-oIw,5,I LOVE this place! I always get the very best glasses and the very best help at Modern Eyes Optical! Very stylish glasses and people who really care. They really work with you to make sure you are satisfied (and even help you pick the right frames for your face!) What else would someone want from a business?,5.0,3306,1,0,0,0,0
-OzF9rxOKLWw4AjFRxZy8Q,htB3_aZTn6w34g-QntRlxg,aOCzaC3XuADemJYXI0zsjg,29,This is the worst Marriott I've ever been too - and I'm an Elite member. It's an embarrassment to the brand. The hotel is situated between 4 highways and busy roads - so every room is noisy. The entire hotel is pet friendly - so half the rooms smell like cat urine and the other half smell like deodorizer. I'll never return.,3.71,4934,27,3,1,2,1
KaTgKs_HGKjkHz1qzSBr9w,lnhtx8EftQJYLR2sBtsgwg,1DbW-wqhLz02ivbaXT4h3A,209,"I would like to give 5 stars but having two little ones in the pool, the staff came in right at 11pm and stood, not politely quite intimidating to say the least demanding ppl to get out. To tell a 10 year old the pool opens next day at 8am when finding out its 9am was not a fun situation. Will stay elsewhere",4.29,4380,89,25,33,3,0
S_Uq_7xxvBJQNO3jfU-low,qjvYubTGvFUDxAWy8H-Xsw,9_V0SWbQPnZ0mR3kljXqBQ,69,"Three Stars is being generous. My husband and I ordered hibachi and sushi. Sushi was OKAY, the slices were pretty thin. My hibachi came out COLD, drenched in sauce and my steak was WELLLL done (when I asked for medium rare). Don't waste your time here, go across the street to Sakura.",3.41,4059,68,5,6,3,1
If5jC3YErzzaR9srZzalbw,MfuE21un_E9mPO3UG26PoQ,JOtL55d_bLuoQ3b3ESDILg,29,My stepdaughters like it. Works for me. My little cousin loves the pizza so much she makes us bow when we first walk in lol.,4.35,4149,18,1,4,1,1
9fxo5KdRNasE0zvxPjRqlA,cUKxPRHvGM-w73IpKpm6FA,ARgidflSXPHj7uhK-Y7hwA,1,"My favorite sushi in STL! If you are sushi, nigiri, sashimi eater, it is the perfect place to be for health meal.",5.0,2300,0,0,0,0,0
xYS7CFAbYDFZGRLZ0E0mxg,y1Gfyir4WNyWPKePH_q_rQ,GabL6KPmrPirzYWiQ9LtBg,13,This place is pretty bad. The staff just don't care and is reckless. Countless time have they forgot my order or completely didn't have my stuff but still charge me. Every time my gf and I order from them something is messed up. This is today's order... burnt ass croissant and is falling apart,3.0,4598,19,1,8,0,0
SFBfUW0ouVVESfy6hkTLsw,o9rDja9fa8jKd23mA_tz1w,5QefK7gbedeBiqsYJW54Bw,47,"Definitely not the original. Beignets were doughy and not crispy on the outside, WAY too much sugar, I get it's supposed to have a lot but this was drowned double the amount at the original location. 

Cafe au lait here was burnt and not really even drinkable. One sip and I was done. I'll stick to the original.",4.06,2572,25,0,15,2,0
NIS4lw3JGwZJwwyrLMlDxg,cZW4SmUs4FzYiOuBZmjlZg,O0qZbQGQIeDNrMUTQDqblQ,8,"Clothes got stuck and delayed my day. Then I sat down to a confused roach crawling in circles on the floor and washers. Now, I will be itchy all day. Who's to blame? I'm just irritated now. Nothing personal to the nice guy on duty who helped with my refund.",2.5,4758,13,4,2,1,1
S_7kbLlgDUn7YAXurSXmtA,4_NBe2qSZSqvB6jd1CmlZg,sqWlikw8elQr6GkNT1qaMw,22,"Idk why but this location is just terrible. The food is often inedible. Today I got a breakfast sandwich for myself, and bagel minis for my son which were both burnt to a crisp. Also, got some hash browns that tasted like they were fried in grease that has never been changed. I won't be coming back to this location.",3.91,4263,8,1,0,0,0
G2lKwJb7MSoMwVNJ3-jmHQ,LNkLzBeQtAdizHcYedLBLw,z7q_oWGr3GlvYqfiTfeljA,4,"This place was not only delicious but the service was stellar. Our waiter took time out of his day to tell us everything cool going on around town and made our experience so fun and enjoyable. Would recommend this place to anyone! Hot shot was really cool, told me he owned the place and could hook me up anytime!",3.88,4149,4,1,0,0,0
oBDS3pj6woocPF-LWiUojQ,uwdxfokW47qcTKPb9vyXDw,qIBVyVbf9_2-62bh012JXg,3,Hands down the best sushi place! You must go to Charlie's and try it! The salmon melts like butter in your mouth.,2.33,3271,2,0,0,0,0
5mis78eQ_TOsKTwSn22AyQ,z4G2gfLFxJ2z0jIoEAp-mw,Ktg3ahIxk0JIkJwXAqu2ew,1,"Excellent food, excellent people, excellent experience. The bluefin tuna taster is a must have! Plus BYOB ;)",3.0,3292,0,0,0,0,0
m7MMQ89l9eLmpk34a20qig,CYcaS4EL1LRs2j_gZQ9xeA,haYikT8axUlLyNS7k-osng,12,I don't think they drug test their employees here. Employee training should incorporate more math problems.,2.64,3650,15,5,1,0,0
3RWBs0Dil9fWnExHAVLgzA,4Jj2ff--Ql2lmRRBas8B0g,oyg04h-3-anDGstdbP7o1g,30,"Excellent service up front with the people helping with glasses.

Rude optometrist. Wouldn't see her again.  Down right nasty woman",3.03,3568,63,13,3,2,1
9j4ZtWo77SZ1-GBVWGzQKQ,F6zcx795bQ92mw8PTFGbzw,ZGChyjzwb_buWTT6Wg-q7g,2,Excellent sushi! I can order over $100 worth and it will be ready in a half hour!! They do not let their customers down.,3.0,1911,0,0,0,0,0
NbBkphPPfwSCr3BDD5koiA,p12dZnMBnZittReN5N-e1A,qE0vk2A3qD088ZafPZZdJQ,1,went for dinner on 10/28 ordered prince  edward island mussells and linguine. first of all they weren't pei mussells and the amount of linguine wouldn't fill up a 6 year old. They using an Italian name to sell their food but the owner and the cooks aren't italian their indian.  stay away! I will never go back!,2.0,4222,0,0,0,0,0
USFjlxkLgiuTVwbTek9eqw,yAYpI4RnOw97GghhP9VtUQ,bbEXAEFr4RYHLlZ-HFssTA,71,This is a small joint.  The cleanliness is terrible and parking is terrible.  Food over all is average.  Not out of this world.  Staff are friendly.,3.11,5234,50,26,7,5,1
_1EibD8k9biOev_n_dtBNw,0dJut8o2s8Gmu_lj_fQ8RA,dCEMUcF2kO7iUiGn2mOt6Q,1,Delicious! Always order a delivery here. Food was great and very fast. Best chinese restaurant I've known so far,5.0,3010,0,0,0,0,0
J2uh0mQ1chIsHSK8_cZ39w,9y_6qkzlazNiJ74zrA1jdA,7JFH17VaAsbyRsMrvKsRFQ,12,GREAT (STRONG) DRINKS & FUN BARTENDERS... I simply found it way too small & crowded for our group of five on a Saturday night.,4.29,4889,14,2,2,3,1
JAoOK26JBluJ0kFJqktGXA,D2CZ-g4rXx5bNxPEAdYvxQ,FZvNkCWXTGcDPudyt7-bJA,15,"Always double check your menu on the screen before you pay.
There's communication issue. Strongly recommend use numbers after menu such as ""salmon and tuna poke bowl, 2 of them"" other than ""2 salmon and tuna bowl."" You might get twin Salmon roll and 2 Tuna poke bowls...",3.06,3798,11,1,4,0,0
CPr32k-jvjfTi5e1iSEbcQ,fB4fPY3gDZ_qKyvr4xSXVQ,0XXZSQpSbcbL1i4iK-Ohiw,1,"This place is terrible please do yourselves  a favor a go somewhere else, the servers are rude and the food is terrible.",1.0,2133,0,0,0,0,0
JpyC6yhvcaAvFwgheRbWKw,IZjJfZWcliZNkNS37X9y-w,tJLg570KTBizeKH88g3lPg,4,"the service was just ok, but the prices are way high....be prepared to take out a second morthage...next time I will know better and go to lens crafters or sears....takes very long to recieve glasses, so far waiting over a week, when I was told a week...never again",2.83,5141,2,1,0,1,1
lCR7ozaFvMzgVaxRp4rklw,M8f9U93HnCgFEfnPTXUN6w,VEL4jtlIlHoLmjLYdRVBOw,1,Took to long to take down order at register. Food was not as good. Sitting area not clean & alot of flies.,3.0,2763,0,0,0,0,1
Wkr1GH0hK4MkCEwE4c-k9A,pFURtm05S840gM2ZohlG4A,q6SMfwL4lOrVF5vAJLEqWA,3,By far the worst and shadiest car rental company.  They first would not give me a refund or credit when the world was shut down.  This company should be ashamed of the way the do business.  I will never us this company again.  Please sixt do the right thing,2.33,2070,0,0,0,0,1
xvK0YApyfB0F9IXW4IxIgg,yT3JmhW7kEk5zNiTUS_c9g,wCXJVwhCt06HdI_HjyThCA,1,Recommend Andy at QT Nails!!! Best nail sets I've had in a long time! Come see Andy is the best!!,5.0,2459,0,0,0,0,1
3r_-rrZTiikR97-NgKyX6Q,4iB4nrNeeZB6pu6ecrqwGg,_BreSZ3-mTEJYqJ1Ot7Akg,4,SO GOOD. If you love puns and donuts this is the place for you! So many unique options to choose from.,4.5,2472,0,0,0,0,1
RAEmvbN7xGBuVuVTDWKZfA,8Kg1uVA9KPQ3r5eMKeFctg,Kp5s8x5JC9jOdIRNrV0zCQ,6,The best salon I've found. Very professional and make you feel right at home. Thanks Amanda and your staff !!,2.67,3569,2,0,0,0,1
gsDBh7_d6HpsfcuVgWhI1w,W-TeznGfHHEDFnf75Jx6tA,6LAp-gSP9Kk4ZvxijXaxIw,1,So good! The sushi at this place is some of the best I've had. If you want good sushi go to Sushi Cafe,5.0,2531,0,0,0,0,0
tE-VtLHJR1FNcVu_Gz1gfQ,kHWM5uV_AIA4lVxj4r2_3g,vP6BGF8IqbXlLQiDP5n6dA,1,We've been ordering take out since covid started.  Food is just as delicious as when we dined inside.  Highly recommended.,5.0,1667,0,0,0,0,1
M-u6RLckCFEl6wASuf6lRQ,V8xt3DKwEkNUzAn5mRHE1w,v2Z_d9d2GWCVUTtPg5ucRw,1,"Even pasta was ruined, will never come back to this place. The dessert was lumpy and half cooked.",3.0,2608,0,1,0,0,0
PcNjdT5J7ivO40FWL54Vwg,rnSVA2w4slDQYUuj-8fI3g,kTBCF7mh9cQWkOmf6MeMCA,79,"My tire BLEW OUT on Donner Pass and I was able to make it back to town and see Wes for help.  He ordered my tire, did my oil change and even fixed the corner where the bad tire had ripped a screw off of the body of my Lexus CT. Great service and very reasonable pricing. Thank you, Big O!",4.91,4709,51,4,38,6,1
tZpH5UPxtVEGTmFUr4UiKw,6XyQ3fGGMCVS1W7ma9chng,QwwNjAyC5I8inmb2lNYrAA,301,Quick fast and the usual McDonald's taste! Restaurant was nice and clean! Nothing much to complain about here.,3.91,2173,638,38,440,14,0
HjFluWr1C0KYjHktt9E2DQ,0vHEwOn8AE5mNituTi51Lw,d3dw3YihB3WuU1Sb_i74-w,1,Great spot. Great Sunday Brunch love the space and ambiance chicken and waffles are wonderful,5.0,3428,0,0,0,0,0
1w7cjJpLbVFYu5VQBKvUTg,h3rCWy2hTJAw84Yw718qrA,i7U03p9w7wAgmNdbHbqbbQ,35,I would highly suggest not even wasting your time applying to these apartments. All of the employees told me different information about when the deposit would be made. I was ripped off before I could even move in! This is not good business and there are other apartments in the area that are much more worth the money than this one.,3.31,4632,45,10,6,3,0
ySzBnn5or2Y2j3aLnME8rg,e7pnv6M1M7oNgDTQ2EjP3g,8m0OiJSUuHzT872I1PtaGw,17,This place is HOME! The most comforting location to get your fitness on! The coaches are A-MAZING! They are so inspirational and motivating. Even on my crappy days I can count on this gym to lift me up! Get up and get out here! You won't regret it. It's addicting!,3.9,3303,11,2,2,1,0
hFJTk-TEsIqwFziu3WDktQ,aDpsyw7QhAEGEH9dJDsNZg,69W6bamIBoGO6mX272CiPg,14,"We are Sushi connoisseurs we've tried every Sushi restaurant in the Tampa Bay area we always try the new restaurants this is by far the best Sushi restaurant in Tampa Bay, we had the Black Dragon.Roll, Sweet Mango Roll , Volcano Roll and the Dynamite Roll,",2.41,4130,26,2,4,1,0
r4vWb-9kYIds3FbsiI76GA,-oKLcUAKpP-y3P9tMob2tw,LnQRfj3pPz0369stRnwUWw,3,The best sushi you'll ever have wonderful atmosphere and the staff is awesome five stars isn't enough for theyou can't get any better,4.8,3591,2,0,0,0,0
OAQw20AJqlnnh3Sqsko-1g,IX_p5IOKAfV3L17J5ahTVA,h9LVl1yLP69rqWNmsGgALA,18,"These guys are exceedingly slow and brusque and rude! Do not recommend this location! The line isnt long but the wait times are horrendous.  It should not take 20 minutes to get a simple latte.  I ordered amd finished my shopping in Frys and when I came back, I *still* had to wait 5 minutes.",3.17,3855,18,4,4,0,1
zNo-9m8Y450f9zisL9S-EQ,TTN8eqypW1J_LOjLzVk3Vg,xuLkODkCa3U6YasU-x-OJw,6,I had the gentleman.  He was polite and did a good job.  No appt necessary. Reasonable price,2.86,3233,2,1,0,0,1
LP1bLOIgC_rwJeJmCHjkkg,cqIbzmlR4_bx8WPYpYPm-w,hfnQgCDLlbUfPHkkMlpb2w,28,"This is the closest McDonald's to me so its location is really convenient. The food was great and all and I absolutely love the fries, sundaes, and fruit parfait. But one day, I ordered a salad and I found hair in it! Now I won't be eating anything else there unless it's the fries, sundaes, or the fruit parfaits!",3.68,2873,3,0,1,0,1
Tr8cuS7ef1P70Ml7vmC3Hg,v596Hda5bXjGX_WVOpcCpA,MnRoXI8JcOVZMoVgDhC_Wg,13,"On a recommendation, I had my mother take her car info Ralph's to get her muffler looked at. They were fast, polite, and had her in & out in less than an hour. Andre took care of the issue at a very fair price. We also appreciated that he showed us the issue prior to giving us the estimate.",4.71,4807,20,0,7,1,1
B9Mrj7QTKO8eSp1nhFO8kA,MGg_bEhX2px7_Elqsy-qyQ,r2Q0R0o2ozazmsZb6EiFfg,32,"The food here is okay, with big portions. Simple food and atmosphere. 
Complimentary chips and salsa. Mexican beers.",3.84,4265,14,1,2,0,1
W9Nw1xnvQC2rOjA1LRu6Cg,ma7ej2JjyxX6CWPCuZ9xCg,R3UoVa4t-Yz0BXSNhoy3Ug,4,Food ok service at night not so friendly on 12/26/2017 at 9:45 act like it's a big deal to make a chicken sandwich,4.6,3069,1,0,0,0,1
fZs1jLA1oawvxKyEl2yjrg,aHifCD-Ny4c1m3tFN-Uk3w,04WeiTVNEnhMa4Ty5bpfZA,8,Greatt food and frendly staff go there at least once a week they all know me bh now. -------------,4.78,2782,0,0,0,0,1
H3mHpfjdy_gs47MXQeglwg,JzAV8HbsgNfFov1HLb5Hgw,5kZtETKu37RuwHATrB4a5g,1,Been a member here for 3 years and just recently signed up for the Thrive Program. Felix is my trainer and he's awesome! The workouts always seem to kick my butt and I'm never bored. Location is great and the staff is really friendly. Definitely recommend.,4.0,5075,0,0,1,0,1
xGvQBlrdXSy0UCFZ_JI4CA,JppDyJaE51XHDD9hWqYv-w,GE7eT64EHR6udOZUaP3yCw,8,Super fresh for frozen goods. Window attendants and super sweet and high key beautiful. 10/10 would recommend,5.0,3741,0,0,1,0,0
T5d8KV-ON1_xj2X55Ib_Ww,xOGflmieBbw7Abik8tQnHA,CotDMRP4tvaMdp_4UKMGxw,11,The special line for the unlimited pass is always having mechanical problems. The whole point of that line is so that it can get the customers in and out. Absolutely pointless when it doesn't work. Why am I waiting 5 to 10 minutes to get my car washed? Looking forward to the grand opening of the new one in Speedway.,3.27,4743,25,22,5,2,1
mhzcigOVfMkr0yqwYD5W2A,eVNMQBfaeFJRHATGI507Yw,Ug4NowBgKzrB6LFCQSOVjA,1,They took 2 hours to deliver and I called to ask them if there was something wrong and ask why it was taking so long to deliver. The person who answered the phone was rude and unprofessional. Then the pizza sucked. I'll be telling everyone in Nashville to stay away from this place. So many others that are better...,1.0,3721,1,0,0,0,1
RiqA03eZu7lUXfSn5yGQvw,T-Qph23zjfNAXYGpQ4kW0g,nteD5A6CKXZPqbR9EltQng,84,Upgrading to five stars. Excellent food as always!!!!!!!! Food freshly prepared crisp veggies clean lobby pleasant staff always a good choice!,3.5,3622,77,23,14,0,1
NhsrwpG46VYjmAwdfCMrSQ,DwIetk5y9m6AypCjPux6RQ,kLLbQd_TYH4B2Y8_VOGikw,233,"Love this Burger King!  

Every time I go here, the food is hot, fresh, and tasty.  The lady who helps me, Bobbi, provides outstanding service every time I go!  Great customer service, friendly, quick, and super nice.

(Don't be fooled by the guy on the internet doing bad stuff with the food. He doesn't work at this one.)",4.24,4925,1164,613,807,36,1
NdLezCRmIXv8RpcYy-5RNw,J-g44-6SDvNrvD2dTYmQpA,yheGRZWHC-RJoKlqepj0hw,12,"This is by far the worst subway I have ever been to.  Always out of bread, sandwiches are never right, pile on the veggies and smash it in a wrapper.  Been like this for years, and I'm guessing it will never change.  I've been to subway shops in North St. Louis that beats this place 5 times over.",2.33,4332,40,3,1,0,1
OF_svfFDQFnLz3wI2v51HQ,zuRaLFMo3byL2Ib9-ypUnA,faoQQabKpCg9xt-w-jCb4A,41,Very nice and friendly. The service was excellent and price was very reasonable. The mechanic was very knowledgeable and was able to get my car in and out.,4.2,4891,35,11,7,0,1
A8orD4LZli6w0NR8zZgWfg,JZA-JbqzKCgmSDRIuvMxQQ,g_pgHY7bCobi-P6DP3Htsg,14,"Everything about this place is awesome, except the smoke. I realize that is part of a bar, but sometimes it's overpowering. Their prices are fair, never cheap, but that keeps the riff raff down. It's a great place where you can chill or have a blast and no one else is really going to give a Sh**.",3.13,4642,20,4,1,0,1
8ORhwhfO73vOFsxN98Pflg,oyvXyJpSWGipsoZTkoaFkw,R7LBTdnp3FQ7vDfSpaHe3w,1,This car wash was complete trash it didn't even have any suds worst $18 I spent DONT WASTE YOUR MONEY!,1.0,4041,0,0,0,0,0
-xVejCgBx5I02T8Sh2YSVg,6kxuBLArNAsJTIPdQn58mw,MWKowhzHQ_scqnJEqAUYgA,4,"Terrible staff all around, we paid $500 for a night and received service for. Motel 6
We hear more NOs than I have ever",4.0,5548,0,0,0,0,1
En6gv4n0nU7HJIZ36cQjhg,MoLli2T6j8oLJ6jCihEi2A,clwjLY7PdYJpe7IP9lrqEw,51,"Great steak tacos.  Tender with just the right amount of spice. Hubby having beef taco plate. Says taco, beans and rice are great",4.56,3626,16,4,7,0,1
pfJXCsK2xBfbaIPXm_Y1gA,4xlb5wN19mYri4uG67JiAg,9u6AKwVHMl9EJWQ-QUPIfQ,6,First time taking my car here after bad experience with pep boys across the street. Scottie and the other man at the desk were friendly. Took another car there the next day. Treated us well didn't try and oversell or use pressure for additional work. Will go back regularly,1.67,2595,3,0,0,0,1
_nGOSnB3AgjrnLAA-xvJlA,n9HbyZexanpopBeCVvUMWg,SbzUSgXCLHXJ2SgCv4ilUg,16,"This location is consistent. Consistently rude, slow, and not up to standards. The food is ok, though. I have visited on numerous occasions because it it on the way home, and I keep thinking it will get better. I'll update this review if something changes, but for now it is some of the worst service I have ever received.",3.56,4343,10,3,2,0,1
ENdikBQ0D2vX1lTncKZCPQ,rRMvyEtBXzF2PKzptxBKBw,g4WzNohp7YOYv6-MEJiZJA,1,"The food was great! Every entree was prepared to perfection and the atmosphere was very welcoming.
We will definitely go back!",5.0,1465,1,0,0,0,0
WmBFnWHzNQ4CaAl79v-0WQ,Jl8vK-fB3XWNpYPE5SZxFA,wvNFqRE-zEb95tMHcl4Wjw,1,One of the best burgers I've ever had.  I don't know how they do it. But the burger was perfectly charred on the outside and still medium/medium rare on the inside. It's not anything fancy. But if you're looking for an amazing burger this is the place to go.,5.0,3674,0,0,0,0,0
c0nPXnlTX6-bV04xB-Plow,f2dY5c2NmmiYEA3YOZtaaw,pAZWpwDFOR2mFUfOIFAG7w,2,Real New Orleans Bra. Just can't get enough of the flavor that this Store brings. Avacados are always on Sale here at the Breaux.,3.0,2277,0,0,0,0,1
5HSRi4NyW619Hz0BfDjC0Q,rZtXfPpfBI82pHV8qIX3DQ,CcxT3qxaAm9_3-q2h9zt_Q,1,Service was horrible. Food is ok. Nachos lacking. I won't come back. Only good part is the projection screen playing eagles game.,2.0,4549,0,0,0,0,1
AO32CpJaZi2Ndikc-HrNvA,MUxX5XmEK63FDBghwPQwLg,bnyT03UR23AWNGN9EJFrAQ,5,"From the friendly, attentive, knowledgable wait staff to the memorable meals, this is not a place to miss!  The filet was tender and perfect. The pasta dish was perfectly al dente.  The evening ended with the perfect tiramisu.  A completely enjoyable evening!",2.8,4570,1,1,0,0,0
XCPGE1qUuJxr2827NN6Ouw,O83HVScFv7a36NKeulbTzw,sy9erwW0yTpjsTQ1eLtnUQ,158,Good service and decent coffee for $2.75. This was a very busy place around noon. If you are looking for a place to study or get work done a lot of people clearly enjoyed doing it here. I found it to be a somewhat distracting environment that would hinder my productivity but I enjoyed chatting over a cup of coffee on the couch.,3.6,3389,22,5,4,1,1
iqY_ewkXWvmVNMBTi0MF0g,NVk8zYPSJUnsIOrXUui20A,FVxo6PKyPgy5C9iOY_s9eQ,141,I got a cut here on Wednesday. The guy that did my cut spoke very little English but he gave me exactly what I showed him in the photo. Also when they wash your hair they add a massage in and they wash it three times. Over all it was so relaxing and exactly what I wanted in terms of the look. It's $25 for long hair.,4.31,3793,268,84,138,19,1
RCtrOtd-AjJjhBfbwmAJww,uB8XGwQasp1YwWOKw-7g4w,HviAzkMvhZbyT8dUH9BkLQ,1,Nothing will ever beat yoi tomo!! This is the best all you can eat I've ever had. And every one there is so nice!! I give it 100 stars!,5.0,1495,0,0,0,0,0
eUzUveKDBLcBaUIuKzf--g,b6WZ94tIIZ1Zy80HaC6iVA,nmeGoVi_U-bbnojJsi52Aw,1,Had this spot over the weekend.  All 3 pies were 5 stars.  I do think this is the best pizza in the city.  Keep up the great work.,5.0,1624,0,0,0,0,0
Dviq0SFNCWRMpu3SGnpqUQ,gDcPbE19MdHt27g8IzG8ng,Rq3Wjcg5ULV2yn-AwcmirA,10,Consistently friendly and McDonald's level quality. I'm not sure about the other reviews but this is our favorite McDonald's in Tampa.,2.3,2499,6,1,0,0,0
2Y27WGzjIuFw-HpIyhcyrg,y5vE9WM3S7d5R-HIWS7c7Q,or0TwZY2wj2Nk_xZwgOWPw,4,Literally the worst Rally's in the state. They closed 2 hours early last night without warning while I was in line. Ownership should know about this.,1.25,3512,0,0,0,1,1
T4lpYCFaGnR7IqKqgOCZfg,mY6REl98D-KJt4wUT77H7w,CU7JcRlCu01SFdf6CCITXQ,1,"Shit service, OK food, had better in Iraq, if anyone cares, I do! This is a place for ass people to be at. Give me a fucking break!",1.0,3990,1,0,1,0,1
NyKVUuSvQC5zRm3vlM-i2w,jc9pm5WLC-NCsVYPv2Lq3w,gqmQA9TIdmKz3tCnz6DqFA,10,"The food was great, the service was questionable.  The waitress forgot O ordered soup not salad.  I got salad but it was a quick fix.  She exchanged it but when she carries the bowl of soup, her thumb wad in it!  Other than that, the pork kastu don was great. Get the tempura appetizer!",4.7,5020,8,0,3,0,1
bs6-lpQhJxSHcGTqiWsZGA,bxGpccX9qC-pIbjRuIeCNQ,dTvffuPtnhOSwSNuKP7BxA,34,I'm extremely disappointed that I paid $500 for two night stay for a river view room with a balcony and I can assure you this is NOT a river view room. No view of the river. NONE. You should not advertise what you can not offer. No river view as indicated in room description. I'm EXTREMELY disappointed.,3.07,3900,27,15,9,1,1
XJ7Z2E-OcJX77JD1VpF3YA,nPy0RL6zeQ78-prXlOw7YQ,fbnFSTmZwct_YXnr5u2bRg,6,"Great spot! Clean, modern, large selection of both regular and gel polishes. Very kind and professional staff. I'll definitely be back.",4.33,5027,4,1,0,0,1
5sMAhWuc6h0H5qvkjLPx2w,JOtxdip-f_8-rhOOQtSX1A,dbT6QTr25NqK9ozX98XnhA,47,"Friendly, conversational, didn't demean me for not taking the greatest care of my van. Just did what needed to be done and gave me some suggestions.",3.53,4591,33,9,8,1,1
cCDl4tKPuyFBU_a78a4uqw,yGlX267e1cfThMwyDtmYEw,X9e_btDPux6JGqqw8UF_Pg,159,"Yeah. This was my 2nd visit. My teen daughter loves this place. I just can't do it. While the all you can eat sushi sounds like a dream, it's just not great. My rolls were lukewarmish. The other menu items remind me Golden Corral meets college dorm. Service was super attentive and the pineapple coconut ice cream was really good.",3.98,4110,153,27,96,13,1
HM3-11czOBohB_-o3R-WmA,7cCTcyv-Gf_dGECEHd7_AA,ji-K_58UZ4erdl4wK76iwA,7,"Disappointed. Very bland food. The service was good, but food wasn't. Order steak tacos, takes a lot to make a steak taste like nothing, and shrimp taco taste like it was rubber. Wish it was better, from out of town and was hoping it was good. 
Truly disappointed",2.86,4256,7,1,2,0,1
_x0I4-8Z7M4UW8dW-DWfVg,LV0tWvAuDUkjNhfrhj5JFQ,nkkvK6eJEEfkjz5iY5R8Sw,1136,Weird. They don't sell beer. Prices are high and so are taxes. Area seems unsafe. It doesn't seem like they have enough security for all they have going on,3.54,6036,2699,882,1263,80,1
vfWbUNuD82JpmZJEhzXb6g,8pUOsLB0JxR6f7u4VPciFg,wkIwr6GfkhoodGV-thcICg,22,Unfriendly and unhelpful staff.  Not many in restaurant and still can't get help at the counter for a coffee refill.  Not even worth one star.,3.15,3301,9,5,3,0,1
Evrl4D6EhGDy0rZuG2xW5w,_0DiuxXZb1rYbtirNelKVg,1liiTsfPbK_POsNp52A7NQ,8,"I tried this place while in town for Labor Day weekend & it was PHENOMENAL!!! The crab nachos were amazing. The Buffalo chicken nachos were awesome as well.... Just a tad bit too spicy. The service was great too, the ladies were very nice and courteous. I will definitely be back soon.",4.25,2620,1,2,1,0,1
777WLGrY4rYFceZ2aVO8Jg,9BwKNQ4udgDrhPzFmqj8qA,lFuja-ynvWAMLOqgw4Hzdw,20,Clean. Sandwiches are the same as any subway. The staff here always seem annoyed and they skimp on the toppings.,3.0,2425,3,1,2,0,1
uZgX2W-0XXYLYlSAERG5TA,T5BoEXbJrp0vs38JmS8LfQ,Ddupo1zhmoct1yPFbF6ipQ,14,This place is mediocre at best. Food is average and overpriced. The portions are small (4 pieces of shrimp in the shrimp pasta).,2.79,3772,16,6,2,2,1
p7-KyiT8rNG4cPJQBlnvJg,qUe1Pi_n_PaYpcTN4Yq6_Q,VZJlZNoaQP_NJusU6PQdpg,22,"Very good selection of beers. Every now and then , they get some unique beers in stock. One suggestion, more DogFish Head!",3.72,4477,257,24,20,0,1
fiFn6RU2uHrQosUt5Xsagw,Y7wX8ZWP-cuElbwAneNLiQ,g_pgHY7bCobi-P6DP3Htsg,28,"A great neighborhood bar with a super waitstaff and welcoming atmosphere. Spent a couple hours here in the afternoon playing trivia and enjoying vacation.

No food, so don't come hungry. There's enough other places around, though, so that's not an issue.

Make a point to drop by and say hi.",3.5,4950,41,1,4,0,1
pw6eILEoRPLYTdUKyoq2VA,3SP9kRSoElUKocU-OEenPw,ca6AK5mohBcyULBP6_EkaQ,1,Absolutely love this place.  Have been coming here for the last 15 years and have never been disappointed.  Great job on both my nails and my tootsies.  I can show Quinn pictures of nail art and she does her absolute best and again never have I been disappointed.,5.0,3157,0,0,0,0,0
7gebUohYjKnpviujFdM0HQ,t8J5KRZz7VRV2JBZkdg8-w,mATG4QTtN2AkQfpbfO09dg,10,"Very clean, high quality machinery, wash and vacuum products. Friendly and inviting staff and lively curb appeal! Great wash!",4.8,4489,3,0,1,0,0
mdS8nF6deG03iFTTRQJzKg,leZ70KWY7La4fZNoy12lAw,JBskaetdufFORtH-onSKdQ,1,This is a hidden gem in the city. The food is spicy and authentic with a suburban charm that is welcoming and clean. Specious dinning environment makes you feel comfortable and the perfect lighting allows you to see the beautiful yet simple presentation. Take a moment out of your evening or day to enjoy this fine restaurant!,5.0,2680,0,0,0,0,0
np3vbcdd2OcDrW8R-spp0w,S4ScikTXF4G06E3PeuXXZA,HVOHC7EyUMYdgV7S6kd0uQ,12,"Hotel needs major remodel. Not clean, curtains filthy, wallpaper falling off. Close to airport.",3.92,5200,5,1,4,0,1
oWh1NDjxAbUZ2PiD3hMitw,5zlHeU4Uuq1Fc9WKnWDpMA,jKHlvwq40sghrR89pF_3Tw,1,"This place is absolutely incredible! It's definitely the best ice cream I've ever had. There's a huge selection of unique and mouth-watering flavors designed by Jeni herself to choose from, and the prices are absolutely reasonable for the quality. I couldn't be happier to have it in the area!",5.0,3641,0,0,1,0,0
IkHcWMoCLwMSLqXA6jWc_A,wB1nqiVf8LPClOKBX5WQEg,XeJLOFPm9rxXKr2wVrd5ZA,49,Please update your ugly building. Stop bringing property values down with your dilapidated yellow hue. Even the McDonalds across the street got a face lift.,3.44,4604,44,32,12,1,0
j3Gze4m4q-bJnuFO4FCCog,Z1Ry0nsY2H7bSOGXh7Op5Q,zVAX5_Tg7kNgWuF7XVdrNg,21,"Friendly helpful staff. All of the ladies are so pleasant! Dr. Itabiyi is the best....very kind, courteous and he explains everything he is doing. I don't know where the negative reviews are coming from. Must be old reviews from when the staff was different.",3.76,4805,23,11,6,0,0
dwvS8yme_lIiOfaNc71QMw,mqFH98pjhSBEYyy_71jUWg,7-js-chyskuWGRfHTeItXQ,6,Shuttle was waiting for us as we exited the terminal and we were on our way with our car in less than half an hour.,3.67,4841,3,0,0,0,1
nCeouG1J6b556EO7Ca5GYw,20_T93u3mzpG-8DU-JdLVQ,okNELZ0_cx8GFyRFcHYAqg,60,Great Italian and great decor. Friendly service. Nice bar to eat at . Get the seafood hot appetizer.,3.79,4471,38,10,12,1,1
fXsW-AZkmKxstVY7eEchXw,L8fI9dzGepHuvtDaKNMdMw,4qIBFa5hDAGQNL1nvQ23oQ,5,"Maxwell's is always worth the wait, great atmosphere and knowledgable barbers. Love the service and casual, laid back atmosphere",2.4,5769,8,5,1,0,1
9KHAQMJzyR2jJ1Oug5HERw,FBqmZJtm2j3zgrn7oLmXZA,ZngsxFOi6nobpDSjPigJ9A,22,The wings and nachos are great but the kids burgers are just horrible.  This is the 2nd time that they taste horrible - Very disappointed. My kids didn't eat them at all.  So I tasted their burgers and it was really bad. Aside from being burned - they had an old meat taste.,2.85,5695,11,8,4,0,1
EWVtYPPl9N0xxPoqinVFEA,L-P7GAqtuD2pz1sN51-K_Q,CLnCVeYvwVVn8B9FDrC5aA,4,"One of the worst locations on the north side of Indy. Today there were TWO people working on drinks for over 13 people waiting....it took the cashier over 7 tries to put an iced coffee drink order in correctly. I get these are difficult times, but managers need to schedule enough employees to take care of customers.",2.25,3323,3,0,1,0,0
vV2HIsc8ww0-h2_r98CiHA,6oaccUfygx3QNJH0vReREA,REOk8Ht4vSA6ZYynGMhHEQ,86,Hot and ready pizza combo was delicious. And I was given it for free on Veterans Day!  Thanks for the great service and support.,3.83,3620,38,10,9,0,1
bQnbL_J4CjjGZx7SUPkZfw,tW-i8hMUiXrSszK_6XCUvA,t3uOJKilXAzO7vC2B83RZg,1,"Abruzzi's has been my go-to place for so many years now. They are the only place that cares about quality food. . I own a business in the city, everybody knows if you don't return the incorrect food anybody can call and do a scam. Sounds like 2/7/20 post just needed some free fries. Best pizza in town!",5.0,4970,0,1,0,0,0
u8nJd9lq-DuM-hc4tx9RAA,2cpjajLlQyc1NeOix6Y-5g,YmhQlV8-4nQIBad4iqmmdA,9,"Great place until recently. Something happening with ????? Hours shortened, fewer staff, distractions. Might be my last visit. Very weird.",2.9,4864,8,2,5,0,1
vYrep6Gv-NOG8Tcbs6_c4Q,yHm_5sK39H3KoB011sSf0w,8iGo_nk6wPcYaXFOgliK0A,22,"Absolutely a refreshing experience! Not to mention how fantastic their entire staff is so accommodating &  their work is impeccable I wish I could go there every day! My gel pedicure, best ever and my nails are perfect!!!  The prices are great and makes it afordable for what ever service you need

Thank you everyone 
Vicki Vierra",5.0,4326,7,0,5,1,1
QdjPsyMa0MfvS755f4CdNg,DXen02Vo6Jg78Q1zIbrm8Q,Jw3mUNF9_ZiawPDZryUdcw,145,"The staff was not very welcoming.

The fish nuggets were delicious and well fried but small portioned for price

the Margarita Shrimp: Large, turdfilled P&E shrimp,  sprinkled with Old Bay, and a cup of Cocktail Sauce. The menu reads so much more.

My beer was cool at best.

Not a spot for me.",3.35,4286,214,58,114,20,0
sI5g09CwgiWOBNiDylSNtw,tFp1vVpcscjZhBF9myJtjQ,QAZoRuDO3x7l8tNrwAABAA,14,"This is the cleanest gym I've ever been to they are continually cleaning the entire day. I guarantee it's cleaner than what the state classifies as an ""essential"" business. And since when is not taking care of yourself (exercising) essential. Keep up the good fight GG you're more appreciated then you'll ever know!!",3.67,5333,4,0,1,0,1
8C4_p_QrVpePxurix4IOtA,RA810SK4o5ryF--6Drk7tw,jSP0rpPCYJ-FvW6yydY8Mg,6,"We only get oatmeals, raspberry cheesecake pies, and iced tea from here. Quality was great, but small portions. Service was on point!",4.43,2949,4,1,1,0,1
5pyLxbpeyOHmJHNNVECTHw,4oL1gqjScrEZa6IPHjGpiQ,SOsjW1JARmtHUFtpFlp8rw,7,"Their pizzas are the best pizzas that have ever entered my mouth. I would swim naked through a lake of malaria-infested waters full of piranhas and glass shards just for a chance to thank the goats that produce their goat cheese.  Their beverage selection is also a solid 10/10.  (I know you're reading this, Chuck).",3.56,5050,9,0,1,0,0
v1krbR0h2WzcR4p3GHtifw,Iizvghz1566BYemKrJAweQ,BRZfKLsDwk4FxMNv6vwb1g,4,No sauce hardly at all. Some pieces I can't even taste it. This a cheese pizza no other toppings. Really Joe's. Not happy at all.,2.25,2708,0,0,0,0,1
OK5ZKKkUrIVWzJ3DAmJkcQ,qOx99KjZg9cgBhV0B8MHRA,_5k9hs8ae9S9Dj46EZrSAg,38,The device is awesome and food impeccable definitely would go here for a quick snack or treat for the kids. Mocha frapp is the bomb,2.95,3681,23,2,3,0,0
Qun07Ngk9YvqZ6bfP97y2A,3fEJ8Z0ZeEcyCE1R8hGqZg,_FQ-nrR--8Q1O1sYxefNug,2,"Everything was fantastic! We had the lobster bisque soup, pizza, caprese salad and chicken parmigiana.. The pizza was to die for, best in the area. chicken parmigiana was authentic, the sauce was awesome! Jenna was amazing and very attentive:) will definitely be back!",5.0,1937,0,0,0,0,0
dx078Yx342-bdkFn3FNfBw,zilsynl8R3wZBYxt7sgvRA,0hPp_rLhzOVZ0YRbojvSeQ,1,"Plain HORRIBLE. This pizza was burnt, hard, and had absolutely no taste! I ordered a pepperoni and sausage pizza and it was the worst pizza I've ever had. I also ordered buffalo chicken wings and they were uncooked and super nasty. They tasted like they were refrigerated and then heated up by how plain they were. Disappointed!",1.0,2116,0,0,0,0,0
jxLLLVzZG8SAT8QdkOzoIw,qh6PibZTthm7CvodmcN_YA,zkZeAeK_EOIdw_6VfrOShA,86,Filthy! Washing machines with built up scum.Really felt like I had to rewash my clothes.Avoid this place.,1.95,3501,120,67,15,2,1
8XRsK-6pqbkcKfeYHulL7A,0lE8n1AM2Y7Z2RW7FrLk1g,gu7iuTiVwyPAI_S2fwVi9Q,6,Really tasty. Big portions and cheap prices. Delicious pork roll and chicken was amazing.,5.0,5031,3,0,1,0,0
ENkc2XVI2j9igkGyJq05gA,E_o1YiQGl2VsSCAOaNnzGQ,_sEuh3eI5CKmOt0cPh391A,13,"There was a female body found under the bed after 5 years , Crazy right ? If you don't believe me google the name of this hotel",2.81,3289,13,2,2,0,0
jv6hM6yQObxOXVi4UpIABQ,9Y1YkloHk2MAE3hkwYdFKA,NQ6v9hMwtfS5mn2a0vQr1Q,634,Went for lunch. Been awhile. Had menudo and shredded beef tacos. Excellent. Service was good. Ample parking. Have always enjoyed eating here.,3.65,3958,1053,187,474,47,1
KEY7mQWBBEyZsvM5jfF_Cw,mTmZ4b-kQzjWPWiRtB19ww,WO-HfxBXKoth1hYXpHtmfA,90,Sweet deal! 2 bucks off the best wash they have and it's only 6 bucks. How can you beat it? Thanks.,4.24,5350,51,17,19,1,1
vG4Gudr_OS8b7NbUDndaog,IHhiv0jHhk781s8N7EDutA,5A0UlwyF0M9u0pJk4HDXlw,48,We didn't know what to expect given the typical automotive repair business. It appears they did everything correctly the FIRST TIME with no attempt at an upsale. I am pleased and will return to the Grant / Oracle facility in the future. Thank you for making me feel I got what I paid for.,2.72,4113,91,18,14,1,1
fJX50CAA7b18aVWdgIvkNg,HRwOxMuF4iHht3cXh6XVxA,vE_Y-3EWeu-IWlzpDKagvg,5,"Amazing, the food was SO fresh and the fries were salty and amazing, it's just as good as the McDonald's in hamel and I was impressed!!!",4.2,1959,0,0,0,0,0
IoXMswws6TrE0F4Pm4I4-A,ORJw6V9TQLrHS4xljcbFIw,nbvLzNk7wpIKG591yGE48Q,3,"First time here and was surprised. The place is so,hidden and right next to a junkie gas station but is really cute inside and has amazing food. The chips and salsa was addicting! I got the enchilada meal with ground beef and is was plate licking good. Really fair prices. Will definitely come back.",5.0,4149,0,0,0,0,1
fRD2oPMU5xoKaNeR_jYVQg,gtBlfakzeEu2GMz7dlDyPQ,nAI96J6HyqlbA2PT72lwUw,5,"I have been going to Caroline at Dandelion Salon for close to 3 years. I've lived in Washington, DC and Atlanta and she is the best stylist and colorist I've ever had! She knows exactly what to do with my mostly curly/partly wavy and getting-grayer-by-the-minute hair!",4.67,3686,1,0,0,0,1
0eOqsURU5iqGeCsJWggZOg,wWhZhZ5OR0RMFIKTkIe3Hw,HYuLJ_8FXQgOykbG1dd4ew,131,"Good place to drink cheap beer and listen to the locals talk about the good old days when it was legal to beat your wife. They have ample boat parking which is nice. Bartenders are very willing and NASCAR is always on the tube. If you do go please tip the help, cause shit man, their job sucks.",3.93,3618,101,66,58,2,0
LOpukRbL4yWDg-od8kTf2w,I8g-hcAXAMpToPODuFAshg,U-VlSil0ZxpbfBX6TxKXbw,14,I love Starbucks. I am a barista at Starbucks but this location is ALWAYS slow and they ALWAYS mess up my tall vanilla latte in a Grande cup with whip cream. It's really not a complicated order and I'm saying that from working at the busiest Starbucks in the world.,3.93,3728,10,4,2,1,0
AcImKepOuUuiWTShAdmLdA,FDiXYaBiyqDxFLVVm8dp9A,9_V0SWbQPnZ0mR3kljXqBQ,16,Fresh sushi at 50 percent off!!!!Unbeatable quality sushi. Dining room is cozy for a nice date.,4.65,2889,8,1,2,0,0
wbAxpmuamA4MXYCC-DpcMQ,w0CRUikzcPTcP3ViLHHQJQ,EYs_T4NU2BbaUF7vUDI55Q,7,"This is the BEST sushi in the area.  Great service, and consistent! Good every single time.",2.08,3665,9,0,1,1,0
CB0jEkp3qKsZRmwL-IrDZA,5zg9Dy7xEvvw-iVG34QoPw,rvF-BwyaCHeb30u3Xf7FbQ,2,"My human loved this bar, very chill vibe, but with a refined atmosphere. Great cocktail!",5.0,2470,0,1,1,0,0
iUaK_Q7qox427o0AoJ49aQ,AS-6GD0c8PABxa94opj-eg,3VGNIXzTuIl8qtu2uksaog,3,I know it is subway but the sandwich was made to perfection. I had an Italian BMT and my daughter had a chicken bacon ranch sandwich. Both were delicious. I'm going back to this location which is better than some of the other locations I've been to. Staff was friendly.,5.0,2976,2,0,0,1,1
BdDT4Hci8x4GWDLrMKMyFA,DHxrpJSTNcC35o-cFQSkCQ,4ORRY2fYsRhwN0u8QjQNEg,13,"Update - under new management.  Thankfully, a few of the old staff remain to get the foam just right.  Still free wifi :)",3.47,4953,18,4,3,0,1
W7yZv3bqT5-zcJIacmSlfQ,sOExK5TEojOsAn1APObtsw,udYItsuzUownV3nvZVgmdA,2,"This place is running a whore house , you can pay the receptionist at the front desk 53.00 cash no credit card needed or Id required for a room , she pockets the money and you have a room for the hour , also the manager is on this deal also just ask for Rodger",1.0,1549,0,1,1,0,0
-yR5ID9Kr0UL5lbPhNUoLQ,dA_KZPLxGY1yqZ-6JGEdOA,qK7E1up_L7JlJ8yhV6Gfxg,2,Took my minions here and they loved it! Can't wait to come back and try out the rest of the flavors!,5.0,2803,1,0,1,0,0
6QYH1YpaljjspC2uFzQ4Lw,IG-GjwTfVw4fpfdUw2Bjyg,SS-fxHTJYfXTJoqQKV3dSg,29,"My wife had a nail in her tire and I needed to quickly stop somewhere in order to have the tire plugged. 

The team at Monro had cars ahead of me  but they were very kind with squeezing me in. The work took less than an hour and was inexpensive. I would highly recommend Monro auto!",4.45,5414,41,1,5,0,1
T2xtD1rnDE-hA8kPrFXW0Q,F3VyBNHaFUxdRrpDziFMew,YL69gqZloZHZ5MGduXk6aA,8,"THANK U FOR THE FRESH FOOD!!! it was delicious!!! Great workers, greeted upon drive thru window, will be coming back.",3.0,2913,1,0,0,0,0
EhTtmiLn87mqMjmLEr77Yw,zXGsTAh9Oks4pd0sh0rwJA,UfcbFrDXaLpjDh05rlc60g,1,"Good selection, but overpriced. Bought a couple cases different beers, noticed when I got home was charged for wrong case(of course OVERCHARGED).",2.0,4528,1,0,0,0,1
_jqj8WDFowaMqTuVOAzgPg,7VwupgH-IMVzW4MP_vVxmA,8OMerSx6en6MgHYg3E89ZA,1,"Great venue, scrumptious and the best classic Italian food!!!",5.0,4559,0,0,0,0,0
9Kdo0jbGXvVDvK2n2GzM6Q,b_1LJQVNVO0ksCeWsEzRsg,WhG8ilHPeqPq9k6vTiiHbg,274,"When I am at Lowes...I must admit this is often where I wind up.
Consistant quality in my experience regardless of which location you find yourself neer.
Not the best burger bar. Not the worst. Thanks to their franchising efforts...there always seems to be one not too far away!
One order of fries will feed several diners!",3.46,3539,629,141,321,42,1
EksPhPSgIbmtfUVMhdBY4Q,GVS_wzQmvwQqUSMhSYYUJw,HviAzkMvhZbyT8dUH9BkLQ,1,Awesome place with great service. Live the all you can eat sushi aspect. We are frequent guest.,5.0,1418,0,0,0,0,0
moV4KuOXiymaCHIh59j3WQ,CFQ6tj-0LZtyMryyPjDMkQ,k_1DC-bbY4lF2-3k2I4WMQ,1,We loooove Shogun!!! The food is delicious and the customer service cannot be beat!!! Best Asian food around!!! We go there every chance we get!,5.0,2253,0,0,0,0,0
Q_iIQ_F0Yf8Qyl2GnLNj7g,7veK5jynxP0CBIcUJ6e_Dg,tZ7aeO0IuF_rAALD-kMEFQ,1,Terrible service. It took me 40 minutes to get my food. Don't waste your time going there. I definitely think I'm never going again,1.0,3375,0,0,0,0,0
CVbAuyx1DBL_76leoi4Piw,6wLEwMcKDpcNOwracK9T1Q,swYqObxR8r5B6SF8ffVjZg,171,Won't take responsibility for a scratch to my rim after it jolted my wheel mid wash. Another customer had a similar experience recently causing a flat tire. Filed a BBB complaint two weeks ago and they haven't responded. I haven't been back since to use my unlimited plan because it's awful customer service.,3.86,3374,160,17,57,6,0
WMf6fwDOP6SiF3ej-Uts9g,nJQQkPWyURFXcFaXfWoqzQ,AbbIoHhBEMZndmIm07L4Og,4,Be aware this is a cash only store.  We always shop by using a credit card which affords us a level of fraud protection.  This store does not take credit cards at all.  Keeping this in mind I do not feel comfortable going here with a pocket full of cash.  Winco needs to join the current century and honor major credit cards.,1.0,3676,5,0,0,0,1
7tW294CuNzRa5ABJ2CFUCA,CQpm4LncaznEyQ1Lm-XRUQ,4gyjrSazXr3JNTvNYOJJBg,32,Cancelled our order for no reason after 5ish hours of waiting (and no this does not mean 10 minutes that equal 5 hours - it was hours). Unprofessional and will never order from again. Plenty of other Asian places to order from in Philly. Now I am just hangry because I want food.,2.55,5013,30,9,5,0,1
PGxhPU4DzM28tiGxyk3ExQ,XULnaKYwpWT-LFPhE66qoA,Vnagnur1os0ZduOpvDH27A,3,"I know it's all awesome,, dishes are a party in your mouth, food, fun and family and friends ,,",4.67,3545,5,1,3,0,0
B1svCguGjSeWAQVsGm2lYw,piIQm5-1_cJlkVGfbiHCnA,iq0qAJ2Oc3myUTTMLseTXA,1,Fresh fabulous and filling ! The very best pizza I've ever had . Great community friend and business that is great to their employees and continues to grow.,5.0,2145,0,1,0,0,0
53Qvnm6Q_fwUMEnpw50JHQ,-KAdjGUe1tU3hILMxcs7eg,QHOim2XPDxt_752IDXvmrA,6,I loved the atmosphere here the wait staff was awesome and the food was great. Now I went when they where serving a preset menu with wine pairing and it was killer. I thought the portions where small but it added up in the end. The butter cake is the best desert I've ever had and I'm greedy!!,4.33,3407,0,0,0,0,1
os0cYLoIhzEwdS1bCkH74w,Q6y06_7vswQ6wIKvanONtg,zkUGrri25CXfZc4OS2BtPg,23,"This was the worse McDonald's I have ever been to.  Dirty tables and floors started the visit.  The bathrooms were dirty and the WiFi didn't work.   The cheese wasn't even on the filet of fish but was squarely placed on the fold in the box.  One employee said out loud ""I'm bored"".",3.63,3861,14,3,3,1,1
mzQpbVla3Sdw6yXPALeNLQ,7MQJm8-9gNpnBcZQQa2g0A,nRHxGEJa39O4y_eqbuZsKQ,8,"Amazing food! We had the tacos, hot dog and a an ice cream.

Very shocked about the reviews! One of the best I have had in Tucson.",4.0,1746,2,0,0,0,0
UFkmMqH2vvnaAxpCUhFmDA,6OpMOeBDgj_t8RN5VWhKGQ,ZrSG1C6jJD075rVs_k87fw,1,"Love this place..always hot great food thats not to spicy and great atsmosphere.
Wr always enjoy ourselves abd everything on their menue is delicious.",5.0,3005,1,0,0,0,0
QQj2Z5S3ee4HWtsH5a_HiA,I3sarGp5QFTg9ts_7MTrYw,4LrEs997FOYEGmmBUUeqRA,8,Exquisite service. Eclectic and relaxing vibe. A great date spot for brunch and dinner.,5.0,3148,0,0,1,1,0
0QQd3DeCyKaMrdzF7xvQ2A,gYgLyUTMO4t0UU8dJTVAHQ,q3uEFx4AIthiOmTf0KFiIQ,1,"Beautiful nails. Quick and amazing service, Tammy is the best. Will definitely be going back.",5.0,3084,0,0,0,0,1
RYmn8stNeWpAwZ9Jd4nugQ,JOGPrhIzHP355WXylPr2EQ,lKU_kljhbEQKIPaM1Zbqiw,1,"This place is a amazing restaurant. Not crowded, amazing food, and has a nice environment. I would definitely recommend it",5.0,2895,0,0,0,0,0
pe4TPnbelf8Nli8tB6Z6gQ,1xwZszRFs4nJ-bjYojBqJg,Yv6HUVu7fRMnt_NtGdVQBw,8,"Nice staff but very average quality Mexican food. Their fish selection consisted of Tilapia. That should give you a good indication of the level of quality. However, I took my chances, ordered the (Tilapia) fish tacos, took one bite and sent it back. This place really more or less resembles a fast food Mexican joint.",3.38,5406,0,0,0,0,0
FNfcaKam3EQvf2m_mbrqmw,wu8Qh6QzgdoFuXux59p8QA,CLnCVeYvwVVn8B9FDrC5aA,314,My office for the morning. This Starbucks location is one of the larger ones in the Fishers area. Plenty of seating for both working and socializing.,4.55,4992,262,20,153,10,1
85IzdVaHwHEofMtlAwOBpQ,KYWhIrUTU46NZ5Y7oVpjEw,V9WICIspTj2H4wQHgO8ogQ,26,"Got takeout from this restaurant and was unfortunately under impressed. I was really hoping for higher quality food considering the price point is not cheap. However, the pasta was just okay. I had super high hopes for this restaurant and ended up a little disappointed.",3.79,2085,3,0,1,0,1
Z3hUmT98w-9XoUqOl3vLFA,33IBjiOWYqw4cIHnSNuRjw,aUu13O86gLOPMj5qUXSGWQ,3,"Josh and the rest of the staff are all very helpful and do a great job at running the community. The area is safe, place is well kept, and everyone is friendly. It's been nothing but great times here at Covington since moving in earlier this year. Definitely recommend looking into living here!",5.0,1687,1,0,0,0,0
KukwNjZ38mkJETPP9KpXyw,6HoWOSPsPtfnkOEUD-I63w,Ldch7Nc5gaZrhcIRd7mcjw,1,"Worst sushi in Philadelphia!  Only got this cause of the good reviews, but worst quality of sushi I've ever had",1.0,3073,0,1,0,0,0
m-lFM21dJR4Pr03Yg8j6kQ,zwh-axO3Ud14TvTM-Aj5iA,n20CSofikf6DWjt7ZgBwxQ,1,"I completely disagree with the bad reviews.  For me, Pearle Vision in Exton is amazing.  Dr. Lim, Gail, Micki and the rest of the staff have always gone above and beyond.  
In regards to the person upset about not getting their PD, valid complaint and I agree, except this isn't unique to this store or Pearle Vision.",5.0,1931,0,0,0,0,0
gyExFVtkQ262N45KF73T9Q,rfDqKDpd1_B-VlkPDfHsqQ,3031rErwJYYpk5IafsrFyw,638,A Subway is a Subway but what I like about this one is the lunch crew.  They have worked here for a very long time and hey get it right every time.  I have to say the dinner crew needs improvement.  They are teens but listen when people are speaking to you.  Other than that it is clean and the toppings are fresh.,4.22,4039,1302,113,697,41,1
0lC_P9RIY_bqd0f0x9wB0g,S_VUtqoT9eHYrcb4qTVdIw,bxSy7cZC6OFXNLAV2QPOTw,378,"These donuts looked delicious at first but once I tried one then I realized how stale they were with no filling in the headlight donut! this place definitely needs to be updated on management to let such nasty food go out the window, My local dunkin I appreciate more since this visit",4.27,2131,596,77,462,17,0
Lf8XvMHI8ch-_1zUJ8V2Dw,3pBlG6JkgXC9Es3uNApAlQ,ceUbb08vS3BK5_0znRwFZA,2,I love the Indian people they are always kind and respectful and I have had a wonderful stay here kind regards Kimberley Anne Schembri,5.0,2613,0,1,0,0,0
TL_AC87cqMVZVfD0_Eqwsw,8dfTJkKmmRx1iV6JvvN0Ng,HVOHC7EyUMYdgV7S6kd0uQ,3,"Took me three phone calls and an hour of waiting to get the airport shuttle to come. When he did come, he barely slowed down to give me a chance to hail him down.  Had to call back again. Tried to save a few dollars on the Marriott website - wasn't worth it. I won't be back.",1.0,2606,2,0,1,0,1
zdMR9eINLlVeOqzba-TlNg,2YRQFnAX4z_ylTpzizlfqA,rF0xI_3jjlsEKp3N0Z0BuQ,2,One of the best places in conshy!! Great little Italian spot! Every pasta dish is top notch!!,5.0,1442,0,0,0,2,1
z1ddk6tolK2RTmTb1hcvZw,60TKGEVIFCm4bxOL_CupoQ,5QZQGtL9uuamzxd0_Db7lg,1,Just thankful that my daughter had a descent place to live while in college. Seidy was always a pleasure to work with. Thank You!,4.0,3685,0,0,0,0,1
SGDffLwad_K9wPBGqp-OIg,ThYbtDC-f-AlvASCIgXjng,Yj5JUGZsOeUEiSI1T9xj5A,13,Best frozen treat in the Armature! Creamy smooth frozen deliciousness. The Child friendly. Follow tennessee_Yoda on Instagram to see where he visits next!,4.27,3614,3,0,0,0,0
rV3Yb6UO5JhsGbGnG_wYuA,xUKYtNL3tRf15PtJI5O3jA,x15WdO1CEan8yqexBNNOhA,403,What's with the wait for food items and the confusion with orders?  Something amiss.,2.67,4138,290,92,25,7,1
Wz2CdZ6XgApRc2SniaEOvg,26wEl9g5lJm69f_eEBUYgQ,Lmb-iJGzBu_1W-dEvB3TBQ,1,"We spent the weekend at the Inn and ate dinner twice at Krazy Kats. The service was exceptional with Audrey and her team (Max, Catie,  Erica, and others) making sure of a perfect meal. The food options are diverse and we were very happy with our selections.   The staff alone will have us returning again soon. Thanks so much. 
Luke",5.0,1300,0,0,0,0,1
LuMjyjPiSurfnvEp7CK6Jw,Om80My6SrQqG0bnaONGwxA,C5lUI7qJ8NnmawAFVPZg8A,4,"absolutely I love this place, great service and great food,
Especially the orange chicken, his chef cooked taste delicious.",5.0,3465,1,1,1,0,0
t9g6ItpFjNwDR4R8L3PTpA,5lFykU65cxjfDqD1MDul2w,W2RO7WR61VEtfHnEVXJ0-g,6,"Fan-damn-tastic food!! Authentic Mexican food!! If it is not on menu, just ask!! Outstanding!!",2.75,3963,2,0,0,0,0
6SjF9Ol5i8UE--_6k8CpWA,d1ii4RD-Vu_Oyh6ITVYg0A,wdHEsSUZGjgfaFKMABXPUA,2,absolutely very dissapointing what a dump they couldnt serve the ice cream soda that I use to get many many years ago what a scary place and  will never go back take that article in the post this is a complete dump dont waste your time walking in the door would rather have dog ice cream then velvet freeze,1.0,1965,0,0,0,0,0
r1Br-R7F3oDw3WuKWxeyZw,B3LNseRyBi2lAKow4okB6w,Mzmt8AvZOExG_4h3MMlihg,10,Has undergone huge improvements over the years. Absolutely love this place now.,4.09,3224,50,32,43,0,1
7tBjsMU8M_pUHvJuNdaOag,BnGCmZR42UdiZLV7Tngj9A,RsWsTTsz8rxrG00PfUgMzQ,409,I work around here I had to get a wheel alignment done because I did a lot of work on my car tie rods and control arm. The price was ok for a wheel alignment. But for the pa state inspection they charge $90 which seemed pricey.I am use to paying only $60 for inspection.,4.04,3824,227,88,33,8,1
0aolZ9OrOUGW2bGyGC0qHg,aqeFiyyA2RTYPnW9exENvw,EnhYC4spF4oWrYes-UvN3Q,1,"These guys are just awesome !!!  They're quick, trustworthy and a pleasure to work with.  I will never go anywhere else.  Thanks !!",5.0,3386,0,0,0,0,0
uNfT67HFz7BBkNlf3MHy1w,nzFu8tM3tsOD96ql3s5QFA,kK6rYQcyxW_FnuVh8oTT0g,1,Not even one star this is the worst McDonald's in the history of McDonald's. Every person who works here deserves to die a slow broke death.,1.0,2904,0,2,0,0,0
IxiJh5b6TB4CGVrhPnMuFA,nIjaqGLm-D4jD5ZNDKTmgQ,Y2rYM2crYfTC25y6iquPgw,1,This is a sports bar that has not trained their staff... Very poor service. Food just passable. Many better restaurants in the area,1.0,4731,2,0,0,0,0
VOlx4iljMS8ZSoY4UQerdw,TYchpdc7MjqXLmiKN5fedA,9HUpW8t-GfzZbEmfX_kWYQ,7,Wow!!!    Never have been to Boise before.   Went to go look at the college for my senior and stay at The Grove.   This is one of the best hotels I've ever stayed.  The best find!! For the money.   Had dinner in dining room the food and serve was fab.   Will always stay here when in Boise.   Great job guys!!!,2.86,4589,12,1,2,0,0
zdPeH5rV4OYKmIj-ndvHew,eVpOpbJNC5v2mcbi7HonCw,oO_g1nb30W2or1swQAe3nQ,42,"Do you like mediocre food? If so, come on down to bubba's 33! The Slow service and basic American food was great! Can't wait to not come back here again. :)",3.49,1967,5,0,2,0,0
8t7AVCZlLaDnq2QklcenfQ,HV2z2YXxLNTN8S6BnBaQAA,4_IhZZcWHlIoRd681053Eg,15,"This place is great!!! It's always open when it sassy (unlike the Hillsboro McDonalds). It's clean, fast, and friendly!",3.94,4911,5,1,0,1,0
94q-5p3RhDNZWlGRSfUmoA,Fvo6T_2iilp5Ifs_GsIECw,UFJGs72P6cSIrOk_SQinMw,15,"With legal challenges ahead, I simply come here to retract my 2015 review, fully.",3.56,4766,15,2,2,1,1
RpfWfkhbyYcnM5L3GG5URA,ct2YFGX8nny9J4k4xtO7Fw,nDUL9nM3i6UAg1AGNhMpbQ,15,"Saturday evening at 9:30pm we went in and a guy greeted us and said the kitchen is closed.  Hours on the door said 10pm, and they have a bright neon ""open"" light.  So if you want to try out this place go before the staff decides they are done for the evening.",3.67,5115,14,2,3,0,0
D7usiCjpBprgeuuyyH6wLQ,OJi4qcLtgFGaLw0-JFieyw,JKQ9Je-TPOtpIjNYSqrkRw,6,"I got the pink postcard from ""National Vehicle Protection Services"" urging ""Immediate Response Requested"" warning that my factory warrantee expires, and I should call with my car's VIN number and exact miles. Interesting, since I have not owned a car in over ten years!

Beware!",3.33,3403,19,1,1,0,0
DRBX6xPd8tjNroPFjEPAKA,GpuIN-YD--H96nBPHTBd-A,JvcLVPXUj8fOJ9yuLf8HjA,2,"Got a combo meal to go. Chewy Mongolian Beef. Hot and sour soup was bland but for the five red pepper flakes. Too bad, had high hopes.",3.0,3547,2,0,0,0,1
dguDZumZlWnZlcrWG5eBGA,JHi1d3rtvsmhtNhKHl3xig,MmN1qpG224QxOeq72DpN2g,4,Best italian food ever! Ciopinno is amazing!,5.0,4774,7,1,2,0,0
X73hXBm8rwnuC_egIL9yNA,aI5_xQ_kZqK4wQNEvEcdnA,fVvlgMz91aQuFqa5d2RirA,18,"Straubs is great and they finally are carrying some kombucha.  They now have St. Louis's first locally brewed kombucha, Companion Kombucha, or COM KOM for short.  It's great and doesn't have that funk that the national brands have. They have Ginger, Lavender and Elderberry. Delicious.",4.17,5580,19,4,6,0,1
cpiY3xALpH-CSGWi4nR-yA,et3EgWQqX2VU0k_4cgSFzQ,lW0j4djwjel3zBXMPaxv5A,38,"Stopped here for a quick lunch today, the food quality is what you would expect from a high school concession stand. I'm not necessarily upset, but I feel like a ""restaurant"" that focuses on hotdogs could give you a little higher quality food. Overall it's convenient and I'd stop again when pressed for time.",3.98,4584,6,2,2,0,0
MzYmc9u2iWIq_HoAIEKJRg,IoNIz6G5OMqOkmofQ6vxQg,DuPm-bsNQvsOboXFRVWghA,1,Great auto shop i bring all my family's cars there Rashea always takes care of me he is honest and knowledgeable of alot of makes and models,5.0,3410,0,0,0,0,1
yKsyX69tsLPKKgZJ1UA6Ug,JMKygDjCImiEZgfr99vVFQ,0yGH62WGQy_W3JoR6L5Kew,16,"Best Ice cream shop in the city.   
The ice cream the customer service. Never let's you down.",2.47,4121,4,2,2,0,0
CROvXn3W7soQ4YIdQUwCFw,0PkCxX5PeubHdkOLnvSVaA,yqA2JCaddKdRlKpkznUVjQ,874,"Upscale, very nice place to stay, a lil expensive, but you get what you pay for. Valet parking is nice to use. Downtown and near everything, just a short walk away. Comfy beds, lots of pillows, good friendly service. All around nice place to stay when away from home.",3.7,3738,14102,8409,11938,315,1
wP87YswvyWBpCzsyjAY2LQ,sz_FjAVL-Gzjz9xVi-2r7A,O8HZTezAZz6MA306DS3B-Q,254,"It's a grocery store that's there if you need it.  Umm, yeah...I will leave it at that.",3.47,4630,337,152,120,11,1
aZ8q-7xJSXZzfVFihp9izw,sRCCV3Z-5gurkdMtQaB92w,K1_EKb0CMPcnVBnZW8PJug,74,"The customer service at Dr. Stamper's office is first rate. Every time I go to his office, I am extremely pleased with the staff and the overall experience.",3.3,5148,63,19,3,2,1
gfBkDtzLjncgsDnR3VwBcQ,i7d3Z4TlfklCE5FE4fy9gA,o3E5c_ptF2HDbI1X6ZqzRQ,3,"This hole in the wall is filled with racist Asians!!!! If you're a women/man of color, BEWARE!!!!",1.0,4219,0,0,0,0,0
3i79HPwZfOlWpd1_wqdk0Q,DghNQDBfBy1YA5g6G5Kwvg,AzseSGgDC6bVtMPEYo1CNQ,173,"I had the lavender ice cream here and it was pretty amazing. It's creamy and it tastes really fresh. By the way, it's cash only!!",4.23,3651,211,52,103,4,1
NGuyHrKEmHb-BmCBwBtTXw,xqOXSzdo52EvyaERZgbkUA,TWk5EC3H8FT9J3VpfmWWfw,2,If you don't like this pizza it's safe to assume you are a raging crackhead or ate lead paint chips as a child.,4.5,3812,0,7,0,1,0
NofF2aguDdT9ziAq-pcKOw,sVm7isJKQG2BMyGcIjda7w,MLNZIwvYb7MiVkSm0lFFhA,96,"This review is strictly for the new bacon smokehouse burger!!! Yummy and fresh,good work McDonalds- thank you",4.22,3718,35,5,10,1,0
mK62e0uTSKxatftraUtINw,YqHwfMxXJXn4EWccQSR_cQ,FR1xz_cCRWHGn6gZHa1K9g,1,I have no idea why this subway has such a bad rap! I went in this evening with my kids very skeptical but the man who was working was very friendly and engaging with every customer who came in! Great food and great customer service. We will definitely be back!,5.0,2237,0,0,0,0,0
ZLPtyfW--Q0w3RV0yPnqmg,kCYiGrP0rC4GRnLPvLlfMA,l7DcigtFMYMYnGqcBzMJqQ,183,...Absolute rubbish...tired old fish...wasabi that glows in the dark...this restaurant falls flat...keep on heading towards the ocean...,4.08,5321,156,71,71,10,0
6Vwm_odgoZSA9C98Q1MSLg,NtfpzvbqsOlpv51rBbvnTg,5T9jV-wah1mHwKl-MQ5JmQ,111,"I have been to this location a few times..all I can say is when it is crowded u risk the chance of being cheated.. I ordered a Frapp.. large.. my mistake, I drove off should have gone back..was pressed for time.. ended up with nothing but chocolate syrup and ice!! .almost 6 dollars wasted!!! because they want to rush your drink!!",2.55,4455,108,13,3,0,0
4f6uCZTCxc92OxouAl9Seg,QaY3yCoNcEBVMkahaprXTA,BZwIuYZbhs_Ke04-jnb8Zg,102,Leaves water all over car and spots all over windshield. Save your money. I paid $15. My 9 year old can do much better.,2.52,3848,90,36,26,4,1
Usjke-N2LGP1PXZuPN_S2g,w6BlQmrEQkimZdxQa7E2uA,r6dvcGaTEcvN4nUIeS15nA,1,Good sushi. All you can eat but made to order is a great concept. Lunch prices are great deal.,5.0,2607,1,0,0,0,0
7Ff6pENGArBBo9SzO4HzLQ,arCy_rkCYdztnA8VbU3GgQ,rjpuezigp8k5DwquyD6tTw,27,"The employees are the best thing about this car wash. Since Champion took over the quality sucks!! It leaves soap on my cars after the rinse and the driers leave water on the car, I called several times to complain but they are to embarrass to return my call. Go somewhere Else Champion Car Wash Sucks!",2.16,2940,6,1,0,0,0
Je8K4HgcMQalZQh0qUIKsQ,3lUcp0W7QpZ6kvujdGdNVQ,v7YRuZlPMwbi82q5I15few,5,"Love coming here! The staff is great & open to suggestion. They will really take care of you if you tell them what you want. The VIP card they now offer is pretty cool to. Earn towards free services. 

I definitely recommend DT Nails. Their pricing for their services makes for a great overall value.",5.0,3173,0,0,2,0,0
bA2zD3CTzSFNM_ol0C2E5w,-G63FeMeZv7H6c8jkC8ZyA,KRYZlZubQoZ5TXsgwB20hg,23,"It's good. Nothing to write home about but good. It's hard to find an exceptional takeout Chinese food around Mad Beach area. But this place is good. Had the house fried rice, raggon, bourbon chicken, shrimp and veggies. For a quick drive by for a Chinese food fix, it's good.",3.96,2379,3,0,0,0,1
AlIAPPoKqUXigoJiXk3Oqw,m6PJbrl0CeCCJCkc-fOEOw,17o-9boCWW4nO5H3l7VhUg,5,"A no frills shop, but Don is a nice man and he cuts your hair however you want it. Good conversation too.",4.2,4910,1,0,0,1,1
ocdR3TlvLX9ZuxxhRJZdrg,ovglDH5SvEpmqrlxDKh2Gw,bN7KmVsvkhnWVpGUF_rlDA,7,Good service  .friendly  staff eye doctor was very professional  I would recommend this business for your eye care needs 4star's out of 5,3.86,3063,1,0,0,0,1
XLibsK3HIhOAVM2MCBhHFQ,Y-HpR79F_ZqRtGMjZnhwVg,q65rexCPby1q3kHpKNkMwA,433,It's McDonald's.  They are open late and have tasty ice cream.  The staff seems friendly enough.  The inside is clean.  Okay by me.,4.19,6084,1307,209,580,63,1
nga_zNYVkeLBraBeR8nSSA,IL1FQMGYMzYdq4KOJHDZ6g,t3uOJKilXAzO7vC2B83RZg,1,"They make great bread sandwiches. Clara Peller would be proud in saying ""where's the beef?"" no taste either!",1.0,3907,0,0,0,0,0
dXBYgWcmypml34AGn7HgUw,yPjP_xWXa0rpkeU1bi1ahg,IerQLt-4mkb4LZ4a3qecTw,24,"Took longer than ""rapido"" would imply. Didn't top off fluids, got a general feeling of distrust from this place.",3.96,4518,22,11,4,0,1
1bvwRhku00vHc_e9ibJ1xQ,Ogjk7C9QawLCPfWamYdu2g,BQuU77gKRd8t1wSyPuw60w,14,Thank you for taking care of my van!!! My new auto shop. I will definitely be referring my friends.,3.29,2728,17,0,0,0,0
TmR5E7WFHM02QshvW44CrA,o5B5ZCR91BES0zi3LuMvWw,W57cR9a7XP6RX56MSWHJJA,1,Waited for 25 minutes and not a single person waited on us. No waters. No menus. Nothing. They weren't short staffed. There was a table of workers sitting down eating casually. Terrible service. Got the attention of two waiters and both looked in our direction and did nothing. WASTE OF TIME. WASTE OF LIFE.,1.0,2771,0,1,0,0,0
x_9ApNzz1D7y6l47FlmV7g,kg1CGOVwBQUa43c6D3fmBQ,MnFKmuHLpv347qCAcxSPzA,23,Please don't assume I want that disgusting sweetener in my iced coffee. There's nothing worse than that awful surprise.,3.22,4155,14,2,2,0,1
-8lp6AjrIPIBdTCMkOWWJg,-7gg-JlWhqhO_Hh1lRsBag,r7nuOK2VR0Xw4n8vv4w8AQ,7,No complaints.  They did a great job with my shirts and were very friendly.,4.75,5078,2,0,1,0,1
gT104MYdng11ullC9LxrHQ,BgZwJBhVWKq1Urs4rKBdiA,anWreIkJb6fph7kNfuIHCA,1545,"This is Dunkin DONUTS, but they are always out of donuts! It's friendly and clean, just often void of their namesake. Lame..",3.51,6323,6087,3991,3487,83,1
Gc3DXqscAyOZfLW0R4Bt7Q,FN31s6gUv3rKrzE3ma2YcA,D-1BoOczhXGgwhBOR5v-nQ,1,Whitest Mexican food I've ever had. No flavor and over priced. My steak quesadilla was the worst Asada I've ever had. Bean dip was weird.,1.0,2605,3,0,0,0,0
-W7FJtVH06FWv7X68KkKVg,YxLbcqswOcAcUi5m4s6CjQ,TAUGnIQDR9-m23DWLZ0dow,24,With all the money you're saving by eliminating the only reason we used to come- (the all you can eat sushi)- buy your staff new shirts that don't advertise it! The world is full of businesses that are using Covid as an excuse to not give a crap anymore. If you bring back the special we'll be back- even if the price is higher.,3.48,4584,8,9,2,0,0
PsazZH3ML6h7hfJYTCgEWA,X_gqcZvG5-NozNazpVny5Q,2y_CdkxEOJEJGyJApfCYpA,42,The wings ( extra hot ) and lobster bisque are really good. but the restaurant only survives because there is no competition around.   The service is horrible and the food mediocre and way over priced.  Bar prices are also over priced.  When more restaurants come into the area  Rhodes will struggle to compete.,3.61,4883,29,6,5,1,0
5VymuSp3jnAO44MpIB6XFQ,UY9j00VApkd6U1DwQ3hTBA,ZN688ReGphfv8WjLHNN5WQ,2,Found this spot on a whim and it turned out to be a hidden gem. They're awesome & the best place around in my opinion.,5.0,2032,0,0,0,0,0
fnr4-GwkgPZy2ojx2NyuoA,TGsmFMRQVvZZuzwzjkPDHQ,a8VS5iOxeEIv3JnUiQLF6w,2,"This is a full service (not a small satellite) Starbucks in the Hyatt. Good for a light breakfast if the more expensive hotel restaurant does not appeal to you. 

As for the quality of food and service, it is exactly what you would expect from a Starbucks, consistent.",3.25,5311,3,0,0,0,1
T1CRfIVTWyGEfniPpqR0bg,mnWj6LTg6jQsTZjDyfmdSA,h8h1QvEQruTkBI50NlWsyA,53,"This is an old fashioned Italian restaurant.  We stopped for lunch, and the eggplant parmasean was good.  A solid, good restaurant.",3.69,4950,81,12,19,2,1
A7eAS7FQONXfwVSXL4mEqg,t2_J_sUoRPTYAAzRqbxdAg,C7DQfgxrhHUl5bYtC5eMAA,5,Slow service. The girl didn't change her gloves after touching money. And then continued making my sandwich. Will never return here. That's disgusting!,2.8,2555,0,0,0,0,1
Djm3VhAJbmV1sokptfo78Q,fAuJHMNmmed1ReWZvdj9qA,Y_sSo9g5nTcbJ8mny-ZmJA,16,Don't live here. There are fire alarms multiple times a week- at night. There are homeless people sleeping in the stairwells. The parking gates are broken. The key fobs always have issues. The hallways smell of marijuana every day. They have frat parties provided by the Gossett staff every week.,3.59,2720,2,0,0,0,1
RlfDKywR9Y-ldC9Vn48n0g,0M-UeT6SmKmUqa31kSZQWA,tyBZqnth65uHRwSAV1EEXw,147,"This place is hipster, not tasty.

They do offer alcoholic ice cream flavors, but their ""fun"" selection of flavors doesn't make up for the lack of taste. The ice cream flavors were really off putting, makes me wonder how this place has great reviews... thanks obama",4.07,3876,184,51,65,10,0
Jqs3na1BHp_xbEW4T8VhyQ,syWBPnGLTT6T-Dp5Sjm3iw,2L66lIUFReYwrY6utOfXAw,61,By far my favorite nail place in the area...& I've tried like 10 of them. My nails look amazing! & they were super fast!,3.97,4703,29,10,17,1,1
-kvFc2Kow4GUjZd9aSRFPQ,bqrYmGz_y5M42-7dicApRA,y5B42vKzpv2jbwRSfsH6pA,1,Lotus garden is the best Chinese restaurant in indy. Same recipes from the Lotus garden of past days. Best moo goo gui pan in  the country,5.0,2212,0,0,1,0,0
J-DucTOarZI3uQu1jklrRQ,7rc4CmxTIP6UCr8Yp4UEIw,a3itTzjAMOtxJZ3QRtcU1w,1,"Convenient, inventory is great and employees are knowledgeable and courteous.I love the location and the store is always customer friendly",5.0,3156,0,0,0,0,0
qVsN4YuJYsl74sWNZl8dbQ,tlOvHcIjQ6pqqloXIYMrBw,X3YtVgmGnOwLNDVYM6y4kg,94,I have been goin 2 Fashion Eye 4 yrs.  I have been very happy w/ most Dr's that I have seen.  Just bummed that I am not able 2 wear contacts....,4.11,4711,25,8,9,0,1
gmulEbfct5h1wKDWiqeuXA,OmIn3NnB3s6mUQZMTcXKuQ,clwjLY7PdYJpe7IP9lrqEw,1,The BEST MEXICAN FOOD..... Great service everything was fresh and the flavor was great.......,5.0,4474,0,1,1,0,0
cHlRtUSHQnECVX0xcNmerA,r3oUBsY1Ej6FQzERhFMm5w,4nHVKuS6Ew9uAtLVtEw7Ww,2,Best Frozen Yogurt in St Louis :],4.5,5437,0,0,0,0,0
2nvhuqWR5NjAI3oAnfvR7A,RIxFbOqOHg3cVSfJHda0Bw,NRiBKVQro4594a8_dDgwsg,1,"Great staff, and delicious food the  atmosphere nice,soothing !!!Also great to go If you need a place to be romantic with your significant other, yeah",5.0,3092,0,0,0,0,0
MxD-EZhNYJDbjUR_TnIiOg,HAd8svFoNkjNeenHN9Xasg,LlGIlNJE2Nv_PXkH7l4Wmg,4,My favorite taco place ever!!!! So affordable and authentic. Amazing food! And kind staff,5.0,1545,1,0,0,0,0
LHIjoMJY74iWPSpVYmNWfw,-oLZQt5uGqtba5-9VofNEQ,_veiFeqzouo-7xDGaa9VCA,6,"Great service by knowledgeable mechanics! Fast, reliable and affordable. Got great prices on tires for our Jeep!",5.0,2016,1,1,1,0,0
I_MT5VV-JbE6tZs-_rBueQ,TylOr9YYTV3znqIvH7kdmQ,lekpmrVopRSaId-ZxrNVHQ,2462,"OMG! Wow. Go there, order a burger with season fries, enjoy it and then thank me later. Go. GO NOW!!",3.48,6486,4532,1757,2447,117,0
7VNMlKjvTQqc0nlqSsnzLw,SJoesMmKhjbSERK6SYkCOg,nu271G06WiOoxi5QEhmvnA,1,It's 11 AM on Saturday and they don't have dark roast coffee and are not planning to make any. Hmmmm. At least they were nice.,3.0,2260,0,0,0,0,1
0lgI9D8Die8cKMfC19CzmQ,hfKvscIGcou8xdKc9mvrZw,ppqy2ZngsnYbp9e3qXGz-w,2,"The food is great here, but the servers are horrible and very rude, I would not come back here again. They need better staff and managers to run this sushi club, but bottom line is this very unpleasant service I ever had to be honest, with there was a 0 rating and I would give them that Forsure.",1.0,2931,0,0,0,0,0
-9Zyjjjxx8N81eGRyNlKLA,NBpteuj9nESjK1Gp1gVBCw,Gk2RW_SjR43QGCTJ-Tf1bw,5,"Great gym! Perfect location, super friendly staff and extremely clean! The atmosphere is nice and I always enjoy coming here for my workout.",5.0,3482,3,0,0,0,0
l89jNTwaPtMKrZE4I0geBg,yx6sCiR-kC5yumEtZOJ51g,h7TO_IsmLCYmKKDVOOIeFw,18,Very fresh delicious sushi at a great price. Customer service was prefect and the whole ambiance is pleasant and welcoming.,2.67,4033,17,5,3,0,0
fOR-IW0gpF60Y0qQ7fZYtA,rHP3q9Ok1qu9_tJmIy4i9w,6WqQdSmSiAIoSFas_aFp3A,575,worst landlord ever!!! do not move here. He hit on me all the time and made inappropriate comments. Sexual comments and racists comments.,3.93,4504,314,43,81,3,1
DIuiqbihY5X-zWX7gQ0fkA,j0nCgNXVFeVExqssQ8amhg,7-js-chyskuWGRfHTeItXQ,2,"I've been waiting in line for 25 minutes, with only one person at the front desk for checkout. Unacceptable.",4.0,3269,3,0,0,0,1
mbCAbthy-OYF-xm0iWdSfA,23IFo5ZMXCFMgULwy6bw9g,x4TJJ0t19yBxkL5WX6n4Kg,7,Stopped in to sit and a quick drink and the bartender was very engaging and great music,4.86,5357,10,0,1,0,1
koCz9jg329cOLfTIeMcTbg,hU3RnB3rjX7gnFJC6UbVrQ,MiJ2pSQj2etNu_K02ca1-Q,16,"Check the dates!! These folks know how to put a case of beer on the shelf but struggle to understand good beer doesn't keep as long as the cheap stuff they spent the last decade selling. Also, the cashier needs to question whether her personality is appropriate for a front-of-house position.",3.35,4756,6,6,2,0,1
3HLB7VP-c5h-Iv4ZLoM6dw,-YDgbCUEJhAGVdKI3rfFng,nGz4R6hZS3FIKyzLfvnm9w,2,"Excellent service, Chieu is an amazing nail tech. I've been going here for many years, and I plan to continue!",2.33,2663,1,0,1,0,0
s6Fk722Zr_yjw4DtKH73HQ,v8QP6cmztCIYwC1HQ0zHAQ,2Y0L3Hf6U-76jGvviKy5pA,93,"The food was excellent, and the service was great! The portions in general are pretty big. I would recommend this place to anyone. DELICIOUS!",3.79,5204,100,21,24,3,1
Wf_r-NDOVM2AWQbTpU-elQ,8J_CQ_D5_wNsvou9Ye_5rQ,UsGmups4F9ddyhhwLOQ5Jw,32,"Hours are not correct, as when we stopped at 3pm today they were closed. Also, phone number listed has been disconnected.",3.7,5357,41,2,7,2,1
TXVWggOPWbTdyBQgTcnerA,VX3kSyEiIizf4b3ENrqOaw,g2q9_w4l2q8ttiFyzKttJw,22,Loved my salmon salad! We just returned from San Diego and I must say I had to recall I was home. Delicious!,3.88,6276,7,3,7,0,0
K_oy1qt3Z0M4ltRrQgRB7Q,jf8X7f2fHPSusp8zaPmkOQ,DfUWu7o_DF_8Pmxd1iVczQ,3,I let Travis do my nails and I lost several of them they are guaranteed for 7 days and I still had to pay. Also I had to ask for my receipt each time I discovered that there were extra charges for services I didn't receive. Not saying that they don't do decent work just make sure to check your receipt before you leave.,2.5,2527,1,0,0,0,1
h9vs6wR2E09SgMgaRb_tLA,pMy6ZQOGMuLNhD91t1q9-g,IjQy8XtcISXvnpxgienNbQ,1,"This is, by far, one of the best Japanese restaurants around! Every time I visit, the welcome is warm and the food is always fresh.",5.0,2662,0,0,0,0,0
sD7jpIA8ndiZIMK4-lhbQQ,fwD2nhZtSk2-O99b4RNL4g,J1O6PznPMZaQi_qp0o-D-g,1,This spot has the best menudo in town hands down so much flavors in the soup not like other Resturants,5.0,4842,0,0,0,0,0
cSIAJjSPDaGt6zf16sSwXw,XI3cAVAubGzdbj6xVWZBVA,d3dw3YihB3WuU1Sb_i74-w,4,Excellent location. Staff is friendly. Not alot of options for brunch. However the waiters ate very accompaniment,3.75,2604,0,0,0,0,0
jxAtK-RPA0cNxEdgMIM_qA,WwWBdVbvpXbtbr0KDrNMDg,dl3haWFhioAx9XvXiL7fjQ,5,AMAZING. Low calorie ice cream that tastes SO good. It is thick and creamy. Not icy at all like halo top or some of that other low calorie ice cream. It's in a bit of a random spot location wise but worth going to! They have flavors of the week which are pretty good. I got hazelnut and snickers!,3.43,2607,0,0,0,0,1
qCDACqP6YS8kvym3zNtq5g,FAf4gaxpWe2dM4ehN3NtbQ,thCbLZ69suCvVNr4gPQU1Q,140,This JW does not leave you wanting! Friendly staff with all the amenities and that Next Level treatment that you will only find at this chain! Every detail has been flawlessly checked and rechecked allowing you to have a experience second to none! Enjoy the Museums and Parks that border this Hotels great location.,3.8,4974,61,20,27,1,0
8n-y0fXPYA6L3J8oXLt-sg,F0bIoWeUOydPfpMUGzYlAA,r0K5FxiEhJUDlyMX-6c_Iw,1,"Two bit ""beach"" bar. An eclectic group of patrons.",2.0,5375,6,1,0,0,0
GEY2GEJrG5c1864Bp6EYJw,zAJ4x2gYs2--KTlfbBYRDQ,4bJYpCUNy2EPLHujB74tUQ,7,Very high quality ingredients! Just had two delicious slices and the owner is incredibly friendly. Great experience!!,5.0,2814,2,0,0,0,1
DYDRrfPVQR6ZXsu5Xzzx4Q,4zKQKzihwLAM50MU3GWk3g,jCZi4-LRB2bU-dxBSPmn9w,11,"Ate there twice while on vacation, the freshest Dunkin Donuts I ever had, the creme filled Oreo & blueberry cobbler donuts were like a party in my mouth.",4.55,4905,1,1,0,0,1
aaEx0y7xLLME9ySBn6wxkQ,CCr9HunU1bjXRhcJiLNtpg,Z4ERIzhdyduAew1O5KUvXw,5,The best Indian food I have ever had the honor to taste. It was very delicious and made my night. Had a very traditional feel and nice outdoor dining.,5.0,2497,0,2,0,0,0
skKUo8hXz8oEz_mmd3xXgw,DY9BeeZ2vKHCUIdL91ds0A,JtpA1yIpBQdhlXA9ZVOpHw,9,Rick is an honest and very knowledgeable technician.  I trust him with my vehicles and he has never let me down.  Highly recommend!,5.0,3967,4,0,0,0,1
w6fWLEbhHJemHSznpWNiMA,77Z2f71fyLiKNvBzGN6KBw,04WeiTVNEnhMa4Ty5bpfZA,2,El servicio al cliente bien Malo se demoran una eternidad y apenas hablan contigo . Nunca más volveré a ese lugar,1.0,3772,0,0,0,0,0
l0B_gVux8anRIk-vw2XUFA,BoN4dY-xHPezNLhxiB32Fw,IC4r-CreIIONpsXIrvtGJg,8,I ordered a cold brew coffee. Instead I got a tiny bit of coffee and like a cup of half and half. I don't think the employee knew what he was doing.,3.88,3337,2,0,0,0,1
WD7KxDUFT4S3DQ7AbYtaWw,39bdjK2D_qsuMBD2oXb0Yw,nRHxGEJa39O4y_eqbuZsKQ,3,"I loooove it here always satisfies my cravings 10/10 recommend !! 
My favorite is the coctel de elote",5.0,1982,0,0,0,0,0
cYOQpTqhWA8sNwmyShsVqA,oRhadNRLAZRBSvk5u6gKhw,jz_ju6uhi7_2T8IjCSk8dw,94,The sauce in the spaghetti and meatballs has a weird consistency and a bad taste. They need a new sauce badly.,2.9,5555,212,69,48,9,0
KCSaOtUMb7PnxxDXxROLUA,jMuxvfGtrkHSOwDe5YjSbg,8CSdj8LF593qwMcduzHglQ,119,"This place is just amazing! Great ambiance, reasonably priced, cozy, romantic. It is great for dinner dates, or business meetings or juts plain going out and treating yourself for pure fun....bottom line, you will not go wrong here.

Do not pass on the opportunity to eat dinner here, you will love it.",3.41,5811,238,134,78,4,0
TJSUYJ2EwVAkQCqD14z4eA,8ogiKDYfLQ_7R3E_bL_Y3g,oo54fNfXC7IkxwpeoPE15w,13,"You get to choose what meats you would like to have, tortillas are delicious, rice is delicious, beans are delicious everything is delicious!!! I recommend the avocado Chile sauce. This place is the cleanest local Mexican restaurant in this city! Plus the 7 dollar baby sized burrito fills you up all day.",4.23,3972,4,1,2,0,0
oZjgVmwneXm3-07kZhmHOg,hgk6hlaIzwOyDfD5iN7wbw,XMnh6RVeJU71O7iWqX65dg,23,"I only got my eyebrows waxed but wow! Core took great care of me. She spent a lot of time, waxing, trimming and making sure everything was perfect. 

When I found out it was just $8 I was shocked. I also saw a gentleman getting his beard trimmed and the detail there was the same. Hope to go back for a haircut while I'm in town.",3.92,4724,13,2,1,1,1
fSefQQ3QUGcja8lcGtBViw,WbMDTGPS62QHNR0_lNYmXg,yq4dvs0KjYGO5N5I-oMfYw,10,"Very fast service for Carry out. Always Hot and fresh!
Great Chinese Food! This is my go to place, love the fried Scallops and the Crab Rangoon is great.",1.74,2414,5,2,0,0,0
P_tjY7ttYKBWU4INfoEYFw,gLHcnFgDibtDMmXVPakIlw,dM2LrfuOqlRHdRKI_FFwCg,2,"3 times I've gotten bad chicken and once I got moldy bacon. Yes, moldy bacon. The meat and seafood at this place are not handled properly.",1.33,4901,6,0,0,0,1
7GStruaqz1MWETL_nemvbA,fUwuhqjgKNUkly4dFv7mSg,Ug4NowBgKzrB6LFCQSOVjA,6,"Props to you guys for delivering me my breakfast, lunch, and dinner during the ice storm tomorrow, at 4:43 a.m. In the sleet!!!!the best!!!",4.33,3629,3,2,1,0,0
iZSw46Wti0kX4M8jLerg0Q,hvq-JcHpFicGkp7peRlNfA,vMp55ea__Pk0fYbBDCn6jg,1,they do not answer their store phone and it's soooo annoying!!!!!! i called the store almost 20 times to speak with the manager and even waited until better hours to call and they still never answered!!! what kind of store in 2020 does not answer their phone !?,1.0,1836,0,0,0,0,0
qrpxDTl8DgbV9pHVQp_0kQ,aaBl0qUvxW0WiYv6-w6TBA,fE0Du-p-2mHJKFp6aVch7g,3,To the gentleman who gave us a free frosty thank you.  This employee didn't have to but we appreciate it.,5.0,5237,0,0,1,0,1
HPaa2-dGnLsFX-6K9YNq1w,MXwgyRhKU1Z-FoHnfvKfrA,lJj8PCFTYIsYwSoy3G57HA,33,How anyone who has been here in the past year and hasn't been completely satisfied is doltish.,3.34,5602,66,40,43,9,0
JV-kyhotO3XpH8WJXZIxZw,lP7Z8LHoKyd78rF9YuiWHw,JLixvCikc5JYGcnvaqHoJg,3,"Ask Taylor for the craft cocktail the HE is working on...yes.  No, oh hell yeah!  Tje nand jere is amazing!",5.0,3952,1,0,1,1,0
3xVy8QOssFZuFLzhIvFmBw,uRiLUgHzpNTQxGTq_wCduA,hftnzIIZaq7Uip5bKRrY9Q,149,"friendliest staff evah! (w/ 1 exception lol). 
outdoor seating in the sun and w/ street noise.
wifi weak outside.",3.76,5080,206,80,83,4,1
kwZwy3iVzK_B1Yd0ykEQrA,IueHntdaaohXh9pp5DdlwQ,PfmbhnCC7nrcvD6QBMEDhQ,33,"The coffee was made with little to no care at all. I
The attitude from the employees there is basic. You'll be lucky to get any eye contact whatsoever. The coffee was so hot that the cup it came in was becoming flimsy. It's just not a pleasant experience 
 And at the prices they charge...",4.3,2993,4,0,1,0,0
DR4G-M665dw5W9zOGbJ1_Q,DOaItiNuN9X4kHRjhpDBxQ,hJhqAfuv2n6W6DUwhVjaIw,1,"Food is ok. Service is bad and owner is so rude, not professional. Terrible experience",1.0,3075,1,0,0,0,0
yxj-7Xs0m_L0YpE0_HZ-bw,TL46NE1kjlMEL5lz6Andyg,IXyGZtmODsQZ2qfVzsd_eA,1,"Idk why this place is up and running. Worst employees ever, young man on headset ranting about life ain't fair and cursing a storm. I get it not in the best spot of the city, make a change. Add some decent people to the staff man, I'm sure there's others dying for their jobs.",1.0,2079,0,0,0,0,1
cCja5S8td7dJnZFJdElffw,TkexVqkfij7plf1Wn16_Vg,N5bMAjQ_zObOcIFoTc6YwA,10,I love Minami! Great sushi there! Bento Boxes are great too!  Plus Mito is a very nice person!,4.74,5190,0,2,0,0,1
iHLU3Dzi1nJO2rKMAuNE7A,ZdTth-ARfmKRFIi2ScaKuA,EXYbKA1tocvOK_1tXxZXLA,5,This is by far the best sushi in Santa Barbara. This is worth it. Delicious sushi and meals. As well as great serving and prices!!!,4.2,2708,1,0,0,0,0
tsFl_M9ZXiCtstj5pMwAIw,zKE1Y72U9EPcQdG-oT3YsQ,Q1wTWAhOaoOZQRiGeL6N7g,4,"This place is pretty bad. Had the duck rice and it came out like reheated old food.

We also ordered the small steamed buns, they seem to just be store bought ones - also did not have the appropriate vinegar dip. 

Probably better food from Panda Express....",3.0,3472,3,0,0,0,1
fOJPdPbg-yVnV2yI8T7K-g,B21et4w7myEk70oKJXHbCA,QdfEux5qFUDDbnxUzGJR4Q,13,"This ice cream shop has a very good quality product yet the workers are not organized you don't know where the line begins to order the place is messy, it's not clean there's no trash cans to put the trash outside the store the glass doors are dirty -If  this issues were addressed I'd give it a 4+",2.31,2794,2,0,1,0,0
tUWhES3SkrSMtuJ9WWrMdg,dq8X0XQ-N8my2rSjWQOPdw,z_rrWRB6vlsK3fGP3BcmBw,63,"Former member - go anywhere else, because they do not do business ethically. Their cancellation policy is not honest and they hit you with at least two extra months of billing. 12 months after I canceled, I've asked repeatedly to be removed from their email lists and they refuse.",1.82,4470,269,54,26,2,1
H98nylDyfiwKANlcZTmj3g,pg6vEsvaduozvpadA_IH-A,AzseSGgDC6bVtMPEYo1CNQ,85,Loved the ice cream! My personal favorite was the Cafe Au Lait. Very generous scoops and the whole place smelled amazing!,3.67,5379,186,69,66,17,1
E1IP6hXQKO1HIGltdjVkug,p2EDlpTnhPiCIkQVrSuGLw,q0Q-ohZp8iV9OY-gkNPPwg,12,"Finally Brandon has a great Italian restaurant that is inviting yet affordable! The atmosphere and service are great. Lighting is romantic, cozy and staff is knowledgable and attentive. The food is amazing. First visit ordered the veal parm - best I've had! We will be back.",4.08,4716,23,2,4,0,0
cEKBdOzcu-AmombwJ9tk7Q,fI5t-LRLDA5MyLLaMsA4qQ,7c8jWhbbJ4jcHCeXK2u5ng,51,"The wifi RARELY works and most of the machines (bike, treadmills, ellipticals, cybex's) are frequently in need of maintenance. For instance, right now all four bikes are having major pedal problems. 

But it's only $10/$20 a month, the staff are all very nice, and it's close to my house and work.",3.59,3694,60,11,12,1,1
oN-T4YtSus5AS1Rq4GMDTw,9AQ3mHdz711kJ8da8xplPQ,5YRHE2foNVmv1n8VIJcb-A,1,Great deals and great fresh sushi! Private booths are adorable. Very affordable prices!,5.0,1765,0,0,0,0,0
e6BdSsHYKdfJgKrkjhHxBA,aRwhRkK8oozpi4FcGgptXA,YmF6Bh0MkjW5qci5KI6D2Q,7,"Great place, great atmosphere, very friendly staff, looking forward to going back soon!",2.14,3329,4,2,0,0,0
wgkmN7rblMt4f0ptpfr3tA,RCZgs3gVWICpVC0C2ViIsQ,a_gAQfVy9Op95AGdZ7PFXA,7,"Overpriced, smelled like sewage, sloppy burgers
BUT
The food was hot and tasted good and was super close to the beach",4.5,1972,1,0,0,0,1
qVjlqt5TvQxHhL9EXpGelA,XzpJ4uHkxARCFQiZ9bffyg,keUhpEkOexP5oVTuNrqoLA,1470,"Service was friendly enough but was told by my beer drinking friends that I definitely overpaid here for the Sam Adams 1/2 case that I bought.   Service was fine, parking is easy, and the location is convenient.   Be more informed about the prices here, if you are counting your pennies.",3.65,5060,2398,352,690,26,1
1Kf-fCcAsniQ0oAOGp9gLA,rae3XnBTKX6ANvWZ6i8Y4A,DI91i-CosaVY8h_fXgJDFQ,386,"Cake here for me and daughters vision exams and had a wonderful experience. 
The doctor was and very informative.
Nikee the store manager was so helpful and friendly.

I made her aware of my budget and she was totally understanding and she made sure I saved money.",4.46,5858,334,96,219,27,1
BwUvnR2ZkSDaAStdxuc2ng,RpGVFiAlPy8l5bo-h1wtAA,VpqcLFGASg6mB1PK5KqcpQ,7,The worker handling the doughnuts isn't wearing a mask properly and is not wearing gloves at all. Highly unsafe- do not recommend using this location,2.14,2256,1,0,1,0,1
yyxcwTidnZseKK-ZlknRSQ,iBQycIlX2z0dFczgnOhfZA,7RTR7uHWpKl8oeKEc9iSQw,2,"Bad service, the manager and staff where rude and uncooperative. There's better hotels for the same price.",3.0,5199,0,0,0,0,1
78CkRZ7RTAzHSWj8T6Cwfg,PzKx-e5Prx-OiSOImGhnVg,_FQ-nrR--8Q1O1sYxefNug,6,"I'd love to give a 3 1/2 Star. Really pleasant staff, very accommodating and friendly.  Food was good.",4.14,3481,0,0,0,0,1
syZh9BnMufQ1pb97ieZs4Q,gQsVpsaCUekRn6cirzI9Pw,-0jzoPt3UeXn6FUXVQvyPg,5,Good Morning Boise!   What a great way to start the day!  Thank you Tammy!!!  You exceeded my expectations!!!yummmmmm-eeeee,2.6,4748,8,3,2,0,0
MHZf8qpl7B2ZO1Y2G35njA,qjLbBOAVfv6UXeFeZ0OPIw,Sa3vkbtDiDuQQxLfWKudXw,21,"I've been coming here for a few years now, and I live  in St. Petersburg, the drive is worth it. Dr. G definitely goes above and beyond. This place is great. Doesn't really have a great selection, of frames, so I've just upgraded my lenses each time. So the exam itself is the most important part for me.",4.43,3330,7,1,3,0,1
